<?xml version="1.0" encoding="utf-8"?>
<COLLADA xmlns="http://www.collada.org/2005/11/COLLADASchema" version="1.4.1" xmlns:xsi="http://www.w3.org/2001/XMLSchema-instance">
  <asset>
    <contributor>
      <author>Blender User</author>
      <authoring_tool>Blender 2.93.3 commit date:2021-08-17, commit time:18:30, hash:8b80d19f3641</authoring_tool>
    </contributor>
    <created>2021-08-30T11:42:42</created>
    <modified>2021-08-30T11:42:42</modified>
    <unit name="meter" meter="1"/>
    <up_axis>Z_UP</up_axis>
  </asset>
  <library_effects>
    <effect id="Lun-effect">
      <profile_COMMON>
        <newparam sid="LUN_Base_Color_1_png-surface">
          <surface type="2D">
            <init_from>LUN_Base_Color_1_png</init_from>
          </surface>
        </newparam>
        <newparam sid="LUN_Base_Color_1_png-sampler">
          <sampler2D>
            <source>LUN_Base_Color_1_png-surface</source>
          </sampler2D>
        </newparam>
        <technique sid="common">
          <lambert>
            <emission>
              <color sid="emission">0 0 0 1</color>
            </emission>
            <diffuse>
              <texture texture="LUN_Base_Color_1_png-sampler" texcoord="UV0"/>
            </diffuse>
            <reflectivity>
              <float sid="specular">1</float>
            </reflectivity>
            <index_of_refraction>
              <float sid="ior">1.45</float>
            </index_of_refraction>
          </lambert>
        </technique>
      </profile_COMMON>
    </effect>
    <effect id="SOMRTHING-effect">
      <profile_COMMON>
        <newparam sid="SOMETHING_Base_Color_png-surface">
          <surface type="2D">
            <init_from>SOMETHING_Base_Color_png</init_from>
          </surface>
        </newparam>
        <newparam sid="SOMETHING_Base_Color_png-sampler">
          <sampler2D>
            <source>SOMETHING_Base_Color_png-surface</source>
          </sampler2D>
        </newparam>
        <technique sid="common">
          <lambert>
            <emission>
              <color sid="emission">0 0 0 1</color>
            </emission>
            <diffuse>
              <texture texture="SOMETHING_Base_Color_png-sampler" texcoord="UV0"/>
            </diffuse>
            <reflectivity>
              <float sid="specular">1</float>
            </reflectivity>
            <index_of_refraction>
              <float sid="ior">1.45</float>
            </index_of_refraction>
          </lambert>
        </technique>
      </profile_COMMON>
    </effect>
  </library_effects>
  <library_images>
    <image id="LUN_Base_Color_1_png" name="LUN_Base_Color_1_png">
      <init_from>LUN_Base_Color%201.png</init_from>
    </image>
    <image id="SOMETHING_Base_Color_png" name="SOMETHING_Base_Color_png">
      <init_from>SOMETHING_Base_Color.png</init_from>
    </image>
  </library_images>
  <library_materials>
    <material id="Lun-material" name="Lun">
      <instance_effect url="#Lun-effect"/>
    </material>
    <material id="SOMRTHING-material" name="SOMRTHING">
      <instance_effect url="#SOMRTHING-effect"/>
    </material>
  </library_materials>
  <library_geometries>
    <geometry id="Wheel_Rubber_Sleeve_03-mesh" name="Wheel Rubber Sleeve_03">
      <mesh>
        <source id="Wheel_Rubber_Sleeve_03-mesh-positions">
          <float_array id="Wheel_Rubber_Sleeve_03-mesh-positions-array" count="5886">0.03954309 0.009900271 -0.003148496 0.04791998 0.01160573 -0.009820759 0.04539006 0.008580863 -0.004957497 0.03875595 0.01726919 -0.01106625 0.03622609 0.01424455 -0.006202757 0.04460263 0.01594924 -0.01287573 0.04272544 0.01169067 -0.01828688 0.04791998 0.01160573 -0.009820759 0.04460263 0.01594924 -0.01287573 0.04678064 0.006379902 -0.01455277 0.04539006 0.008580863 -0.004957497 0.03915798 0.004258334 -0.02561104 0.04368871 0.002683997 -0.008605539 0.03954309 0.009900271 -0.003148496 0.04356586 -0.001515388 -0.0215525 0.03505355 -0.003814518 -0.03189736 0.03654211 0.004299819 -0.006391584 0.03622609 0.01424455 -0.006202757 0.03910845 -0.009126007 -0.02816385 0.03205257 -0.009414911 -0.03514045 0.03536951 -0.01375925 -0.03208619 0.04020541 -0.005531668 -0.01508641 0.03601658 -0.01282173 -0.02221643 0.03283971 -0.01678383 -0.02722269 0.03248721 0.009611308 -0.0101251 0.03875595 0.01726919 -0.01106625 0.03243768 -0.003773033 -0.01267784 0.02887016 -0.01120531 -0.020002 0.02699303 -0.01546394 -0.02541321 0.03557902 0.01330703 -0.01607245 0.04460263 0.01594924 -0.01287573 0.04272544 0.01169067 -0.01828688 0.02802979 0.002000689 -0.01673644 0.02481496 -0.005894601 -0.02373617 0.02367568 -0.01112043 -0.02846813 0.03139019 0.006017029 -0.02320253 0.03915798 0.004258334 -0.02561104 0.02790689 -0.002198636 -0.02968335 0.02620559 -0.008095562 -0.03333145 0.03505355 -0.003814518 -0.03189736 0.03205257 -0.009414911 -0.03514045 0.03536951 -0.01375925 -0.03208619 0.02699303 -0.01546394 -0.02541321 0.03283971 -0.01678383 -0.02722269 0.02620559 -0.008095562 -0.03333145 0.03205257 -0.009414911 -0.03514045 0.02367568 -0.01112043 -0.02846813 0.03571081 0.009900271 0.01703226 0.04629606 0.01160573 0.01540589 0.04168361 0.008580863 0.01836854 0.03896301 0.01726919 0.009770512 0.03435057 0.01424455 0.01273339 0.04493576 0.0159493 0.01110625 0.0459963 0.01169067 0.005477726 0.04629606 0.01160573 0.01540589 0.04493576 0.0159493 0.01110625 0.04765927 0.006379902 0.01073348 0.04168361 0.008580863 0.01836854 0.04654085 0.004258394 -0.002650797 0.04202044 0.002683997 0.01435738 0.03571081 0.009900271 0.01703226 0.0483486 -0.001515388 0.003061711 0.04610365 -0.003814518 -0.0101456 0.03471863 0.004299819 0.0127266 0.03435057 0.01424455 0.01273339 0.04776662 -0.009125947 -0.004890561 0.04511141 -0.009414911 -0.01445132 0.04647171 -0.01375919 -0.01015245 0.04221892 -0.005531668 0.007002472 0.04212778 -0.01282173 -0.001266479 0.04185926 -0.01678383 -0.007189512 0.0330556 0.009611308 0.007471561 0.03896301 0.01726919 0.009770512 0.03428137 -0.003772974 0.005231738 0.03482592 -0.01120531 -0.002896726 0.03588646 -0.01546388 -0.008525252 0.03869444 0.01330703 0.00384742 0.04493576 0.0159493 0.01110625 0.0459963 0.01169067 0.005477726 0.03247368 0.002000749 -4.80764e-4 0.03316295 -0.005894601 -0.008152484 0.03452622 -0.01112037 -0.01282489 0.03860336 0.006017029 -0.004421472 0.04654085 0.004258394 -0.002650797 0.03880184 -0.002198636 -0.01177644 0.03913861 -0.008095562 -0.0157876 0.04610365 -0.003814518 -0.0101456 0.04511141 -0.009414911 -0.01445132 0.04647171 -0.01375919 -0.01015245 0.03588646 -0.01546388 -0.008525252 0.04185926 -0.01678383 -0.007189512 0.03913861 -0.008095562 -0.0157876 0.04511141 -0.009414911 -0.01445132 0.03452622 -0.01112037 -0.01282489 0.02218341 0.009900212 0.03275704 0.03215682 0.01160567 0.03665876 0.02668052 0.008580803 0.03690862 0.02863907 0.01726913 0.02810567 0.02316266 0.01424449 0.02835565 0.03313642 0.01594918 0.03225678 0.03687679 0.01169061 0.02791923 0.03215682 0.01160567 0.03665876 0.03313642 0.01594918 0.03225678 0.03567957 0.006379842 0.03330022 0.02668052 0.008580803 0.03690862 0.04142463 0.004258275 0.02115994 0.02898365 0.002683877 0.03360736 0.02218341 0.009900212 0.03275704 0.04012352 -0.001515448 0.02700877 0.04480522 -0.003814578 0.01445662 0.02348446 0.004299759 0.02853441 0.02316266 0.01424449 0.02835565 0.04360836 -0.009126067 0.01983696 0.04610627 -0.00941497 0.01023393 0.04512703 -0.01375931 0.01463526 0.03284406 -0.005531728 0.0273438 0.03691238 -0.01282179 0.02014428 0.03965061 -0.01678389 0.0148853 0.02468132 0.009611248 0.02315402 0.02863907 0.01726913 0.02810567 0.02686506 -0.003773093 0.02183103 0.03141289 -0.01120537 0.01507174 0.03515326 -0.015464 0.0107342 0.03137731 0.01330697 0.02284669 0.03313642 0.01594918 0.03225678 0.03687679 0.01169061 0.02791923 0.02816617 0.002000689 0.01598221 0.03261011 -0.00589466 0.009690761 0.03613287 -0.01112043 0.006332159 0.03544563 0.006016969 0.01564717 0.04142463 0.004258275 0.02115994 0.03930604 -0.002198696 0.009383618 0.04160916 -0.008095622 0.006082355 0.04480522 -0.003814578 0.01445662 0.04610627 -0.00941497 0.01023393 0.04512703 -0.01375931 0.01463526 0.03515326 -0.015464 0.0107342 0.03965061 -0.01678389 0.0148853 0.04160916 -0.008095622 0.006082355 0.04610627 -0.00941497 0.01023393 0.03613287 -0.01112043 0.006332159 0.002764344 0.009900152 0.03956401 0.009471654 0.01160567 0.04791295 0.004597783 0.008580803 0.04540336 0.0106787 0.01726913 0.03874379 0.005804657 0.01424449 0.03623431 0.01251262 0.01594918 0.04458284 0.0179159 0.01169055 0.042683 0.009471654 0.01160567 0.04791295 0.01251262 0.01594918 0.04458284 0.01419878 0.006379842 0.04675382 0.004597783 0.008580803 0.04540336 0.02522504 0.004258275 0.03908485 0.008238673 0.002683877 0.0436868 0.002764344 0.009900152 0.03956401 0.02118498 -0.001515507 0.04350966 0.03149414 -0.003814637 0.03495419 0.005994796 0.004299759 0.0365495 0.005804657 0.01424449 0.03623431 0.02777761 -0.009126067 0.03902459 0.03472459 -0.00941503 0.03193962 0.03168427 -0.01375931 0.03526932 0.01470488 -0.005531787 0.04017639 0.02181732 -0.01282179 0.03595769 0.02681022 -0.01678395 0.0327599 0.009711265 0.009611248 0.03247904 0.0106787 0.01726913 0.03874379 0.01226383 -0.003773093 0.03241872 0.01957297 -0.01120537 0.02882063 0.02497631 -0.015464 0.02692079 0.01567155 0.01330697 0.03554594 0.01251262 0.01594918 0.04458284 0.0179159 0.01169055 0.042683 0.01630395 0.002000629 0.02799397 0.02329009 -0.00589466 0.02474981 0.02801728 -0.01112049 0.02359068 0.02278405 0.006016969 0.03132724 0.02522504 0.004258275 0.03908485 0.0292502 -0.002198755 0.02781683 0.03289115 -0.008095622 0.02610021 0.03149414 -0.003814637 0.03495419 0.03472459 -0.00941503 0.03193962 0.03168427 -0.01375931 0.03526932 0.02497631 -0.015464 0.02692079 0.02681022 -0.01678395 0.0327599 0.03289115 -0.008095622 0.02610021 0.03472459 -0.00941503 0.03193962 0.02801728 -0.01112049 0.02359068 -0.01746606 0.009900152 0.03580027 -0.0158053 0.01160562 0.04638016 -0.01878291 0.008580803 0.04177731 -0.01019376 0.01726907 0.03902882 -0.01317161 0.01424449 0.03442603 -0.01151007 0.01594918 0.04500591 -0.00587815 0.01169055 0.0460481 -0.0158053 0.01160562 0.04638016 -0.01151007 0.01594918 0.04500591 -0.01112848 0.006379783 0.04772818 -0.01878291 0.008580803 0.04177731 0.002252101 0.004258275 0.04656618 -0.01477068 0.002683877 0.04210114 -0.01746606 0.009900152 0.03580027 -0.003454506 -0.001515507 0.04839247 0.009745478 -0.003814637 0.0461046 -0.01316362 0.004299759 0.03479403 -0.01317161 0.01424449 0.03442603 0.004495859 -0.009126126 0.04778468 0.01404792 -0.00941503 0.04509836 0.009753465 -0.01375931 0.0464726 -0.007415175 -0.005531787 0.04227566 8.53464e-4 -0.01282179 0.04215764 0.006775617 -0.01678395 0.04186981 -0.007914006 0.009611248 0.03311395 -0.01019376 0.01726907 0.03902882 -0.005670249 -0.003773093 0.03433239 0.002459943 -0.01120543 0.03485053 0.008091926 -0.015464 0.03589272 -0.004271626 0.01330697 0.03874099 -0.01151007 0.01594918 0.04500591 -0.00587815 0.01169055 0.0460481 3.63553e-5 0.002000629 0.03250616 0.007710278 -0.00589466 0.03317046 0.01238709 -0.01112049 0.03451848 0.003996968 0.006016969 0.03862303 0.002252101 0.004258275 0.04656618 0.01135253 -0.002198755 0.03879755 0.01536476 -0.008095681 0.03912127 0.009745478 -0.003814637 0.0461046 0.01404792 -0.00941503 0.04509836 0.009753465 -0.01375931 0.0464726 0.008091926 -0.015464 0.03589272 0.006775617 -0.01678395 0.04186981 0.01536476 -0.008095681 0.03912127 0.01404792 -0.00941503 0.04509836 0.01238709 -0.01112049 0.03451848 -0.03313779 0.009900152 0.02246481 -0.03696435 0.01160562 0.0324673 -0.0372554 0.008580803 0.02699303 -0.02843797 0.01726907 0.02888524 -0.0287292 0.01424449 0.02341085 -0.0325551 0.01594918 0.0334137 -0.02818948 0.01169055 0.03712129 -0.03696435 0.01160562 0.0324673 -0.0325551 0.01594918 0.0334137 -0.03357934 0.006379783 0.0359646 -0.0372554 0.008580803 0.02699303 -0.02139616 0.004258215 0.0416181 -0.03393685 0.002683877 0.02927124 -0.03313779 0.009900152 0.02246481 -0.02725458 -0.001515507 0.0403611 -0.01466757 -0.003814637 0.04494816 -0.02890551 0.004299759 0.02373403 -0.0287292 0.01424449 0.02341085 -0.02005678 -0.009126126 0.04379183 -0.01043522 -0.00941503 0.04621732 -0.01484382 -0.01375937 0.04527127 -0.02764445 -0.005531787 0.03308439 -0.02041453 -0.01282185 0.03709834 -0.01513504 -0.01678395 0.03979688 -0.02351623 0.009611248 0.0248903 -0.02843797 0.01726907 0.02888524 -0.02217686 -0.003773093 0.02706402 -0.01538354 -0.01120543 0.03156083 -0.01101791 -0.015464 0.03526842 -0.02315849 0.01330697 0.03158378 -0.0325551 0.01594918 0.0334137 -0.02818948 0.01169055 0.03712129 -0.01631844 0.002000629 0.02832102 -0.009993672 -0.00589466 0.03271752 -0.006608664 -0.01112049 0.03621482 -0.01592856 0.00601691 0.0355978 -0.02139616 0.004258215 0.0416181 -0.009636104 -0.002198755 0.03941088 -0.006317555 -0.008095681 0.04168909 -0.01466757 -0.003814637 0.04494816 -0.01043522 -0.00941503 0.04621732 -0.01484382 -0.01375937 0.04527127 -0.01101791 -0.015464 0.03526842 -0.01513504 -0.01678395 0.03979688 -0.006317555 -0.008095681 0.04168909 -0.01043522 -0.00941503 0.04621732 -0.006608664 -0.01112049 0.03621482 -0.04009085 0.009900152 0.003097534 -0.04838901 0.01160562 0.009867489 -0.04591619 0.008580803 0.004974901 -0.03921097 0.01726907 0.01100546 -0.03673833 0.01424449 0.006112694 -0.04503607 0.01594918 0.0128833 -0.04309564 0.01169055 0.01827216 -0.04838901 0.01160562 0.009867489 -0.04503607 0.01594918 0.0128833 -0.0471943 0.006379783 0.01458579 -0.04591619 0.008580803 0.004974901 -0.03944253 0.004258215 0.025554 -0.04417228 0.002683877 0.008602738 -0.04009085 0.009900152 0.003097534 -0.04389768 -0.001515507 0.02154737 -0.03526479 -0.003814637 0.03179174 -0.03705209 0.004299759 0.006305217 -0.03673833 0.01424449 0.006112694 -0.03936308 -0.009126126 0.02810597 -0.03222596 -0.00941503 0.03499943 -0.03557848 -0.01375937 0.03198426 -0.04061323 -0.005531787 0.0150423 -0.03634113 -0.01282185 0.0221228 -0.03310579 -0.01678395 0.02709144 -0.03295373 0.009611248 0.00999093 -0.03921097 0.01726907 0.01100546 -0.03287422 -0.003773093 0.01254296 -0.02922117 -0.01120543 0.01982474 -0.02728074 -0.015464 0.02521359 -0.03597563 0.01330697 0.0159741 -0.04503607 0.01594918 0.0128833 -0.04309564 0.01169055 0.01827216 -0.02841913 0.002000629 0.01654958 -0.02512246 -0.00589466 0.02351117 -0.0239278 -0.01112049 0.02822947 -0.03170353 0.00601691 0.02305459 -0.03944253 0.004258215 0.025554 -0.02814453 -0.002198755 0.02949416 -0.02640056 -0.008095681 0.03312206 -0.03526479 -0.003814637 0.03179174 -0.03222596 -0.00941503 0.03499943 -0.03557848 -0.01375937 0.03198426 -0.02728074 -0.015464 0.02521359 -0.03310579 -0.01678395 0.02709144 -0.02640056 -0.008095681 0.03312206 -0.03222596 -0.00941503 0.03499943 -0.0239278 -0.01112049 0.02822947 -0.03647953 0.009900152 -0.01716065 -0.0470466 0.01160567 -0.01542025 -0.04246634 0.008580803 -0.01843249 -0.03965324 0.01726913 -0.009864211 -0.03507298 0.01424449 -0.01287668 -0.04564005 0.01594918 -0.01113551 -0.0466398 0.01169055 -0.005495905 -0.0470466 0.01160567 -0.01542025 -0.04564005 0.01594918 -0.01113551 -0.04835933 0.006379842 -0.01073342 -0.04246634 0.008580803 -0.01843249 -0.04709666 0.004258215 0.002638041 -0.04275989 0.002683877 -0.01441794 -0.03647953 0.009900152 -0.01716065 -0.04896587 -0.001515507 -0.003054678 -0.0465787 -0.003814637 0.01012772 -0.03544092 0.004299759 -0.0128659 -0.03507298 0.01424449 -0.01287668 -0.04829818 -0.009126126 0.004890859 -0.04554009 -0.00941503 0.01442241 -0.04694658 -0.01375937 0.01013845 -0.04287904 -0.005531787 -0.007061302 -0.04269874 -0.01282179 0.001206159 -0.04236632 -0.01678395 0.007125973 -0.03372138 0.009611248 -0.007629096 -0.03965324 0.01726913 -0.009864211 -0.03492289 -0.003773093 -0.005376279 -0.03537976 -0.01120543 0.002757668 -0.03637951 -0.015464 0.008397281 -0.03932082 0.01330697 -0.003944396 -0.04564005 0.01594918 -0.01113551 -0.0466398 0.01169055 -0.005495905 -0.03305369 0.002000629 3.16461e-4 -0.03366023 -0.00589466 0.007995188 -0.03497296 -0.01112049 0.01268202 -0.03914058 0.00601691 0.004323005 -0.04709666 0.004258215 0.002638041 -0.03925967 -0.002198755 0.0116797 -0.03955322 -0.008095681 0.01569426 -0.0465787 -0.003814637 0.01012772 -0.04554009 -0.00941503 0.01442241 -0.04694658 -0.01375937 0.01013845 -0.03637951 -0.015464 0.008397281 -0.04236632 -0.01678395 0.007125973 -0.03955322 -0.008095681 0.01569426 -0.04554009 -0.00941503 0.01442241 -0.03497296 -0.01112049 0.01268202 -0.02326244 0.009900212 -0.03293234 -0.03329342 0.01160567 -0.03668349 -0.02782154 0.008580803 -0.03701573 -0.02964729 0.01726913 -0.02818429 -0.02417528 0.01424449 -0.02851676 -0.03420662 0.01594918 -0.03226721 -0.03788125 0.01169061 -0.02787381 -0.03329342 0.01160567 -0.03668349 -0.03420662 0.01594918 -0.03226721 -0.03676521 0.006379842 -0.03327226 -0.02782154 0.008580803 -0.03701573 -0.0423268 0.004258275 -0.02104687 -0.03007471 0.002683937 -0.0336802 -0.02326244 0.009900212 -0.03293234 -0.04111391 -0.001515507 -0.02691459 -0.04560607 -0.003814637 -0.01429337 -0.02449971 0.004299759 -0.02869063 -0.02417528 0.01424449 -0.02851676 -0.04449039 -0.009126067 -0.01969116 -0.04684334 -0.00941503 -0.0100516 -0.04593056 -0.01375931 -0.01446717 -0.03384035 -0.005531728 -0.02735924 -0.03779977 -0.01282179 -0.02009928 -0.0404585 -0.01678395 -0.01479965 -0.02561539 0.009611248 -0.02329277 -0.02964729 0.01726913 -0.02818429 -0.02777898 -0.003773093 -0.02193707 -0.03222447 -0.01120537 -0.01511013 -0.03589916 -0.015464 -0.01071673 -0.03230601 0.01330697 -0.02288466 -0.03420662 0.01594918 -0.03226721 -0.03788125 0.01169061 -0.02787381 -0.02899187 0.002000689 -0.01606935 -0.03334057 -0.00589466 -0.009711682 -0.03681236 -0.01112049 -0.006300449 -0.03626543 0.006016969 -0.0156247 -0.0423268 0.004258275 -0.02104687 -0.04003113 -0.002198755 -0.009303748 -0.04228425 -0.008095681 -0.005968153 -0.04560607 -0.003814637 -0.01429337 -0.04684334 -0.00941503 -0.0100516 -0.04593056 -0.01375931 -0.01446717 -0.03589916 -0.015464 -0.01071673 -0.0404585 -0.01678395 -0.01479965 -0.04228425 -0.008095681 -0.005968153 -0.04684334 -0.00941503 -0.0100516 -0.03681236 -0.01112049 -0.006300449 -0.003175318 0.009900212 -0.04009449 -0.00984621 0.01160573 -0.04847252 -0.004983365 0.008580863 -0.04594177 -0.01109319 0.01726919 -0.03930866 -0.006230115 0.01424455 -0.03677803 -0.01290172 0.01594924 -0.0451557 -0.01831322 0.01169061 -0.04327934 -0.00984621 0.01160573 -0.04847252 -0.01290172 0.01594924 -0.0451557 -0.0145784 0.006379902 -0.04733395 -0.004983365 0.008580863 -0.04594177 -0.02563792 0.004258334 -0.03971308 -0.008631706 0.002683937 -0.04424107 -0.003175318 0.009900212 -0.04009449 -0.02157866 -0.001515448 -0.04412031 -0.0319249 -0.003814578 -0.03560972 -0.006418883 0.004299819 -0.03709405 -0.006230115 0.01424455 -0.03677803 -0.02819073 -0.009126007 -0.03966397 -0.03516846 -0.00941497 -0.03260928 -0.03211367 -0.01375925 -0.03592574 -0.01511311 -0.005531728 -0.04075884 -0.02224385 -0.01282173 -0.03657114 -0.02725058 -0.01678389 -0.03339511 -0.01015305 0.009611308 -0.0330398 -0.01109319 0.01726919 -0.03930866 -0.01270586 -0.003773033 -0.03299063 -0.02003055 -0.01120537 -0.02942442 -0.02544212 -0.01546394 -0.02754813 -0.01609992 0.01330703 -0.03613263 -0.01290172 0.01594924 -0.0451557 -0.01831322 0.01169061 -0.04327934 -0.01676517 0.002000689 -0.02858346 -0.02376538 -0.005894601 -0.02536982 -0.02849757 -0.01112043 -0.02423125 -0.02323067 0.006016969 -0.03194493 -0.02563792 0.004258334 -0.03971308 -0.02971214 -0.002198696 -0.02846276 -0.03336042 -0.008095622 -0.026762 -0.0319249 -0.003814578 -0.03560972 -0.03516846 -0.00941497 -0.03260928 -0.03211367 -0.01375925 -0.03592574 -0.02544212 -0.01546394 -0.02754813 -0.02725058 -0.01678389 -0.03339511 -0.03336042 -0.008095622 -0.026762 -0.03516846 -0.00941497 -0.03260928 -0.02849757 -0.01112043 -0.02423125 0.01713413 0.009900271 -0.03619652 0.01554757 0.01160573 -0.04678773 0.01849287 0.008580863 -0.0421642 0.009884595 0.01726919 -0.03947597 0.01283013 0.01424455 -0.03485238 0.0112428 0.01594924 -0.04544365 0.005618333 0.01169067 -0.04652535 0.01554757 0.01160573 -0.04678773 0.0112428 0.01594924 -0.04544365 0.01088029 0.006379902 -0.04816854 0.01849287 0.008580863 -0.0421642 -0.002508103 0.004258334 -0.04710042 0.01448297 0.002683997 -0.04251611 0.01713413 0.009900271 -0.03619652 0.0032112 -0.001515388 -0.04888671 -0.01000452 -0.003814518 -0.04669141 0.01282471 0.004299819 -0.0352205 0.01283013 0.01424455 -0.03485238 -0.004743218 -0.009126007 -0.04833465 -0.01431387 -0.009414911 -0.04571539 -0.01000994 -0.01375925 -0.04705947 0.007128834 -0.005531668 -0.04274225 -0.001140356 -0.01282173 -0.04268217 -0.007064402 -0.01678389 -0.04243594 0.007563471 0.009611308 -0.03357726 0.009884595 0.01726919 -0.03947597 0.005328297 -0.003773033 -0.03481143 -0.00279808 -0.01120531 -0.03538656 -0.008422553 -0.01546394 -0.03646826 0.003960609 0.01330703 -0.03922969 0.0112428 0.01594924 -0.04544365 0.005618333 0.01169067 -0.04652535 -3.90968e-4 0.002000689 -0.0330252 -0.008060038 -0.005894601 -0.03374332 -0.01272732 -0.01112043 -0.03512412 -0.004308581 0.006017029 -0.03916966 -0.002508103 0.004258334 -0.04710042 -0.01166278 -0.002198696 -0.0393958 -0.01567262 -0.008095562 -0.03974765 -0.01000452 -0.003814518 -0.04669141 -0.01431387 -0.009414911 -0.04571539 -0.01000994 -0.01375925 -0.04705947 -0.008422553 -0.01546394 -0.03646826 -0.007064402 -0.01678389 -0.04243594 -0.01567262 -0.008095562 -0.03974765 -0.01431387 -0.009414911 -0.04571539 -0.01272732 -0.01112043 -0.03512412 0.03282737 0.009900271 -0.02258127 0.03677529 0.01160579 -0.03253644 0.03699976 0.008580923 -0.02705907 0.02820593 0.01726919 -0.02905833 0.02843058 0.01424455 -0.02358084 0.03237783 0.0159493 -0.03353643 0.02805763 0.01169067 -0.03729683 0.03677529 0.01160579 -0.03253644 0.03237783 0.0159493 -0.03353643 0.03343302 0.006379961 -0.03607469 0.03699976 0.008580923 -0.02705907 0.0213195 0.004258394 -0.04187589 0.03370916 0.002683997 -0.02937746 0.03282737 0.009900271 -0.02258127 0.02716225 -0.001515388 -0.04054778 0.01463192 -0.003814518 -0.0452876 0.02861082 0.004299879 -0.02390182 0.02843058 0.01424455 -0.02358084 0.02000671 -0.009125947 -0.04406583 0.01041531 -0.009414911 -0.04660815 0.01481211 -0.01375919 -0.04560858 0.02746361 -0.005531668 -0.03326684 0.02028298 -0.01282173 -0.03736847 0.01503676 -0.01678383 -0.04013103 0.02323597 0.009611308 -0.02512353 0.02820593 0.01726919 -0.02905833 0.02192318 -0.003772974 -0.02731347 0.01518505 -0.01120531 -0.03189253 0.01086485 -0.01546388 -0.03565299 0.0229597 0.01330709 -0.03182089 0.03237783 0.0159493 -0.03353643 0.02805763 0.01169067 -0.03729683 0.01608043 0.002000749 -0.02864158 0.009809672 -0.005894601 -0.03311467 0.006467401 -0.01112037 -0.03665292 0.01577913 0.006017029 -0.03592252 0.0213195 0.004258394 -0.04187589 0.009533524 -0.002198636 -0.0398119 0.00624293 -0.008095562 -0.04213029 0.01463192 -0.003814518 -0.0452876 0.01041531 -0.009414911 -0.04660815 0.01481211 -0.01375919 -0.04560858 0.01086485 -0.01546388 -0.03565299 0.01503676 -0.01678383 -0.04013103 0.00624293 -0.008095562 -0.04213029 0.01041531 -0.009414911 -0.04660815 0.006467401 -0.01112037 -0.03665292 0.02772223 0.01655131 0.02988946 0.03151112 0.01602894 0.0329042 0.02819865 0.01710844 0.02968138 0.03094738 0.01551634 0.03291428 0.03210878 0.0129562 0.03667074 0.03147166 0.01290166 0.03625637 0.02916389 0.0104106 0.03846377 0.02890992 0.01068544 0.03779995 0.02683746 0.009269475 0.03761589 0.02695614 0.009787917 0.03707015 0.02478557 0.009551227 0.03675103 0.0250622 0.01008731 0.03628551 0.02299195 0.01081413 0.03711736 0.02327632 0.01129364 0.0365979 0.02140718 0.01223027 0.0376141 0.02164715 0.0127055 0.0370689 0.01907962 0.01375985 0.03797012 0.01933503 0.01409226 0.03733378 0.012896 0.01572626 0.03670996 0.01291692 0.01604664 0.0360189 0.009889006 0.01725548 0.03908926 0.00953108 0.0166338 0.03883224 0.01081293 0.01602894 0.0441848 0.01033085 0.01550704 0.04390943 0.009447276 0.0129562 0.04774558 0.009102702 0.01290166 0.04706811 0.006000399 0.0104106 0.04782593 0.006112337 0.01068544 0.04712408 0.004409551 0.009269475 0.04592841 0.00478518 0.009787917 0.04551517 0.003065049 0.009551227 0.04415345 0.003537356 0.01008731 0.04388862 0.001328527 0.01081413 0.04357391 0.001834511 0.01129364 0.04326623 -2.92248e-4 0.01223027 0.04321169 1.88173e-4 0.0127055 0.04285955 -0.00248599 0.01375985 0.04235631 -0.001946628 0.01409226 0.04193288 -0.007211029 0.01572626 0.03817313 -0.006729662 0.01602959 0.03766626 -0.009753346 0.01791346 0.03773266 -0.009735703 0.01731556 0.03726059 -0.01100486 0.01725548 0.03873014 -0.01115119 0.0165928 0.0383836 -0.01275247 0.01602894 0.04360496 -0.01302647 0.01548337 0.04314893 -0.01571553 0.01295626 0.04600584 -0.01567524 0.01290166 0.04524689 -0.01874083 0.0104106 0.04435205 -0.01829296 0.01068544 0.04380017 -0.01916974 0.009269475 0.04191333 -0.01863783 0.009787917 0.04174321 -0.01944667 0.009551227 0.0397039 -0.01890522 0.01008737 0.0397107 -0.02066075 0.01081413 0.03833377 -0.0200687 0.01129364 0.0383203 -0.0218833 0.01223033 0.03720963 -0.02129119 0.0127055 0.03714489 -0.02335548 0.01375985 0.03537195 -0.0226767 0.01409226 0.03527492 -0.02535593 0.01572626 0.02938669 -0.02471458 0.01603978 0.02912032 -0.02828943 0.0175206 0.02739614 -0.02814286 0.01696741 0.02689301 -0.029648 0.01710844 0.02800768 -0.02985614 0.01655131 0.02753126 -0.03287088 0.01602894 0.03132015 -0.0328809 0.01551634 0.03075641 -0.03663742 0.01295626 0.03191781 -0.03622299 0.01290166 0.03128069 -0.03843045 0.0104106 0.02897292 -0.03776663 0.01068544 0.02871894 -0.03758251 0.009269475 0.02664643 -0.03703683 0.009787917 0.0267651 -0.03671771 0.009551227 0.0245946 -0.03625214 0.01008737 0.02487123 -0.03708404 0.01081413 0.02280098 -0.03656458 0.01129364 0.02308529 -0.03758072 0.01223033 0.02121615 -0.03703558 0.0127055 0.02145618 -0.0379368 0.01375985 0.01888865 -0.03730046 0.01409226 0.01914399 -0.03667664 0.01572632 0.01270502 -0.03598558 0.01604706 0.01272052 -0.03910988 0.01721221 0.009679853 -0.03885811 0.01659494 0.009310781 -0.04415148 0.01602894 0.0106219 -0.04387706 0.01550787 0.01013833 -0.0477122 0.01295626 0.009256243 -0.0470348 0.01290166 0.008911669 -0.04779261 0.0104106 0.005809426 -0.04709076 0.01068544 0.005921363 -0.04589509 0.009269475 0.004218578 -0.0454818 0.009787917 0.004594206 -0.04412013 0.009551227 0.002874016 -0.04385524 0.01008737 0.003346383 -0.04354059 0.01081413 0.001137554 -0.04323285 0.01129364 0.001643538 -0.04317837 0.01223033 -4.83249e-4 -0.04282623 0.0127055 -2.83186e-6 -0.04232293 0.01375985 -0.002676963 -0.0418995 0.01409226 -0.00213766 -0.03813982 0.01572632 -0.007402062 -0.03763294 0.01602959 -0.006920695 0.02708399 0.01696741 0.02817618 0.02772223 0.01655131 0.02988946 0.02819865 0.01710844 0.02968138 0.02758711 0.0175206 0.02832275 0.02931129 0.01603978 0.0247479 0.02957773 0.01572626 0.02538925 0.03546595 0.01409226 0.02271002 0.03556293 0.01375985 0.0233888 0.03733587 0.0127055 0.02132451 0.03740066 0.01223027 0.02191668 0.03851127 0.01129359 0.02010202 0.03852474 0.01081413 0.02069413 0.03990173 0.01008731 0.0189386 0.03989487 0.009551227 0.01948004 0.04193425 0.009787917 0.01867115 0.0421043 0.009269475 0.01920306 0.0439912 0.01068538 0.01832628 0.04454302 0.0104106 0.01877415 0.04543793 0.01290166 0.01570862 0.04619687 0.0129562 0.01574891 0.0433399 0.01548337 0.01305979 0.043796 0.01602894 0.01278585 0.03857457 0.0165928 0.01118457 0.03892111 0.01725548 0.01103818 0.03745156 0.01731556 0.009769022 0.03792369 0.01791346 0.009786725 0.03785723 0.01602959 0.006763041 0.03836417 0.01572626 0.007244408 0.04212385 0.01409226 0.001980006 0.04254728 0.01375985 0.002519309 0.04305058 0.0127055 -1.54817e-4 0.04340267 0.01223027 3.25601e-4 0.04345721 0.01129364 -0.001801192 0.04376494 0.01081413 -0.001295208 0.0440796 0.01008731 -0.003504037 0.04434448 0.009551227 -0.003031671 0.04570615 0.009787917 -0.004751861 0.04611939 0.009269475 -0.004376232 0.04731506 0.01068538 -0.006079018 0.04801696 0.0104106 -0.00596708 0.04725915 0.01290166 -0.009069323 0.04793655 0.0129562 -0.009413897 0.0441004 0.01550704 -0.01029747 0.04437583 0.01602894 -0.01077955 0.03902322 0.0166338 -0.009497702 0.03928023 0.01725548 -0.009855628 0.03620988 0.01604664 -0.01288354 0.03690099 0.01572626 -0.01286262 0.03752475 0.01409226 -0.01930165 0.03816115 0.01375985 -0.01904624 0.03725993 0.0127055 -0.02161377 0.03780508 0.01223027 -0.0213738 0.03678888 0.01129359 -0.02324295 0.03730839 0.01081413 -0.02295857 0.03647649 0.01008731 -0.02502882 0.036942 0.009551227 -0.02475219 0.03726118 0.009787917 -0.02692276 0.03780686 0.009269475 -0.02680408 0.03799098 0.01068538 -0.0288766 0.0386548 0.0104106 -0.02913057 0.03644734 0.01290166 -0.03143829 0.03686177 0.0129562 -0.03207546 0.03310525 0.01551634 -0.030914 0.03309524 0.01602894 -0.03147774 0.03008049 0.01655131 -0.02768892 0.02987235 0.01710844 -0.02816528 0.02836716 0.01696741 -0.02705067 0.02851378 0.0175206 -0.02755373 0.02493888 0.01603978 -0.02927792 0.02558028 0.01572626 -0.02954435 0.02290099 0.01409226 -0.03543257 0.02357977 0.01375985 -0.03552961 0.02151554 0.0127055 -0.03730255 0.02210766 0.01223027 -0.03736728 0.02029305 0.01129364 -0.03847789 0.0208851 0.01081413 -0.03849142 0.01912957 0.01008731 -0.03986835 0.01967102 0.009551227 -0.03986155 0.01886212 0.009787917 -0.04190087 0.01912957 0.01008731 -0.03986835 0.01967102 0.009551227 -0.03986155 0.01939409 0.009269475 -0.04207092 0.01851725 0.01068544 -0.04395782 0.01896518 0.0104106 -0.04450964 0.01589959 0.01290166 -0.04540455 0.01593989 0.0129562 -0.04616349 0.01325082 0.01548337 -0.04330658 0.01297688 0.01602894 -0.04376262 0.01137554 0.0165928 -0.03854125 0.01122921 0.01725548 -0.03888773 0.009960055 0.01731556 -0.03741824 0.009977698 0.01791346 -0.03789031 0.006954014 0.01602959 -0.03782391 0.007435441 0.01572626 -0.03833079 0.002170979 0.01409226 -0.04209053 0.002710342 0.01375985 -0.0425139 3.61967e-5 0.0127055 -0.0430172 5.16618e-4 0.01223027 -0.04336935 -0.001610159 0.01129364 -0.04342389 -0.001104176 0.01081413 -0.04373157 -0.003313004 0.01008731 -0.04404628 -0.002840638 0.009551227 -0.0443111 -0.004560828 0.009787917 -0.04567283 -0.004185199 0.009269475 -0.04608607 -0.005887985 0.01068544 -0.04728174 -0.005776047 0.0104106 -0.04798358 -0.00887835 0.01290166 -0.04722577 -0.009222924 0.0129562 -0.04790323 -0.01010644 0.01550704 -0.04406702 -0.01058858 0.01602894 -0.04434245 -0.009306669 0.0166338 -0.0389899 -0.009664595 0.01725548 -0.03924691 -0.01269257 0.01604664 -0.03617656 -0.01267164 0.01572626 -0.03686761 -0.01911062 0.01409226 -0.03749144 -0.01885527 0.01375985 -0.03812777 -0.0214228 0.0127055 -0.03722655 -0.02118283 0.01223027 -0.0377717 -0.02305197 0.01129364 -0.03675556 -0.0227676 0.01081413 -0.03727501 -0.02483785 0.01008737 -0.03644317 -0.02456122 0.009551227 -0.03690868 -0.02673178 0.009787917 -0.0372278 -0.02661311 0.009269475 -0.03777354 -0.02868556 0.01068544 -0.0379576 -0.02893954 0.0104106 -0.03862142 -0.03124731 0.01290166 -0.03641402 -0.03188443 0.01295626 -0.03682839 -0.03072303 0.01551634 -0.03307187 -0.03128677 0.01602894 -0.03306186 -0.02749788 0.01655131 -0.03004711 -0.0279743 0.01710844 -0.02983897 -0.02685964 0.01696741 -0.02833384 -0.02736276 0.0175206 -0.02848041 -0.02908694 0.01603978 -0.02490556 -0.02935338 0.01572626 -0.0255469 -0.0352416 0.01409226 -0.02286767 -0.03533858 0.01375985 -0.02354645 -0.03711152 0.0127055 -0.02148216 -0.03717631 0.01223033 -0.02207434 -0.03828692 0.01129364 -0.02025967 -0.03830039 0.01081413 -0.02085179 -0.03967738 0.01008737 -0.01909625 -0.03967052 0.009551227 -0.0196377 -0.04170989 0.009787917 -0.0188288 -0.04187995 0.009269475 -0.01936072 -0.04376685 0.01068544 -0.01848393 -0.04431867 0.0104106 -0.0189318 -0.04521352 0.01290166 -0.01586627 -0.04597252 0.01295626 -0.01590657 -0.04311555 0.01548337 -0.01321744 -0.04357165 0.01602894 -0.0129435 -0.03835022 0.0165928 -0.01134222 -0.03869676 0.01725548 -0.01119583 -0.03722727 0.01731556 -0.009926676 -0.03769934 0.01791346 -0.009944379 -0.03763294 0.01602959 -0.006920695 -0.03813982 0.01572632 -0.007402062 -0.03843045 0.0104106 0.02897292 -0.03722071 0.01412522 0.03143835 -0.03663742 0.01295626 0.03191781 -0.03287088 0.01602894 0.03132015 -0.03911101 0.01133185 0.02816528 -0.03758251 0.009269475 0.02664643 -0.03895008 0.01085615 0.02582246 -0.04034215 0.01416122 0.0236656 -0.03671771 0.009551227 0.0245946 -0.03708404 0.01081413 0.02280098 -0.03758072 0.01223033 0.02121615 -0.0379368 0.01375985 0.01888865 -0.03916734 0.01614195 0.01944309 -0.03834462 0.01730197 0.01939517 -0.03667664 0.01572632 0.01270502 -0.03733247 0.01713305 0.01282054 -0.03910988 0.01721221 0.009679853 -0.03955072 0.01567268 0.02566182 -0.03772664 0.01498162 0.03036224 -0.03373152 0.01714003 0.03022909 -0.03443229 0.01774948 0.02896046 -0.02979385 0.01824158 0.02674621 -0.029648 0.01710844 0.02800768 -0.02828943 0.0175206 0.02739614 -0.03579354 0.01848405 0.02499336 -0.02813065 0.01925706 0.02367359 -0.02775913 0.01844537 0.02635174 -0.02586615 0.01713305 0.02981466 -0.02535593 0.01572626 0.02938669 -0.02414387 0.01614195 0.03646737 -0.02345538 0.01730197 0.03601455 -0.02305006 0.01416122 0.04071164 -0.02335548 0.01375985 0.03537195 -0.0218833 0.01223033 0.03720963 -0.02066075 0.01081413 0.03833377 -0.02500176 0.01827543 0.02948474 -0.02466917 0.01969945 0.02516615 -0.03036653 0.02009212 0.01874589 -0.02201843 0.02158993 0.0208292 -0.01989525 0.01988971 0.03073161 -0.03511065 0.0190289 0.02127277 -0.03262001 0.01988971 0.01660007 -0.02934902 0.02136141 0.009772181 -0.03641891 0.01827543 0.01296705 -0.0373063 0.01838678 0.009375572 -0.03674823 0.01894694 0.007383763 -0.03384333 0.02029836 0.005184471 -0.0391997 0.01824158 0.008199274 -0.04415148 0.01602894 0.0106219 -0.03814083 0.01934248 0.003913462 -0.04435127 0.01714003 0.009246766 -0.04797762 0.01412522 0.008549392 -0.0477122 0.01295626 0.009256243 -0.04779261 0.0104106 0.005809426 -0.04797816 0.01133185 0.004769623 -0.04589509 0.009269475 0.004218578 -0.04787772 0.01498162 0.007364511 -0.04432386 0.01774948 0.007797658 -0.04710721 0.01567268 0.002381801 -0.04679459 0.01416122 2.57328e-4 -0.04292941 0.01730197 -0.002442181 -0.04666745 0.01085615 0.002821207 -0.04412013 0.009551227 0.002874016 -0.04354059 0.01081413 0.001137554 -0.04317837 0.01223033 -4.83249e-4 -0.04232293 0.01375985 -0.002676963 -0.04351919 0.01848405 0.003681421 -0.04366582 0.01614195 -0.002812087 -0.03813982 0.01572632 -0.007402062 -0.03876549 0.01713305 -0.00762993 -0.03769934 0.01791346 -0.009944379 -0.03576421 0.02009212 2.75221e-4 -0.03709959 0.01833438 -0.01082164 -0.03869676 0.01725548 -0.01119583 -0.04106748 0.0190289 8.00835e-4 -0.0303204 0.0215435 0.001722455 -0.03657418 0.01988971 -0.00200057 -0.03804761 0.01827543 -0.007046282 -0.03368526 0.02010655 -0.008406043 -0.03712892 0.01877504 -0.01405191 -0.04357165 0.01602894 -0.0129435 -0.02989929 0.02159845 -0.006164908 -0.0331465 0.01988184 -0.01600575 -0.03049486 0.02081722 -0.01633703 -0.02485835 0.01883053 0.001017093 -0.0245139 0.01887547 -0.005434989 -0.02406376 0.01868152 0.007601916 -0.04305708 0.01714003 -0.01423436 -0.0423088 0.01774948 -0.01547557 -0.0458489 0.01412522 -0.01665145 -0.04597252 0.01295626 -0.01590657 -0.04431867 0.0104106 -0.0189318 -0.04517 0.01498162 -0.01762759 -0.04395949 0.01133185 -0.01992505 -0.04187995 0.009269475 -0.01936072 -0.04201132 0.01567268 -0.0215575 -0.04067832 0.01416122 -0.02324104 -0.03598117 0.01730197 -0.02364635 -0.04185014 0.01085615 -0.02095705 -0.03967052 0.009551227 -0.0196377 -0.03830039 0.01081413 -0.02085179 -0.03717631 0.01223033 -0.02207434 -0.03533858 0.01375985 -0.02354645 -0.03955382 0.01848405 -0.01863795 -0.03643399 0.01614195 -0.0243349 -0.02935338 0.01572626 -0.0255469 -0.03599029 0.0190289 -0.01990681 -0.02978128 0.01713305 -0.02605712 -0.02736276 0.0175206 -0.02848041 -0.03069823 0.01988971 -0.02008628 -0.02945142 0.01827543 -0.02519273 -0.02631843 0.01844537 -0.02795016 -0.02467834 0.02156233 -0.01816511 -0.01842057 0.02157109 -0.02405291 -0.02513277 0.01969945 -0.02486014 -0.02671283 0.01824158 -0.02998483 -0.0279743 0.01710844 -0.02983897 -0.03128677 0.01602894 -0.03306186 -0.02024304 0.01884591 -0.01525139 -0.02364021 0.01925706 -0.02832162 -0.01871252 0.02009212 -0.03055751 -0.01512402 0.01885306 -0.02006775 -0.03019577 0.01714003 -0.03392249 -0.02892708 0.01774948 -0.03462326 -0.03140497 0.01412522 -0.03741168 -0.03188443 0.01295626 -0.03682839 -0.02893954 0.0104106 -0.03862142 -0.03032892 0.01498162 -0.03791761 -0.0281319 0.01133185 -0.03930205 -0.02661311 0.009269475 -0.03777354 -0.02495998 0.01848405 -0.03598451 -0.0256285 0.01567268 -0.03974169 -0.02363228 0.01416122 -0.04053318 -0.01936179 0.01730191 -0.03853559 -0.02578914 0.01085615 -0.03914111 -0.02456122 0.009551227 -0.03690868 -0.0227676 0.01081413 -0.03727501 -0.02118283 0.01223027 -0.0377717 -0.01885527 0.01375985 -0.03812777 -0.01940971 0.01614195 -0.03935831 -0.01267164 0.01572626 -0.03686761 -0.01278716 0.01713305 -0.03752344 -0.009664595 0.01725548 -0.03924691 -0.02123945 0.0190289 -0.03530162 -0.01656669 0.01988971 -0.03281098 -0.009952247 0.02166241 -0.02899384 -0.01293367 0.01827538 -0.03660988 -0.009342193 0.01838678 -0.03749728 -0.008196771 0.01892781 -0.02410954 -0.007350444 0.01894694 -0.0369392 -0.005151152 0.0202983 -0.03403437 -0.008165955 0.01824158 -0.03939074 -0.01058858 0.01602894 -0.04434245 -0.003880083 0.01934248 -0.03833186 -0.009213387 0.01714003 -0.04454225 -0.008516013 0.01412522 -0.04816859 -0.009222924 0.0129562 -0.04790323 -0.005776047 0.0104106 -0.04798358 -0.004736304 0.01133185 -0.04816919 -0.004185199 0.009269475 -0.04608607 -0.007331192 0.01498156 -0.04806876 -0.007764339 0.01774948 -0.04451483 -0.002348423 0.01567268 -0.04729825 -2.23974e-4 0.01416122 -0.04698556 0.002475559 0.01730191 -0.04312038 -0.002787828 0.01085615 -0.04685842 -0.002840638 0.009551227 -0.0443111 -0.001104176 0.01081413 -0.04373157 5.16618e-4 0.01223027 -0.04336935 0.002710342 0.01375985 -0.0425139 -0.003648102 0.01848405 -0.04371017 0.002845466 0.01614195 -0.04385679 0.007435441 0.01572626 -0.03833079 0.007663309 0.01713305 -0.03895646 0.009977698 0.01791346 -0.03789031 -2.41862e-4 0.02009212 -0.03595525 0.01085501 0.01833432 -0.03729063 0.01122921 0.01725548 -0.03888773 -7.67474e-4 0.0190289 -0.04125851 -0.001624047 0.0215435 -0.03051996 0.002033889 0.01988971 -0.03676515 0.00707966 0.01827538 -0.03823858 0.008439362 0.02010655 -0.03387624 0.01408523 0.01877504 -0.03731989 0.01297688 0.01602894 -0.04376262 -0.001384079 0.01883053 -0.02535796 0.006263375 0.02159845 -0.03009891 0.01603907 0.01988184 -0.03333747 0.005068004 0.01887547 -0.02501356 0.01637035 0.02081716 -0.03068584 0.01426768 0.01714003 -0.04324805 0.01550889 0.01774948 -0.04249978 0.01668477 0.01412522 -0.04603993 0.01593989 0.0129562 -0.04616349 0.01896518 0.0104106 -0.04450964 0.01766097 0.01498156 -0.04536098 0.01995837 0.01133179 -0.04415053 0.01939409 0.009269475 -0.04207092 0.02159088 0.01567268 -0.04220235 0.02327442 0.01416122 -0.04086929 0.02367973 0.01730191 -0.03617221 0.02099043 0.01085615 -0.04204112 0.01967102 0.009551227 -0.03986155 0.0208851 0.01081413 -0.03849142 0.02210766 0.01223027 -0.03736728 0.02357977 0.01375985 -0.03552961 0.01867133 0.01848405 -0.03974479 0.02436822 0.01614195 -0.03662502 0.02558028 0.01572626 -0.02954435 0.01994019 0.0190289 -0.03618127 0.02609044 0.01713305 -0.02997225 0.02851378 0.0175206 -0.02755373 0.0201196 0.01988971 -0.03088921 0.02522605 0.01827538 -0.0296424 0.02798348 0.01844537 -0.0265094 0.01604551 0.0215159 -0.0265153 0.02415138 0.02157109 -0.01862019 0.02489352 0.01969945 -0.0253238 0.03001821 0.01824158 -0.0269038 0.02987235 0.01710844 -0.02816528 0.03309524 0.01602894 -0.03147774 0.01306998 0.01880794 -0.02208203 0.02835494 0.01925706 -0.02383124 0.03059083 0.02009212 -0.01890355 0.01970076 0.01885306 -0.01562368 0.03395581 0.01714003 -0.03038674 0.03465664 0.01774948 -0.02911806 0.03744506 0.01412522 -0.03159594 0.03686177 0.0129562 -0.03207546 0.0386548 0.0104106 -0.02913057 0.03795093 0.01498156 -0.0305199 0.03933537 0.01133179 -0.02832287 0.03780686 0.009269475 -0.02680408 0.03601789 0.01848405 -0.02515101 0.03977507 0.01567268 -0.02581948 0.0405665 0.01416122 -0.02382326 0.03856897 0.01730191 -0.01955282 0.03917443 0.01085615 -0.02598011 0.036942 0.009551227 -0.02475219 0.03730839 0.01081413 -0.02295857 0.03780508 0.01223027 -0.0213738 0.03816115 0.01375985 -0.01904624 0.03939163 0.01614195 -0.01960068 0.03690099 0.01572626 -0.01286262 0.03755676 0.01713305 -0.01297813 0.03928023 0.01725548 -0.009855628 0.035335 0.0190289 -0.02143043 0.03284436 0.01988971 -0.01675772 0.02964705 0.02136135 -0.00987333 0.03664326 0.01827538 -0.01312464 0.03753066 0.01838678 -0.009533166 0.02419638 0.01868152 -0.008468568 0.03697258 0.01894694 -0.007541418 0.03406769 0.0202983 -0.005342125 0.03942406 0.01824158 -0.008356928 0.04437583 0.01602894 -0.01077955 0.03836518 0.01934248 -0.004071116 0.04457563 0.01714003 -0.00940442 0.04820197 0.01412522 -0.008707046 0.04793655 0.0129562 -0.009413897 0.04801696 0.0104106 -0.00596708 0.04820251 0.01133179 -0.004927277 0.04611939 0.009269475 -0.004376232 0.04810208 0.01498156 -0.007522165 0.04454821 0.01774948 -0.007955312 0.04733157 0.01567268 -0.002539455 0.04701888 0.01416122 -4.14978e-4 0.0431537 0.01730191 0.002284526 0.04689174 0.01085615 -0.002978861 0.04434448 0.009551227 -0.003031671 0.04376494 0.01081413 -0.001295208 0.04340267 0.01223027 3.25601e-4 0.04254728 0.01375985 0.002519309 0.04374355 0.01848405 -0.003839075 0.04389017 0.01614195 0.002654433 0.03836417 0.01572626 0.007244408 0.03898984 0.01713305 0.007472276 0.03792369 0.01791346 0.009786725 0.03598856 0.02009212 -4.32868e-4 0.03732395 0.01833432 0.01066398 0.03892111 0.01725548 0.01103818 0.04129183 0.0190289 -9.58486e-4 0.03061842 0.0215435 -0.001823663 0.03679853 0.01988971 0.001842916 0.03827196 0.01827538 0.006888628 0.03390961 0.02010655 0.008248388 0.03735327 0.01877504 0.01389425 0.043796 0.01602894 0.01278585 0.02499097 0.01883053 -0.001883745 0.03019738 0.02159845 0.006063759 0.03337085 0.01988184 0.0158481 0.02464652 0.01887547 0.004568338 0.03071922 0.02081716 0.01617938 0.04328143 0.01714003 0.0140767 0.04253315 0.01774948 0.01531791 0.04607325 0.01412522 0.01649379 0.04619687 0.0129562 0.01574891 0.04454302 0.0104106 0.01877415 0.04539436 0.01498156 0.01746994 0.04418385 0.01133179 0.0197674 0.0421043 0.009269475 0.01920306 0.04223567 0.01567268 0.02139991 0.04090267 0.01416122 0.02308338 0.03620553 0.01730191 0.0234887 0.0420745 0.01085615 0.02079939 0.03989487 0.009551227 0.01948004 0.03852474 0.01081413 0.02069413 0.03740066 0.01223027 0.02191668 0.03556293 0.01375985 0.0233888 0.03977817 0.01848405 0.0184803 0.03665834 0.01614195 0.02417725 0.02957773 0.01572626 0.02538925 0.03621464 0.0190289 0.01974916 0.03092259 0.01988971 0.01992863 0.03000563 0.01713305 0.02589946 0.02758711 0.0175206 0.02832275 0.02967578 0.01827538 0.02503508 0.02654272 0.01844537 0.02779251 0.02661371 0.0215159 0.01584589 0.02693718 0.01824158 0.02982717 0.02819865 0.01710844 0.02968138 0.03151112 0.01602894 0.0329042 0.02535712 0.01969945 0.02470254 0.0187186 0.02157109 0.0239517 0.02386456 0.01925706 0.02816396 0.02333903 0.02160876 0.02028203 0.02171498 0.01880794 0.01257032 0.01903629 0.01888388 0.01619923 0.01893687 0.02009212 0.03039985 0.01525664 0.01885306 0.01920115 0.03042006 0.01714003 0.03376483 0.02915143 0.01774948 0.03446561 0.03162932 0.01412522 0.03725403 0.03210878 0.0129562 0.03667074 0.02916389 0.0104106 0.03846377 0.03055328 0.01498156 0.03775995 0.02835625 0.01133179 0.03914439 0.02683746 0.009269475 0.03761589 0.02518433 0.01848405 0.03582686 0.02585285 0.01567268 0.03958404 0.02385663 0.01416122 0.04037553 0.01958614 0.01730191 0.03837794 0.02601349 0.01085615 0.03898346 0.02478557 0.009551227 0.03675103 0.02299195 0.01081413 0.03711736 0.02140718 0.01223027 0.0376141 0.01907962 0.01375985 0.03797012 0.01963406 0.01614195 0.03920066 0.012896 0.01572626 0.03670996 0.01301151 0.01713305 0.03736579 0.009889006 0.01725548 0.03908926 0.02146381 0.0190289 0.03514397 0.01679104 0.01988971 0.03265333 0.01025027 0.02166241 0.02889263 0.01315802 0.01827538 0.03645229 0.009566545 0.01838678 0.03733962 0.008329331 0.01892781 0.02324289 0.007574796 0.01894694 0.03678154 0.005375504 0.0202983 0.03387671 0.008390307 0.01824158 0.03923308 0.01081293 0.01602894 0.0441848 0.004104435 0.01934248 0.03817421 0.009437739 0.01714003 0.04438459 0.008740365 0.01412522 0.048011 0.009447276 0.0129562 0.04774558 0.006000399 0.0104106 0.04782593 0.004960656 0.01133185 0.04801154 0.004409551 0.009269475 0.04592841 0.007555544 0.01498156 0.0479111 0.007988691 0.01774948 0.04435718 0.002572774 0.01567268 0.04714059 4.48334e-4 0.01416122 0.04682791 -0.002251207 0.01730191 0.04296272 0.003012239 0.01085615 0.04670077 0.003065049 0.009551227 0.04415345 0.001328527 0.01081413 0.04357391 -2.92248e-4 0.01223027 0.04321169 -0.00248599 0.01375985 0.04235631 0.003872454 0.01848405 0.04355251 -0.002621054 0.01614195 0.04369914 -0.007211029 0.01572626 0.03817313 -0.007438957 0.01713305 0.03879886 -0.009753346 0.01791346 0.03773266 4.66224e-4 0.02009212 0.03579759 -0.01063066 0.01833432 0.03713297 -0.01100486 0.01725548 0.03873014 9.91846e-4 0.0190289 0.04110085 0.00192207 0.0215435 0.03041881 -0.001809537 0.01988971 0.0366075 -0.006855309 0.01827538 0.03808099 -0.00821501 0.02010655 0.03371858 -0.01386094 0.01877504 0.03716224 -0.01275247 0.01602894 0.04360496 0.001516699 0.01883053 0.02449131 -0.005965352 0.02159845 0.02999776 -0.01581478 0.01988184 0.03317987 -0.004935383 0.01887547 0.02414691 -0.016146 0.02081716 0.03052818 -0.01404333 0.01714003 0.04309046 -0.01528453 0.01774948 0.04234212 -0.01646041 0.01412522 0.04588228 -0.01571553 0.01295626 0.04600584 -0.01874083 0.0104106 0.04435205 -0.01743662 0.01498162 0.04520332 -0.01973408 0.01133185 0.04399287 -0.01916974 0.009269475 0.04191333 -0.02136653 0.01567268 0.04204469 -0.01844698 0.01848405 0.03958719 -0.02076607 0.01085615 0.04188352 -0.01944667 0.009551227 0.0397039 -0.01971584 0.0190289 0.03602367 -0.01574742 0.0215159 0.02641409 -0.01806718 0.0188685 0.01664686 -0.01293736 0.01880794 0.02121537 -0.02406412 0.01109212 0.007601857 -0.01806759 0.0112791 0.0166468 -0.01293772 0.01121854 0.02121531 -0.02485871 0.01124113 0.001017034 -0.004935741 0.01128607 0.02414685 0.001516342 0.01124113 0.02449125 0.008328974 0.01133841 0.02324283 0.01525628 0.01126366 0.01920104 0.01903587 0.01129448 0.01619917 0.02171462 0.01121854 0.01257026 0.0246461 0.01128607 0.004568278 0.02499055 0.01124113 -0.001883745 -0.02451431 0.01128607 -0.005435049 0.02419596 0.01109212 -0.008468627 -0.0202434 0.01125651 -0.01525145 0.01970034 0.01126366 -0.01562368 -0.01512444 0.01126372 -0.02006781 0.01306957 0.01121854 -0.02208209 -0.008197128 0.01133841 -0.0241096 0.005067586 0.01128607 -0.02501356 -0.001384496 0.01124113 -0.02535802 -0.006907343 -0.011711 0.04582446 -0.005082964 -0.0117045 0.04298835 -0.006830215 -0.01049822 0.04347211 -0.008204519 -0.01019877 0.04499334 -0.02981412 -0.01696217 0.02757787 -0.0338326 -0.01643979 0.03027898 -0.03027224 -0.01751929 0.02733224 -0.03327149 -0.01592719 0.03033417 -0.03473055 -0.01336711 0.03398543 -0.0340622 -0.01331251 0.03362345 -0.03193897 -0.01082146 0.03600889 -0.0316326 -0.01109629 0.0353676 -0.02955198 -0.00968033 0.03535038 -0.02962648 -0.01019877 0.03479689 -0.02743732 -0.009962081 0.03465288 -0.02767574 -0.01049822 0.03416669 -0.02567893 -0.01122498 0.03516197 -0.02592068 -0.0117045 0.03462135 -0.0241391 -0.01264119 0.03578418 -0.02433454 -0.01311641 0.03522151 -0.0218476 -0.01417076 0.03632587 -0.02205109 -0.01450312 0.03567105 -0.01558279 -0.01613718 0.03556585 -0.01554816 -0.01645749 0.03487527 -0.01277637 -0.01766633 0.03817868 -0.01239895 -0.01704466 0.03795117 -0.01410609 -0.01643979 0.04318368 -0.01360344 -0.01591789 0.04294782 -0.01303052 -0.01336711 0.04684251 -0.01263272 -0.01331251 0.04619491 -0.009601235 -0.01082146 0.04719913 -0.009656488 -0.01109629 0.0464906 -0.007863283 -0.00968033 0.04543536 -0.008204519 -0.01019877 0.04499334 -0.006380677 -0.009962081 0.043774 -0.006830215 -0.01049822 0.04347211 -0.004603266 -0.01122498 0.04333567 -0.005082964 -0.0117045 0.04298835 -0.002958655 -0.01264119 0.04310458 -0.003409266 -0.01311641 0.04271507 -7.03348e-4 -0.01417076 0.04242795 -0.001206934 -0.01450312 0.04196262 0.004342079 -0.01613718 0.03863734 0.003902912 -0.01644045 0.0380935 0.006911516 -0.01832431 0.03840225 0.006931781 -0.01772642 0.03793025 0.008078932 -0.01766633 0.03949689 0.00825262 -0.01700365 0.03916323 0.009429872 -0.01643979 0.04449623 0.009739518 -0.01589429 0.04406362 0.01219075 -0.01336711 0.04712712 0.0122115 -0.01331251 0.04636734 0.01533895 -0.01082146 0.04572129 0.0149368 -0.01109629 0.04513531 0.01596212 -0.00968033 0.04332482 0.01544559 -0.01019877 0.04311263 0.01641547 -0.009962081 0.04114478 0.01587522 -0.01049822 0.04110813 0.01773554 -0.01122498 0.03987646 0.01714646 -0.0117045 0.03981548 0.01904433 -0.01264119 0.03885406 0.01845932 -0.01311641 0.038742 0.02065914 -0.01417076 0.03714036 0.01999032 -0.01450312 0.03698921 0.02313333 -0.01613718 0.03133493 0.02251541 -0.0164507 0.03101789 0.0262171 -0.01793146 0.02958607 0.0261113 -0.01737827 0.02907282 0.0275222 -0.01751929 0.03030461 0.02776789 -0.01696217 0.02984648 0.030469 -0.01643979 0.03386497 0.03052419 -0.01592719 0.03330385 0.03417539 -0.01336711 0.03476285 0.03381347 -0.01331251 0.03409457 0.03619891 -0.01082146 0.03197133 0.03555762 -0.01109629 0.0316649 0.0355404 -0.00968033 0.02958434 0.03498691 -0.01019877 0.02965885 0.0348429 -0.009962081 0.02746969 0.03435671 -0.01049822 0.02770811 0.03535199 -0.01122498 0.02571123 0.03481137 -0.0117045 0.02595305 0.0359742 -0.01264119 0.02417141 0.03541153 -0.01311641 0.02436691 0.03651589 -0.01417076 0.02187997 0.03586107 -0.01450312 0.02208346 0.03575581 -0.01613718 0.01561516 0.03506577 -0.01645791 0.01557523 0.03842389 -0.01762306 0.01279497 0.03820258 -0.0170058 0.01240688 0.0433737 -0.01643979 0.01413846 0.04313898 -0.01591879 0.01363438 0.04703253 -0.01336711 0.01306283 0.04638493 -0.01331251 0.01266503 0.04738914 -0.01082146 0.009633541 0.04668062 -0.01109629 0.009688854 0.04562538 -0.00968033 0.007895588 0.04518336 -0.01019877 0.008236885 0.04396402 -0.009962081 0.006413042 0.04366213 -0.01049822 0.00686258 0.04352563 -0.01122498 0.004635632 0.04317831 -0.0117045 0.00511533 0.0432946 -0.01264119 0.002990961 0.04290509 -0.01311641 0.003441572 0.04261791 -0.01417076 7.35691e-4 0.04215264 -0.01450312 0.001239299 0.03882735 -0.01613718 -0.004309713 0.03828352 -0.01644045 -0.003870546 -0.02904045 -0.01737827 0.02592134 -0.02981412 -0.01696217 0.02757787 -0.03027224 -0.01751929 0.02733224 -0.02955371 -0.01793146 0.02602708 -0.03098553 -0.0164507 0.02232539 -0.03130257 -0.01613718 0.02294331 -0.03695684 -0.01450312 0.01980036 -0.037108 -0.01417076 0.02046912 -0.03870964 -0.01311641 0.0182693 -0.03882169 -0.01264119 0.01885432 -0.03978317 -0.0117045 0.01695644 -0.03984409 -0.01122498 0.01754558 -0.04107576 -0.01049822 0.0156852 -0.04111242 -0.009962081 0.01622545 -0.04308027 -0.01019877 0.01525557 -0.04329252 -0.00968033 0.01577216 -0.04510295 -0.01109629 0.01474678 -0.04568892 -0.01082146 0.01514893 -0.04633498 -0.01331251 0.01202148 -0.04709476 -0.01336711 0.01200079 -0.04403126 -0.01589429 0.009549558 -0.04446387 -0.01643979 0.009239852 -0.03913086 -0.01700365 0.00806266 -0.03946453 -0.01766633 0.007888972 -0.03789794 -0.01772642 0.006741762 -0.03836989 -0.01832431 0.006721496 -0.03806114 -0.01644045 0.003712892 -0.03860503 -0.01613718 0.004152059 -0.04193025 -0.01450312 -0.001396954 -0.04239559 -0.01417076 -8.93342e-4 -0.0426827 -0.01311641 -0.003599226 -0.04307228 -0.01264119 -0.003148615 -0.04295599 -0.0117045 -0.005272984 -0.04330331 -0.01122498 -0.004793286 -0.0434398 -0.01049822 -0.007020235 -0.04374164 -0.009962081 -0.006570637 -0.04496097 -0.01019877 -0.008394539 -0.045403 -0.00968033 -0.008053243 -0.04645824 -0.01109629 -0.009846508 -0.04716682 -0.01082146 -0.009791195 -0.04616254 -0.01331251 -0.01282268 -0.0468102 -0.01336711 -0.01322048 -0.04291546 -0.01591789 -0.01379346 -0.04315131 -0.01643979 -0.01429611 -0.03791886 -0.01704466 -0.01258891 -0.03814631 -0.01766633 -0.01296633 -0.03484296 -0.01645749 -0.01573818 -0.03553348 -0.01613718 -0.01577281 -0.03563868 -0.01450312 -0.02224105 -0.0362935 -0.01417076 -0.02203756 -0.03518921 -0.01311641 -0.0245245 -0.03575187 -0.01264119 -0.02432906 -0.03458899 -0.0117045 -0.02611064 -0.0351296 -0.01122498 -0.02586889 -0.03413438 -0.01049822 -0.0278657 -0.03462058 -0.009962081 -0.02762734 -0.03476458 -0.01019877 -0.0298165 -0.03531801 -0.00968033 -0.029742 -0.0353353 -0.01109629 -0.03182256 -0.03597652 -0.01082146 -0.03212898 -0.03359109 -0.01331251 -0.03425216 -0.03395307 -0.01336711 -0.03492051 -0.0303018 -0.01592719 -0.03346145 -0.03024661 -0.01643979 -0.03402256 -0.02754551 -0.01696217 -0.03000408 -0.02729988 -0.01751929 -0.03046226 -0.02588897 -0.01737827 -0.02923047 -0.02599471 -0.01793146 -0.02974367 -0.02229303 -0.0164507 -0.03117555 -0.02291101 -0.01613718 -0.03149253 -0.01976799 -0.01450312 -0.03714686 -0.02043682 -0.01417076 -0.03729802 -0.01823693 -0.01311641 -0.0388996 -0.01882195 -0.01264119 -0.03901165 -0.01692414 -0.0117045 -0.03997313 -0.01751321 -0.01122498 -0.04003405 -0.01565283 -0.01049822 -0.04126578 -0.01619309 -0.009962081 -0.04130238 -0.0152232 -0.01019877 -0.04327028 -0.01565283 -0.01049822 -0.04126578 -0.01619309 -0.009962081 -0.04130238 -0.01573979 -0.00968033 -0.04348248 -0.01471441 -0.01109629 -0.04529297 -0.01511663 -0.01082146 -0.04587894 -0.01198917 -0.01331251 -0.046525 -0.01196843 -0.01336711 -0.04728472 -0.009517192 -0.01589429 -0.04422128 -0.009207546 -0.01643979 -0.04465389 -0.008030295 -0.01700365 -0.03932088 -0.007856607 -0.01766633 -0.03965455 -0.006709396 -0.01772642 -0.0380879 -0.00668919 -0.01832431 -0.03855991 -0.003680586 -0.01644045 -0.03825116 -0.004119753 -0.01613718 -0.03879499 0.001429259 -0.01450312 -0.04212027 9.25672e-4 -0.01417076 -0.04258561 0.003631591 -0.01311641 -0.04287272 0.00318098 -0.01264119 -0.04326224 0.00530529 -0.0117045 -0.04314601 0.004825592 -0.01122498 -0.04349333 0.00705254 -0.01049822 -0.04362976 0.006603002 -0.009962081 -0.04393166 0.008426904 -0.01019877 -0.04515099 0.008085608 -0.00968033 -0.04559302 0.009878814 -0.01109629 -0.0466482 0.00982356 -0.01082146 -0.04735678 0.01285505 -0.01331251 -0.04635256 0.01325285 -0.01336711 -0.04700016 0.01382577 -0.01591789 -0.04310548 0.01432842 -0.01643979 -0.04334133 0.01262128 -0.01704466 -0.03810882 0.0129987 -0.01766633 -0.03833633 0.01577055 -0.01645749 -0.03503292 0.01580512 -0.01613718 -0.03572344 0.02227342 -0.01450312 -0.0358287 0.02206993 -0.01417076 -0.03648352 0.02455687 -0.01311641 -0.03537917 0.02436143 -0.01264119 -0.03594183 0.02614301 -0.0117045 -0.03477901 0.02590125 -0.01122498 -0.03531962 0.02789807 -0.01049822 -0.03432434 0.02765971 -0.009962081 -0.03481054 0.02984887 -0.01019877 -0.03495454 0.0297743 -0.00968033 -0.03550803 0.03185492 -0.01109629 -0.03552526 0.03216135 -0.01082146 -0.03616654 0.03428453 -0.01331251 -0.03378111 0.03495287 -0.01336711 -0.03414303 0.03349381 -0.01592719 -0.03049182 0.03405493 -0.01643979 -0.03043663 0.03003644 -0.01696217 -0.02773553 0.03049463 -0.01751929 -0.02748984 0.02926278 -0.01737827 -0.02607899 0.02977603 -0.01793146 -0.02618473 0.03120791 -0.0164507 -0.02248305 0.03152489 -0.01613718 -0.02310097 0.03717923 -0.01450312 -0.01995795 0.03733038 -0.01417076 -0.02062678 0.03893196 -0.01311641 -0.01842695 0.03904402 -0.01264119 -0.01901197 0.0400055 -0.0117045 -0.0171141 0.04006642 -0.01122498 -0.01770317 0.04129815 -0.01049822 -0.01584285 0.04133474 -0.009962081 -0.01638311 0.04330265 -0.01019877 -0.01541322 0.04351484 -0.00968033 -0.01592981 0.04532533 -0.01109629 -0.01490443 0.04591131 -0.01082146 -0.01530659 0.04655736 -0.01331251 -0.01217913 0.04731708 -0.01336711 -0.01215845 0.04425364 -0.01589429 -0.009707212 0.04468625 -0.01643979 -0.009397506 0.03935325 -0.01700365 -0.008220314 0.03968691 -0.01766633 -0.008046627 0.03812026 -0.01772642 -0.006899416 0.03859227 -0.01832431 -0.00687915 0.03828352 -0.01644045 -0.003870546 0.03882735 -0.01613718 -0.004309713 0.03619891 -0.01082146 0.03197133 0.03479528 -0.01453608 0.03433173 0.03417539 -0.01336711 0.03476285 0.030469 -0.01643979 0.03386497 0.03694212 -0.01174271 0.03122085 0.0355404 -0.00968033 0.02958434 0.03696966 -0.011267 0.02887272 0.03853023 -0.01457208 0.02683454 0.0348429 -0.009962081 0.02746969 0.03535199 -0.01122498 0.02571123 0.0359742 -0.01264119 0.02417141 0.03651589 -0.01417076 0.02187997 0.03769791 -0.0165528 0.02253133 0.03688174 -0.01771283 0.02241754 0.03575581 -0.01613718 0.01561516 0.03640025 -0.01754391 0.01578289 0.03842389 -0.01762306 0.01279497 0.0375812 -0.01608353 0.02876079 0.0353859 -0.01539248 0.03329974 0.03141433 -0.01755088 0.03284651 0.03221464 -0.01816034 0.03163814 0.02776879 -0.01865243 0.02905893 0.0275222 -0.01751929 0.03030461 0.0262171 -0.01793146 0.02958607 0.03388977 -0.01889491 0.02779304 0.02635741 -0.01966792 0.02586281 0.02577227 -0.01885622 0.02850252 0.02360755 -0.01754391 0.03180241 0.02313333 -0.01613718 0.03133493 0.02135717 -0.0165528 0.0382955 0.02070719 -0.01771283 0.03778892 0.01992636 -0.01457208 0.04243838 0.02065914 -0.01417076 0.03714036 0.01904433 -0.01264119 0.03885406 0.01773554 -0.01122498 0.03987646 0.02277243 -0.01868629 0.03140425 0.02278739 -0.0201103 0.02707284 0.02898144 -0.02050298 0.02113038 0.02049314 -0.02200078 0.02253723 0.01758235 -0.02030056 0.03223735 0.03350752 -0.01943975 0.02402973 0.03139978 -0.02030056 0.01917219 0.02868711 -0.02177226 0.01210391 0.03547793 -0.01868629 0.01585566 0.03665059 -0.01879763 0.01234692 0.0362541 -0.0193578 0.01031684 0.033535 -0.02070921 0.007891595 0.03863227 -0.01865243 0.01132637 0.0433737 -0.01643979 0.01413846 0.03792065 -0.01975333 0.006969392 0.04368317 -0.01755088 0.01278376 0.0473538 -0.01453608 0.01237952 0.04703253 -0.01336711 0.01306283 0.04738914 -0.01082146 0.009633541 0.04765754 -0.01174271 0.008612036 0.04562538 -0.00968033 0.007895588 0.04734927 -0.01539248 0.01119047 0.04377204 -0.01816034 0.01133716 0.04698097 -0.01608353 0.006161987 0.04683977 -0.01457208 0.00401926 0.04320359 -0.01771283 0.001018345 0.04650735 -0.011267 0.006564736 0.04396402 -0.009962081 0.006413042 0.04352563 -0.01122498 0.004635632 0.0432946 -0.01264119 0.002990961 0.04261791 -0.01417076 7.35691e-4 0.04330027 -0.01889491 0.007169604 0.0439673 -0.0165528 7.08758e-4 0.03882735 -0.01613718 -0.004309713 0.0394693 -0.01754391 -0.00448668 0.03859227 -0.01832431 -0.00687915 0.03584355 -0.02050298 0.003152191 0.03806489 -0.01874524 -0.007801711 0.03968691 -0.01766633 -0.008046627 0.04108756 -0.01943975 0.004101574 0.03030115 -0.02195435 0.004158079 0.03683346 -0.02030056 9.48756e-4 0.03870695 -0.01868629 -0.003962457 0.03446775 -0.0205174 -0.005667805 0.0383532 -0.0191859 -0.01101922 0.04468625 -0.01643979 -0.009397506 0.03051418 -0.02200931 -0.003737688 0.03454035 -0.02029269 -0.01328623 0.03192383 -0.02122807 -0.01382917 0.02491331 -0.01924139 0.003016769 0.02508759 -0.01928639 -0.003442108 0.023593 -0.01909238 0.009516656 0.04427689 -0.01755088 -0.01072549 0.04363059 -0.01816034 -0.01202273 0.04725366 -0.01453608 -0.01291084 0.04731708 -0.01336711 -0.01215845 0.04591131 -0.01082146 -0.01530659 0.04665523 -0.01539248 -0.0139383 0.04563295 -0.01174271 -0.01632547 0.04351484 -0.00968033 -0.01592981 0.04382205 -0.01608353 -0.01810896 0.04262834 -0.01457208 -0.019894 0.03797888 -0.01771283 -0.02067482 0.04361319 -0.011267 -0.0175234 0.04133474 -0.009962081 -0.01638311 0.04006642 -0.01122498 -0.01770317 0.03904402 -0.01264119 -0.01901197 0.03733038 -0.01417076 -0.02062678 0.04113823 -0.01889491 -0.01539599 0.03848552 -0.0165528 -0.02132481 0.03152489 -0.01613718 -0.02310097 0.03768795 -0.01943975 -0.01694661 0.03199237 -0.01754391 -0.02357518 0.02977603 -0.01793146 -0.02618473 0.03242737 -0.02030056 -0.01755005 0.03159421 -0.01868629 -0.02274006 0.02869254 -0.01885622 -0.0257399 0.02627271 -0.02197319 -0.01611804 0.02050751 -0.02198195 -0.02248889 0.02726286 -0.0201103 -0.02275502 0.02924889 -0.01865243 -0.02773642 0.03049463 -0.01751929 -0.02748984 0.03405493 -0.01643979 -0.03043663 0.02161794 -0.01925683 -0.01356953 0.02605277 -0.01966792 -0.02632504 0.02132034 -0.02050298 -0.02894908 0.01690191 -0.01926398 -0.018781 0.03303647 -0.01755088 -0.03138196 0.03182816 -0.01816034 -0.03218227 0.03452175 -0.01453608 -0.03476291 0.03495287 -0.01336711 -0.03414303 0.03216135 -0.01082146 -0.03616654 0.03348976 -0.01539248 -0.03535354 0.03141087 -0.01174271 -0.03690975 0.0297743 -0.00968033 -0.03550803 0.02798306 -0.01889491 -0.0338574 0.02895081 -0.01608353 -0.03754884 0.0270245 -0.01457208 -0.03849786 0.02260756 -0.01771283 -0.03684937 0.02906274 -0.011267 -0.03693729 0.02765971 -0.009962081 -0.03481054 0.02590125 -0.01122498 -0.03531962 0.02436143 -0.01264119 -0.03594183 0.02206993 -0.01417076 -0.03648352 0.02272129 -0.0165528 -0.03766554 0.01580512 -0.01613718 -0.03572344 0.01597291 -0.01754391 -0.03636789 0.0129987 -0.01766633 -0.03833633 0.02421969 -0.01943975 -0.03347516 0.01936221 -0.02030056 -0.03136742 0.01246285 -0.02207326 -0.02809321 0.01604562 -0.01868629 -0.03544557 0.01253694 -0.01879763 -0.03661823 0.01032114 -0.01933866 -0.02336549 0.0105068 -0.0193578 -0.03622174 0.008081555 -0.02070921 -0.03350263 0.01151639 -0.01865243 -0.0385999 0.01432842 -0.01643979 -0.04334133 0.007159411 -0.01975333 -0.03788828 0.01297372 -0.01755088 -0.0436508 0.01256954 -0.01453608 -0.04732143 0.01325285 -0.01336711 -0.04700016 0.00982356 -0.01082146 -0.04735678 0.008802056 -0.01174271 -0.04762518 0.008085608 -0.00968033 -0.04559302 0.01138049 -0.01539248 -0.0473169 0.01152712 -0.01816034 -0.04373973 0.006352007 -0.01608353 -0.04694867 0.00420928 -0.01457208 -0.0468074 0.001208305 -0.01771283 -0.04317122 0.006754696 -0.011267 -0.04647499 0.006603002 -0.009962081 -0.04393166 0.004825592 -0.01122498 -0.04349333 0.00318098 -0.01264119 -0.04326224 9.25672e-4 -0.01417076 -0.04258561 0.007359623 -0.01889491 -0.0432679 8.98737e-4 -0.0165528 -0.043935 -0.004119753 -0.01613718 -0.03879499 -0.00429666 -0.01754391 -0.03943693 -0.00668919 -0.01832431 -0.03855991 0.003342211 -0.02050298 -0.03581118 -0.007611751 -0.01874524 -0.03803253 -0.007856607 -0.01766633 -0.03965455 0.004291594 -0.01943975 -0.0410552 0.004283905 -0.02195435 -0.03028255 0.001138746 -0.02030056 -0.03680109 -0.003772497 -0.01868629 -0.03867459 -0.005477845 -0.0205174 -0.03443539 -0.01082921 -0.0191859 -0.03832083 -0.009207546 -0.01643979 -0.04465389 0.003630638 -0.01924139 -0.02515643 -0.003611862 -0.02200931 -0.03049564 -0.01309627 -0.02029269 -0.03450804 -0.002828299 -0.01928639 -0.02533072 -0.01363921 -0.02122807 -0.03189152 -0.01053547 -0.01755088 -0.04424452 -0.01183271 -0.01816034 -0.04359823 -0.01272082 -0.01453608 -0.0472213 -0.01196843 -0.01336711 -0.04728472 -0.01511663 -0.01082146 -0.04587894 -0.01374834 -0.01539248 -0.04662287 -0.01613545 -0.01174271 -0.04560059 -0.01573979 -0.00968033 -0.04348248 -0.017919 -0.01608353 -0.04378968 -0.01970404 -0.01457208 -0.04259598 -0.0204848 -0.01771283 -0.03794652 -0.01733338 -0.011267 -0.04358083 -0.01619309 -0.009962081 -0.04130238 -0.01751321 -0.01122498 -0.04003405 -0.01882195 -0.01264119 -0.03901165 -0.02043682 -0.01417076 -0.03729802 -0.01520597 -0.01889491 -0.04110586 -0.02113479 -0.0165528 -0.03845316 -0.02291101 -0.01613718 -0.03149253 -0.01675665 -0.01943975 -0.03765559 -0.02338522 -0.01754391 -0.03196001 -0.02599471 -0.01793146 -0.02974367 -0.01736003 -0.02030056 -0.032395 -0.02255004 -0.01868629 -0.03156185 -0.02554994 -0.01885622 -0.02866017 -0.01364994 -0.02192676 -0.02770829 -0.02236306 -0.02198195 -0.02048891 -0.022565 -0.0201103 -0.0272305 -0.02754646 -0.01865243 -0.02921658 -0.02729988 -0.01751929 -0.03046226 -0.03024661 -0.01643979 -0.03402256 -0.01103967 -0.0192188 -0.02305066 -0.02613508 -0.01966792 -0.0260204 -0.02875906 -0.02050298 -0.02128797 -0.01816719 -0.01926398 -0.01714503 -0.031192 -0.01755088 -0.0330041 -0.03199225 -0.01816034 -0.03179579 -0.03457295 -0.01453608 -0.03448939 -0.03395307 -0.01336711 -0.03492051 -0.03597652 -0.01082146 -0.03212898 -0.03516352 -0.01539248 -0.03345739 -0.03671973 -0.01174271 -0.0313785 -0.03531801 -0.00968033 -0.029742 -0.03366738 -0.01889491 -0.0279507 -0.03735882 -0.01608353 -0.02891844 -0.0383079 -0.01457208 -0.02699214 -0.03665935 -0.01771283 -0.02257519 -0.03674727 -0.011267 -0.02903038 -0.03462058 -0.009962081 -0.02762734 -0.0351296 -0.01122498 -0.02586889 -0.03575187 -0.01264119 -0.02432906 -0.0362935 -0.01417076 -0.02203756 -0.03747558 -0.0165528 -0.02268892 -0.03553348 -0.01613718 -0.01577281 -0.03617793 -0.01754391 -0.01594054 -0.03814631 -0.01766633 -0.01296633 -0.0332852 -0.01943975 -0.02418732 -0.03117746 -0.02030056 -0.01932984 -0.02854275 -0.02177226 -0.0122112 -0.03525555 -0.01868629 -0.01601332 -0.03642821 -0.01879763 -0.01250457 -0.02322232 -0.01909238 -0.01037365 -0.03603172 -0.0193578 -0.0104745 -0.03331267 -0.02070921 -0.008049249 -0.03840988 -0.01865243 -0.01148402 -0.04315131 -0.01643979 -0.01429611 -0.03769826 -0.01975333 -0.007127046 -0.04346078 -0.01755088 -0.01294142 -0.04713141 -0.01453608 -0.01253718 -0.0468102 -0.01336711 -0.01322048 -0.04716682 -0.01082146 -0.009791195 -0.04743522 -0.01174271 -0.00876969 -0.045403 -0.00968033 -0.008053243 -0.04712694 -0.01539248 -0.01134812 -0.04354971 -0.01816034 -0.01149481 -0.04675865 -0.01608353 -0.006319642 -0.04661738 -0.01457208 -0.004176914 -0.04298126 -0.01771283 -0.001175999 -0.04628497 -0.011267 -0.00672239 -0.04374164 -0.009962081 -0.006570637 -0.04330331 -0.01122498 -0.004793286 -0.04307228 -0.01264119 -0.003148615 -0.04239559 -0.01417076 -8.93342e-4 -0.04307788 -0.01889491 -0.007327258 -0.04374498 -0.0165528 -8.66405e-4 -0.03860503 -0.01613718 0.004152059 -0.03924697 -0.01754391 0.004329025 -0.03836989 -0.01832431 0.006721496 -0.03562116 -0.02050298 -0.003309845 -0.03784251 -0.01874524 0.007644057 -0.03946453 -0.01766633 0.007888972 -0.04086518 -0.01943975 -0.004259228 -0.03015673 -0.02195435 -0.004265367 -0.03661108 -0.02030056 -0.001106381 -0.03848457 -0.01868629 0.003804862 -0.03424537 -0.0205174 0.005510151 -0.03813087 -0.0191859 0.01086157 -0.04446387 -0.01643979 0.009239852 -0.02454262 -0.01924139 -0.003873765 -0.03036981 -0.02200931 0.003630399 -0.03431802 -0.02029269 0.01312863 -0.02471691 -0.01928633 0.002585113 -0.0317015 -0.02122807 0.01367157 -0.04405456 -0.01755088 0.01056784 -0.04340827 -0.01816034 0.01186507 -0.04703134 -0.01453608 0.01275318 -0.04709476 -0.01336711 0.01200079 -0.04568892 -0.01082146 0.01514893 -0.04643291 -0.01539248 0.01378065 -0.04541063 -0.01174271 0.01616781 -0.04329252 -0.00968033 0.01577216 -0.04359966 -0.01608353 0.0179513 -0.04240602 -0.01457208 0.01973634 -0.03775656 -0.01771283 0.02051717 -0.04339087 -0.011267 0.01736575 -0.04111242 -0.009962081 0.01622545 -0.03984409 -0.01122498 0.01754558 -0.03882169 -0.01264119 0.01885432 -0.037108 -0.01417076 0.02046912 -0.0409159 -0.01889491 0.01523834 -0.03826314 -0.0165528 0.02116715 -0.03130257 -0.01613718 0.02294331 -0.03746563 -0.01943975 0.01678901 -0.03220504 -0.02030056 0.01739239 -0.03177005 -0.01754391 0.02341753 -0.02955371 -0.01793146 0.02602708 -0.03137189 -0.01868629 0.02258241 -0.02847015 -0.01885622 0.02558231 -0.02758252 -0.02192676 0.01366847 -0.02902656 -0.01865243 0.02757877 -0.03027224 -0.01751929 0.02733224 -0.0338326 -0.01643979 0.03027898 -0.02704048 -0.0201103 0.02259737 -0.02036315 -0.02198195 0.0223816 -0.02583044 -0.01966792 0.02616745 -0.02467429 -0.02201962 0.01835304 -0.02243679 -0.0192188 0.01079648 -0.02005779 -0.01929479 0.01462858 -0.02109801 -0.02050298 0.02879142 -0.01653122 -0.01926398 0.01792401 -0.03281414 -0.01755088 0.03122431 -0.03160578 -0.01816034 0.03202462 -0.03429937 -0.01453608 0.03460526 -0.03473055 -0.01336711 0.03398543 -0.03193897 -0.01082146 0.03600889 -0.03326737 -0.01539248 0.03519588 -0.03118854 -0.01174271 0.0367521 -0.02955198 -0.00968033 0.03535038 -0.02776068 -0.01889491 0.03369975 -0.02872842 -0.01608353 0.03739118 -0.02680218 -0.01457208 0.03834021 -0.02238523 -0.01771283 0.03669172 -0.02884042 -0.011267 0.03677964 -0.02743732 -0.009962081 0.03465288 -0.02567893 -0.01122498 0.03516197 -0.0241391 -0.01264119 0.03578418 -0.0218476 -0.01417076 0.03632587 -0.02249896 -0.0165528 0.03750795 -0.01558279 -0.01613718 0.03556585 -0.01575052 -0.01754391 0.03621023 -0.01277637 -0.01766633 0.03817868 -0.02399736 -0.01943975 0.0333175 -0.01913988 -0.02030056 0.03120976 -0.01231849 -0.02207326 0.02798593 -0.0158233 -0.01868629 0.03528791 -0.01231461 -0.01879763 0.03646057 -0.009950459 -0.01933866 0.0225085 -0.01028448 -0.0193578 0.03606408 -0.00785923 -0.02070921 0.03334504 -0.01129406 -0.01865243 0.03844225 -0.01410609 -0.01643979 0.04318368 -0.006937026 -0.01975333 0.03773063 -0.0127514 -0.01755088 0.04349315 -0.01234722 -0.01453608 0.04716378 -0.01303052 -0.01336711 0.04684251 -0.009601235 -0.01082146 0.04719913 -0.008579671 -0.01174271 0.04746752 -0.007863283 -0.00968033 0.04543536 -0.01115816 -0.01539248 0.04715925 -0.01130479 -0.01816034 0.04358208 -0.006129622 -0.01608353 0.04679101 -0.003986954 -0.01457208 0.04664975 -9.8602e-4 -0.01771283 0.04301363 -0.006532371 -0.011267 0.04631733 -0.006380677 -0.009962081 0.043774 -0.004603266 -0.01122498 0.04333567 -0.002958655 -0.01264119 0.04310458 -7.03348e-4 -0.01417076 0.04242795 -0.007137298 -0.01889491 0.04311025 -6.76411e-4 -0.0165528 0.04377734 0.004342079 -0.01613718 0.03863734 0.004519045 -0.01754391 0.03927934 0.006911516 -0.01832431 0.03840225 -0.003119885 -0.02050298 0.03565353 0.007834076 -0.01874524 0.03787487 0.008078932 -0.01766633 0.03949689 -0.004069268 -0.01943975 0.04089754 -0.004139542 -0.02195435 0.03017526 -9.16414e-4 -0.02030056 0.03664344 0.003994822 -0.01868629 0.03851693 0.00570017 -0.0205174 0.03427773 0.01105159 -0.0191859 0.03816324 0.009429872 -0.01643979 0.04449623 -0.003259956 -0.01924139 0.02429944 0.003756225 -0.02200931 0.03038835 0.01331859 -0.02029269 0.03435039 0.003198981 -0.01928639 0.02447378 0.01386153 -0.02122807 0.03173387 0.0107578 -0.01755088 0.04408693 0.01205509 -0.01816034 0.04344063 0.0129432 -0.01453608 0.04706364 0.01219075 -0.01336711 0.04712712 0.01533895 -0.01082146 0.04572129 0.01397067 -0.01539248 0.04646521 0.01635783 -0.01174271 0.04544299 0.01596212 -0.00968033 0.04332482 0.01814132 -0.01608353 0.04363203 0.0154283 -0.01889491 0.04094821 0.01755571 -0.011267 0.04342323 0.01641547 -0.009962081 0.04114478 0.01697897 -0.01943975 0.03749799 0.0137943 -0.02192676 0.027601 0.01689016 -0.01927936 0.01805138 0.01141035 -0.0192188 0.02219367 0.01689052 -0.0124439 0.01805132 0.02359336 -0.01225692 0.009516656 0.01141071 -0.01238334 0.02219361 0.02491366 -0.01240593 0.003016769 0.003199338 -0.01245087 0.02447372 -0.009950101 -0.01250314 0.0225085 -0.003259539 -0.01240593 0.02429944 -0.01653087 -0.01242846 0.01792401 -0.02005743 -0.01245927 0.01462852 -0.02243638 -0.01238334 0.01079648 -0.02471649 -0.01245087 0.002585113 0.02508795 -0.01245087 -0.003442168 -0.02454221 -0.01240593 -0.003873825 -0.02322196 -0.01225692 -0.01037365 0.02161836 -0.0124213 -0.01356953 -0.01816684 -0.01242846 -0.01714503 0.01690226 -0.01242846 -0.01878106 -0.01103925 -0.01238334 -0.02305066 0.01032155 -0.01250314 -0.02336549 0.003630995 -0.01240593 -0.02515643 -0.002827882 -0.01245087 -0.02533078</float_array>
          <technique_common>
            <accessor source="#Wheel_Rubber_Sleeve_03-mesh-positions-array" count="1962" stride="3">
              <param name="X" type="float"/>
              <param name="Y" type="float"/>
              <param name="Z" type="float"/>
            </accessor>
          </technique_common>
        </source>
        <source id="Wheel_Rubber_Sleeve_03-mesh-normals">
          <float_array id="Wheel_Rubber_Sleeve_03-mesh-normals-array" count="5886">0.3501744 0.7027671 0.6192708 0.3501932 0.702811 0.6192104 0.350184 0.7027742 0.6192574 0.3502085 0.7028107 0.6192021 0.3502357 0.7027658 0.6192377 0.3502728 0.702913 0.6190495 0.4638426 0.610889 -0.641611 0.9844532 -0.06795579 -0.161969 0.4445543 0.5668908 -0.6935462 0.9707603 -0.1197447 -0.2080526 0.5884213 -0.5413379 0.6005946 0.4038186 0.4824663 -0.7772754 0.5702094 -0.5983021 0.5629352 -0.3282344 -0.335483 0.8830138 0.934408 -0.2096348 -0.2879848 0.3566816 0.3904095 -0.8487395 -0.3566656 -0.3904052 0.8487482 -0.8483269 0.3433724 0.4030346 0.8832435 -0.2962973 -0.3634408 0.3282139 0.3354437 -0.8830364 0.8483361 -0.3433788 -0.40301 0.5306144 -0.6921308 0.4892887 0.4825896 -0.7750943 0.4078433 0.452369 -0.8163532 0.3590682 -0.8832441 0.2962867 0.3634476 -0.4523546 0.8163775 -0.3590308 -0.403806 -0.4824793 0.7772737 -0.4445411 -0.5669245 0.6935271 -0.4637963 -0.6108757 0.6416572 -0.4826017 0.7750836 -0.4078497 0.46383 0.6108976 -0.6416121 0.4445425 0.5669031 -0.6935437 -0.934408 0.2096332 0.2879859 -0.9707586 0.1197414 0.2080616 -0.9844536 0.0679323 0.1619765 -0.5306155 0.6921303 -0.4892882 0.4037948 0.4824889 -0.7772735 -0.5702058 0.5983132 -0.562927 -0.5884374 0.5413047 -0.6006085 0.3566702 0.3904297 -0.848735 0.3282257 0.3354616 -0.8830252 -0.3502914 -0.7027341 -0.6192423 -0.3501921 -0.702808 -0.6192144 -0.3502303 -0.7027801 -0.6192244 -0.3501628 -0.7028125 -0.6192259 -0.3501738 -0.7027522 -0.619288 -0.3500212 -0.7028636 -0.6192479 -0.003924369 0.7027658 0.7114104 -0.003878176 0.702811 0.7113661 -0.003909468 0.7027739 0.7114025 -0.003860831 0.7028107 0.7113665 -0.003855049 0.7027651 0.7114116 -0.003729879 0.702913 0.7112661 0.7213847 0.6108899 -0.3262174 0.9347531 -0.06795543 0.348739 0.7304601 0.5668912 -0.3808707 0.9457753 -0.1197443 0.3019444 0.2120953 -0.5413376 0.813615 0.7367267 0.4824667 -0.4737718 0.2150093 -0.5983022 0.7718845 -0.7236925 -0.3354834 0.6030922 0.9539582 -0.2096346 0.2145161 0.7313423 0.390411 -0.5592117 -0.7313334 -0.3904054 0.5592272 -0.9364434 0.3433718 -0.07190006 0.9470634 -0.2962961 0.1236103 0.7236859 0.3354446 -0.6031216 0.936439 -0.3433784 0.07192486 0.2172545 -0.6921309 0.6882988 0.2160613 -0.7750945 0.5937561 0.2140794 -0.8163536 0.5364113 -0.9470671 0.2962864 -0.1236051 -0.2140846 0.8163776 -0.5363724 -0.7367148 -0.4824799 0.4737768 -0.7304391 -0.5669252 0.3808602 -0.7213676 -0.6108765 0.3262802 -0.2160679 0.7750836 -0.5937679 0.7213746 0.6108983 -0.3262237 0.7304489 0.5669037 -0.3808736 -0.9539588 0.2096327 -0.2145153 -0.9457786 0.119741 -0.3019355 -0.9347575 0.06793153 -0.3487317 -0.2172553 0.6921303 -0.6882992 0.7367052 0.4824892 -0.4737823 -0.215011 0.5983133 -0.7718754 -0.2121021 0.5413042 -0.8136354 0.7313303 0.3904302 -0.5592139 0.723691 0.335462 -0.6031059 0.003808259 -0.7027334 -0.7114431 0.003880679 -0.7028077 -0.7113693 0.003852725 -0.7027795 -0.7113974 0.003912091 -0.7028121 -0.7113648 0.003933906 -0.702751 -0.7114251 0.004045844 -0.7028638 -0.711313 -0.3601874 0.7027676 0.6135005 -0.3601256 0.7028111 0.613487 -0.3601711 0.7027742 0.6135025 -0.3601109 0.7028106 0.6134961 -0.3601288 0.7027653 0.6135375 -0.3599468 0.7029131 0.613475 0.7877072 0.6108893 0.07957303 0.6337891 -0.06795734 0.7705149 0.8229692 0.5668902 0.03684228 0.6667934 -0.1197465 0.7355593 -0.2245618 -0.5413386 0.810262 0.8749839 0.4824649 -0.04038733 -0.201112 -0.5983029 0.7756209 -0.9285651 -0.3354818 0.1588049 0.7177206 -0.2096363 0.6640254 0.913176 0.3904094 -0.117005 -0.9131759 -0.3904042 0.1170231 -0.7740942 0.3433738 -0.5318577 0.7573473 -0.2962986 0.5819213 0.9285745 0.3354425 -0.1588326 0.7740767 -0.343382 0.5318781 -0.157248 -0.6921312 0.7044342 -0.1108653 -0.7750949 0.6220425 -0.0838198 -0.8163536 0.5714377 -0.7573531 0.2962881 -0.581919 0.08379489 0.816378 -0.5714066 -0.8749758 -0.4824784 0.04039764 -0.8229462 -0.5669236 -0.03684145 -0.7877246 -0.610875 -0.0795108 0.1108655 0.7750841 -0.6220559 0.7877022 0.610897 0.07956296 0.8229609 0.5669028 0.03683447 -0.7177213 0.2096347 -0.6640251 -0.6668002 0.1197431 -0.7355536 -0.6337965 0.06793302 -0.7705111 0.1572473 0.6921311 -0.7044345 0.8749701 0.482488 -0.04040706 0.2011067 0.5983135 -0.7756141 0.2245659 0.5413048 -0.8102835 0.9131669 0.3904282 -0.1170129 0.9285704 0.335461 -0.1588177 0.3601043 -0.7027341 -0.6135876 0.3601301 -0.7028075 -0.6134884 0.3601194 -0.7027798 -0.6135264 0.3601546 -0.702812 -0.6134688 0.3602022 -0.7027524 -0.6135092 0.3602449 -0.7028633 -0.6133571 -0.6177997 0.7027653 0.352767 -0.6177384 0.7028102 0.3527848 -0.6177852 0.7027737 0.3527755 -0.6177298 0.7028104 0.3527995 -0.617765 0.7027661 0.3528261 -0.6175779 0.702912 0.3528631 0.643548 0.6108883 0.4611523 0.1660895 -0.06795763 0.9837663 0.6954023 0.5668892 0.4416473 0.2121151 -0.1197468 0.9698804 -0.5981267 -0.541338 0.5909296 0.7789596 0.4824648 0.4005616 -0.560543 -0.5983027 0.5725606 -0.8843805 -0.335482 -0.3245349 0.2918949 -0.2096365 0.9331934 0.8502259 0.3904078 0.3531259 -0.8502343 -0.3904044 -0.3531094 -0.406584 0.3433737 -0.846631 0.3671353 -0.2962993 0.8817134 0.8844029 0.335442 0.3245153 0.4065579 -0.3433807 0.8466407 -0.4870629 -0.6921315 0.5326573 -0.4058191 -0.7750951 0.4842919 -0.3571711 -0.8163536 0.4538674 -0.3671427 0.2962882 -0.881714 0.357134 0.8163779 -0.453853 -0.7789579 -0.4824781 -0.4005491 -0.6953827 -0.5669232 -0.4416347 -0.6435937 -0.6108742 -0.4611071 0.4058257 0.7750841 -0.484304 0.6435492 0.6108964 0.4611402 0.6953996 0.5669017 0.4416354 -0.2918952 0.209635 -0.9331938 -0.2121249 0.1197435 -0.9698786 -0.1660969 0.06793403 -0.9837667 0.4870623 0.6921312 -0.5326582 0.7789577 0.4824876 0.4005378 0.5605344 0.598314 -0.572557 0.59814 0.5413052 -0.5909461 0.8502211 0.3904284 0.3531144 0.8843915 0.3354608 0.3245273 0.6177708 -0.7027319 -0.3528841 0.6177421 -0.7028076 -0.3527837 0.6177521 -0.7027795 -0.3528218 0.6177535 -0.7028125 -0.3527539 0.6178165 -0.7027516 -0.352765 0.617776 -0.7028636 -0.3526124 -0.7114195 0.7027659 -0.001609563 -0.7113748 0.7028111 -0.001563131 -0.7114116 0.7027738 -0.001594722 -0.7113749 0.7028111 -0.001545608 -0.7114197 0.7027657 -0.001539409 -0.7112728 0.7029146 -0.001413166 0.328562 0.6108885 0.720321 -0.3456977 -0.06795817 0.9358819 0.3832439 0.5668894 0.7292191 -0.2988673 -0.1197471 0.9467518 -0.8129208 -0.5413385 0.2147383 0.4761645 0.4824642 0.7351841 -0.7711813 -0.5983026 0.2175164 -0.6054419 -0.3354814 -0.7217288 -0.2114132 -0.2096366 0.9546503 0.561587 0.3904088 0.7295211 -0.5616021 -0.3904039 -0.7295122 0.06885433 0.343374 -0.9366714 -0.12053 -0.2962983 0.9474598 0.6054717 0.3354424 0.7217218 -0.0688793 -0.3433811 0.936667 -0.6875888 -0.6921312 0.2194905 -0.5930502 -0.7750951 0.217989 -0.5357123 -0.8163546 0.2158187 0.1205251 0.2962888 -0.9474633 0.5356736 0.8163779 -0.2158261 -0.4761697 -0.482478 -0.7351717 -0.3832335 -0.566923 -0.7291985 -0.3286246 -0.6108737 -0.720305 0.5930621 0.7750842 -0.2179951 0.3285679 0.6108961 0.7203119 0.3832468 0.5669013 0.7292083 0.2114123 0.2096354 -0.9546507 0.2988591 0.1197438 -0.9467548 0.3456903 0.06793433 -0.9358863 0.687589 0.6921312 -0.2194901 0.4761748 0.4824874 0.7351623 0.7711721 0.598314 -0.2175176 0.8129411 0.5413051 -0.2147457 0.5615887 0.3904284 0.7295094 0.6054558 0.3354597 0.7217273 0.7114524 -0.7027328 0.001493394 0.7113782 -0.7028077 0.001565992 0.7114058 -0.7027798 0.001538217 0.7113735 -0.7028124 0.001597344 0.7114334 -0.7027518 0.001618862 0.7113233 -0.7028629 0.001729905 -0.616196 0.7027671 -0.3555573 -0.6161812 0.7028114 -0.3554953 -0.6161973 0.7027743 -0.3555408 -0.6161903 0.702811 -0.3554804 -0.6162323 0.7027655 -0.3554975 -0.616168 0.7029139 -0.3553155 -0.07363933 0.6108876 0.7882853 -0.765721 -0.06795847 0.6395727 -0.03064411 0.5668889 0.8232241 -0.7305175 -0.1197478 0.6723129 -0.81193 -0.5413385 -0.2184545 0.04697507 0.4824644 0.8746551 -0.777113 -0.598303 -0.1952666 -0.1657925 -0.3354814 -0.927343 -0.658602 -0.2096366 0.7227004 0.1238784 0.3904078 0.9122697 -0.1238961 -0.3904036 -0.9122691 0.5260137 0.3433738 -0.7780773 -0.576202 -0.2962991 0.7617074 0.1658205 0.3354424 0.9273521 -0.5260342 -0.3433802 0.7780605 -0.7055984 -0.6921309 -0.1519396 -0.6228595 -0.7750951 -0.1061788 -0.5720524 -0.8163537 -0.07951593 0.5761995 0.2962885 -0.7617134 0.5720211 0.8163782 0.07949018 -0.04698497 -0.4824777 -0.8746472 0.03064346 -0.5669229 -0.8232008 0.07357764 -0.610874 -0.7883016 0.6228733 0.7750839 0.1061784 -0.07362926 0.6108961 0.7882797 -0.03063619 0.5669014 0.8232159 0.6586017 0.2096353 -0.7227012 0.7305113 0.1197438 -0.6723204 0.7657172 0.06793421 -0.6395797 0.7055984 0.6921311 0.1519395 0.04699367 0.4824873 0.8746414 0.7771064 0.5983135 0.1952604 0.8119513 0.5413045 0.2184596 0.1238856 0.3904275 0.9122604 0.1658046 0.3354594 0.9273489 0.6162821 -0.7027344 0.3554728 0.6161822 -0.7028082 0.3554998 0.6162207 -0.70278 0.355489 0.6161629 -0.7028125 0.3555248 0.6162047 -0.7027516 0.3555729 0.6160508 -0.7028645 0.3556165 -0.3574082 0.7027665 -0.615125 -0.3574256 0.7028115 -0.6150634 -0.3574171 0.7027747 -0.6151105 -0.3574408 0.7028117 -0.6150544 -0.3574688 0.7027669 -0.6150893 -0.3575031 0.7029144 -0.6149007 -0.4562931 0.6108885 0.6470023 -0.9824877 -0.06795775 0.1734924 -0.4363991 0.566888 0.6987088 -0.9682557 -0.119747 0.2194122 -0.5954173 -0.5413377 -0.5936596 -0.3946853 0.4824638 0.7819542 -0.5767654 -0.598302 -0.5562163 0.3178665 -0.3354804 -0.8867999 -0.9309692 -0.209637 0.2989128 -0.3467139 0.3904069 0.8528611 0.3466979 -0.3904027 -0.8528694 0.8435457 0.3433743 -0.4129465 -0.878924 -0.2962992 0.373764 -0.3178468 0.3354414 0.8868216 -0.8435552 -0.343381 0.4129216 -0.5363093 -0.6921312 -0.4830392 -0.487334 -0.7750947 -0.4021613 -0.456542 -0.8163543 -0.3537442 0.8789244 0.2962889 -0.373771 0.456529 0.8163777 0.3537072 0.3946719 -0.4824774 -0.7819526 0.4363861 -0.5669226 -0.6986889 0.4562472 -0.6108737 -0.6470487 0.4873458 0.7750837 0.4021686 -0.456282 0.610896 0.647003 -0.4363875 0.5669016 0.698705 0.930969 0.209635 -0.2989145 0.968254 0.1197434 -0.2194212 0.982488 0.06793367 -0.1735003 0.536311 0.6921306 0.4830383 -0.3946608 0.482487 0.7819522 0.5767612 0.5983136 0.5562081 0.5954328 0.5413047 0.5936742 -0.3467028 0.3904272 0.8528563 -0.3178588 0.3354585 0.8868108 0.357525 -0.7027346 0.6150935 0.357425 -0.7028087 0.615067 0.3574633 -0.7027806 0.6150769 0.3573955 -0.702813 0.6150791 0.3574074 -0.702752 0.6151421 0.357254 -0.7028648 0.6151022 -0.003747165 0.7027674 -0.7114099 -0.00379312 0.7028119 -0.7113656 -0.003762125 0.7027747 -0.7114027 -0.003810644 0.7028115 -0.7113659 -0.003817379 0.7027658 -0.7114111 -0.003941237 0.702915 -0.711263 -0.7178269 0.6108875 0.3339775 -0.9384586 -0.06795847 -0.3386405 -0.7263128 0.566889 0.3887246 -0.9489753 -0.1197468 -0.2917305 -0.2208532 -0.5413373 -0.8112816 -0.7315775 0.4824638 0.4816877 -0.2233168 -0.5983016 -0.7695226 0.7171497 -0.3354802 -0.6108596 -0.956215 -0.2096371 -0.204219 -0.7252719 0.3904079 0.5670648 0.7252631 -0.3904026 -0.5670796 0.9371632 0.3433745 0.0617997 -0.9483402 -0.2962989 -0.1133929 -0.7171422 0.3354426 0.6108891 -0.9371592 -0.3433808 -0.06182497 -0.2246609 -0.6921308 -0.6859173 -0.2224481 -0.7750942 -0.5913932 -0.2198471 -0.8163534 -0.5340735 0.9483441 0.2962887 0.1133874 0.2198531 0.8163775 0.5340341 0.7315655 -0.4824775 -0.4816923 0.7262922 -0.5669226 -0.388714 0.7178098 -0.6108735 -0.33404 0.2224547 0.7750834 0.5914048 -0.7178173 0.6108956 0.3339834 -0.7263016 0.5669013 0.3887274 0.9562155 0.2096353 0.2042181 0.9489785 0.1197438 0.2917213 0.9384626 0.06793439 0.3386338 0.2246615 0.6921303 0.6859176 -0.7315558 0.4824864 0.4816981 0.2233176 0.5983132 0.7695133 0.2208599 0.5413043 0.8113018 -0.7252605 0.3904271 0.5670661 -0.7171487 0.3354585 0.6108726 0.003863394 -0.7027352 0.7114411 0.003790676 -0.7028087 0.7113688 0.003818809 -0.7027806 0.7113965 0.003759384 -0.7028128 0.7113649 0.003738224 -0.7027515 0.7114256 0.00362575 -0.7028643 0.7113147 0.3509077 0.7027674 -0.6188552 0.3508459 0.7028113 -0.6188403 0.3508914 0.7027747 -0.6188563 0.3508313 0.702811 -0.618849 0.3508493 0.7027662 -0.6188898 0.3506677 0.7029128 -0.6188262 -0.788818 0.6108868 -0.06770193 -0.6453201 -0.06795698 -0.7608836 -0.8234313 0.5668893 -0.0244444 -0.6777942 -0.119746 -0.725435 0.2123354 -0.5413371 -0.8135526 -0.8742759 0.4824656 0.05356013 0.1894097 -0.5983017 -0.7785623 0.9260686 -0.3354809 -0.1727704 -0.7276389 -0.2096357 -0.653142 -0.911311 0.3904077 0.1307443 0.9113104 -0.3904033 -0.1307619 0.7820157 0.3433736 0.5201404 -0.766024 -0.2962991 -0.5704507 -0.9260774 0.3354419 0.1727988 -0.7819989 -0.3433803 -0.5201612 0.1466228 -0.6921306 -0.7067229 0.1014862 -0.7750943 -0.6236421 0.07520538 -0.816353 -0.5726361 0.7660304 0.296288 0.5704481 -0.07518136 0.8163773 0.5726047 0.8742686 -0.4824777 -0.05356997 0.8234083 -0.5669227 0.02444404 0.788833 -0.6108744 0.06763857 -0.1014855 0.7750834 0.6236559 -0.7888117 0.6108962 -0.06769019 -0.823423 0.5669017 -0.02443593 0.7276396 0.2096346 0.6531417 0.6778016 0.1197432 0.7254287 0.6453274 0.06793349 0.7608796 -0.1466221 0.6921303 0.7067232 -0.8742629 0.4824871 0.05357885 -0.189404 0.5983127 0.778555 -0.2123392 0.5413036 0.813574 -0.9113015 0.3904277 0.1307508 -0.926074 0.3354597 0.1727827 -0.3508232 -0.7027336 0.6189417 -0.3508499 -0.7028085 0.6188414 -0.3508393 -0.7027804 0.6188793 -0.350875 -0.702813 0.618822 -0.3509238 -0.7027515 0.6188642 -0.3509661 -0.7028641 0.6187123 0.6193281 0.7027679 -0.3500717 0.6192674 0.7028119 -0.3500905 0.6193143 0.702775 -0.3500818 0.6192591 0.7028114 -0.3501062 0.6192948 0.7027658 -0.3501347 0.619107 0.7029139 -0.3501695 -0.6415346 0.6108891 -0.4639482 -0.1618056 -0.0679568 -0.98448 -0.6934735 0.5668897 -0.4446691 -0.2078915 -0.1197451 -0.9707947 0.6006925 -0.5413376 -0.5883215 -0.7772086 0.4824655 -0.4039481 0.56303 -0.5983014 -0.5701166 0.8829597 -0.3354822 0.3283808 -0.2878299 -0.2096349 -0.9344556 -0.8486804 0.3904091 -0.3568226 0.8486894 -0.3904043 0.3568065 0.4028944 0.3433723 0.8483936 -0.3632938 -0.2962978 -0.8833037 -0.8829821 0.3354431 -0.3283606 -0.4028688 -0.3433799 -0.8484027 0.4893771 -0.6921305 -0.5305333 0.4079241 -0.775094 -0.4825219 0.359144 -0.8163529 -0.4523094 0.3633007 0.296287 0.8833044 -0.3591063 0.8163773 0.4522951 0.7772071 -0.4824783 0.4039356 0.6934537 -0.5669237 0.4446566 0.6415804 -0.610875 0.4639035 -0.4079309 0.775083 0.4825337 -0.6415352 0.6108969 -0.4639372 -0.6934702 0.5669023 -0.4446581 0.2878302 0.2096336 0.9344558 0.2079008 0.1197417 0.9707931 0.1618139 0.06793242 0.9844804 -0.4893763 0.6921302 0.5305344 -0.7772071 0.4824882 -0.4039237 -0.5630221 0.5983126 0.5701125 -0.6007072 0.5413037 0.5883377 -0.8486763 0.3904282 -0.3568115 -0.882971 0.3354603 -0.328373 -0.6193 -0.7027339 0.3501895 -0.6192719 -0.7028083 0.35009 -0.6192821 -0.7027801 0.3501284 -0.6192834 -0.7028127 0.3500606 -0.6193463 -0.7027517 0.3500719 -0.6193052 -0.7028643 0.3499184 0.7113901 0.7027665 0.006599366 0.7113462 0.7028114 0.006552934 0.7113822 0.7027745 0.006584286 0.7113465 0.7028111 0.006535351 0.7113917 0.7027655 0.006529092 0.7112472 0.7029129 0.006403684 -0.3235033 0.6108878 -0.7226076 0.3522515 -0.06795579 -0.933435 -0.378122 0.5668906 -0.7318872 0.3054988 -0.1197441 -0.9446333 0.8144073 -0.541337 -0.2090342 -0.4709989 0.4824655 -0.7385033 0.7726882 -0.5983014 -0.212105 0.6003677 -0.3354821 0.7259548 0.2181019 -0.209635 -0.9531447 -0.5564582 0.3904094 -0.7334403 0.5564737 -0.3904045 0.7334312 -0.07542139 0.3433721 0.9361662 0.1271707 -0.2962971 -0.9465917 -0.6003965 0.3354434 -0.725949 0.07544583 -0.3433794 -0.9361616 0.6891115 -0.6921304 -0.2146647 0.5945649 -0.7750942 -0.2138265 0.5372134 -0.816353 -0.2120605 -0.1271657 0.2962867 0.9465956 -0.5371744 0.8163772 0.2120663 0.4710038 -0.4824792 0.7384912 0.3781111 -0.5669244 0.7318667 0.3235661 -0.6108757 0.7225897 -0.5945767 0.7750831 0.2138335 -0.3235107 0.6108968 -0.7225967 -0.3781255 0.5669023 -0.7318763 -0.218101 0.209633 0.9531454 -0.3054899 0.1197416 0.9446365 -0.352244 0.06793165 0.9334397 -0.6891117 0.69213 0.2146653 -0.4710091 0.4824885 -0.7384818 -0.772679 0.5983127 0.2121065 -0.8144279 0.5413035 0.2090407 -0.5564604 0.3904293 -0.7334282 -0.600381 0.3354615 -0.7259534 -0.7114236 -0.7027336 -0.006483197 -0.7113495 -0.702808 -0.006555318 -0.7113772 -0.7027803 -0.006527125 -0.7113445 -0.7028127 -0.006586253 -0.7114039 -0.7027524 -0.006606996 -0.7112928 -0.7028637 -0.006719648 0.6118265 0.7027661 0.3630265 0.6118116 0.7028112 0.3629642 0.6118268 0.7027744 0.36301 0.6118203 0.7028112 0.3629496 0.6118611 0.7027662 0.3629679 0.6118004 0.7029137 0.3627848 0.08321857 0.6108899 -0.7873298 0.773442 -0.06795465 -0.630214 0.04065209 0.5668911 -0.8227891 0.7386398 -0.1197441 -0.6633797 0.8092145 -0.5413372 0.2283112 -0.03633564 0.4824664 -0.8751605 0.7746824 -0.5983015 0.2047008 0.1545034 -0.3354827 0.9292901 0.6673425 -0.2096343 -0.7146381 -0.1127752 0.3904099 -0.9137077 0.1127936 -0.3904049 0.9137076 -0.535438 0.3433715 0.7716231 0.5854231 -0.2962967 -0.7546445 -0.1545315 0.3354436 -0.9292995 0.5354579 -0.3433785 -0.7716063 0.7036992 -0.6921305 0.1605081 0.6215239 -0.7750938 0.113744 0.5710445 -0.8163531 0.0864647 -0.5854207 0.296286 0.7546505 -0.5710141 0.8163768 -0.08644044 0.03634583 -0.4824793 0.875153 -0.04065114 -0.5669245 0.8227663 -0.08315742 -0.6108762 0.787347 -0.6215373 0.775083 -0.1137439 0.08320826 0.6108976 -0.7873249 0.04064339 0.5669034 -0.8227811 -0.667342 0.2096326 0.714639 -0.7386338 0.1197412 0.6633869 -0.7734385 0.06793117 0.6302208 -0.7036999 0.69213 -0.1605074 -0.03635519 0.4824891 -0.8751472 -0.7746751 0.5983129 -0.2046954 -0.8092356 0.5413036 -0.2283161 -0.1127827 0.3904296 -0.9136984 -0.1545153 0.3354611 -0.9292959 -0.6119135 -0.7027332 -0.3629435 -0.6118132 -0.7028078 -0.3629681 -0.6118508 -0.7027801 -0.3629581 -0.611793 -0.7028127 -0.3629925 -0.6118327 -0.702753 -0.3630414 -0.6116822 -0.7028635 -0.3630811 0.8208921 0.0616976 -0.5677409 0.8954978 0.1376495 -0.423245 -0.1546427 -0.9816614 -0.1114745 -0.03039926 -0.8646679 -0.5014235 0.9086534 -0.4114179 0.07130527 -0.1261091 -0.6499527 -0.7494385 0.5431444 -0.7423135 0.3923837 0.1628035 -0.359949 -0.9186576 0.1362245 -0.98684 0.08711898 0.3759381 -0.1418928 -0.9157167 -0.3473929 -0.9131517 -0.2132424 0.1192225 -0.01456904 -0.9927607 -0.6424933 -0.7652817 -0.0393247 -0.1225793 0.1090931 -0.9864447 -0.5962033 -0.8013587 0.04864102 -0.1215838 0.1259096 -0.984563 -0.4640591 -0.8376361 0.288123 0.026784 -0.1794177 -0.9834083 -0.3670414 -0.911055 0.1877747 -0.2795777 -0.1900725 -0.9411211 0.8425127 0.374834 0.3868746 0.01534497 -0.9937962 -0.110153 0.9817748 0.1456464 0.1220881 0.2157788 -0.8901409 -0.4013585 0.7508066 -0.4115278 0.5166568 0.2639434 -0.6509378 -0.7117681 0.2741912 -0.7423148 0.611382 0.6003203 -0.359943 -0.7141824 0.07441675 -0.98684 0.1435587 0.7834303 -0.141896 -0.6050639 -0.194229 -0.9131547 -0.3583626 0.5996319 -0.01457333 -0.8001434 -0.5367498 -0.7652807 -0.3553096 0.3870655 0.1091005 -0.915575 -0.5406429 -0.8013628 -0.2559745 0.3869898 0.1259067 -0.9134476 -0.5459481 -0.8376365 0.01748996 0.5157305 -0.1804825 -0.8375251 -0.5250897 -0.8477444 -0.0749017 0.2987945 -0.2405428 -0.9235048 0.1160038 0.4150428 0.9023761 0.2311434 -0.9440401 -0.2352896 0.7072016 0.3419477 0.6188196 0.346282 -0.9324033 -0.1035037 0.7908481 0.1776318 0.5856673 0.4022953 -0.8935437 -0.1993443 0.3907858 -0.4117991 0.8232303 0.5823628 -0.651958 -0.485597 -0.06823539 -0.742316 0.6665666 0.8769844 -0.3599445 -0.318337 -0.007329404 -0.9868403 0.1615326 0.9810037 -0.1418874 -0.1322867 0.01097995 -0.9131515 -0.4074723 0.9193701 -0.01457214 -0.3931239 -0.2871937 -0.7652854 -0.5760714 0.7929949 0.1090862 -0.5993825 -0.340223 -0.8013614 -0.4920043 0.791867 0.1259114 -0.5975726 -0.4815468 -0.8376373 -0.2578303 0.8652539 -0.1800405 -0.46789 -0.3736741 -0.8971932 -0.2353978 0.7210676 -0.2197611 -0.6570896 -0.1427852 0.2262747 0.9635415 0.1087575 -0.9776104 -0.1801383 0.5677069 0.06170433 0.8209151 0.1114493 -0.9816605 -0.1546667 0.4232435 0.1376534 0.8954979 0.5014245 -0.8646672 -0.0303986 -0.07129836 -0.4114283 0.9086492 0.7494357 -0.6499536 -0.1261213 -0.3923859 -0.7423127 0.5431439 0.9186573 -0.3599485 0.1628065 -0.08712005 -0.9868398 0.1362252 0.915718 -0.1418901 0.3759359 0.2132402 -0.9131542 -0.3473876 0.9927546 -0.01458954 0.1192714 0.03932434 -0.7652823 -0.6424925 0.9864445 0.109094 -0.1225796 -0.04863464 -0.8013585 -0.5962042 0.9845634 0.1259133 -0.1215764 -0.2881192 -0.8376361 -0.4640614 0.9834257 -0.1793305 0.02672946 -0.1869885 -0.9137452 -0.3607011 0.9408577 -0.1885166 -0.2815109 -0.3777971 0.355309 0.855 0.1092774 -0.9940104 0.001363515 -0.1202418 0.1449095 0.9821116 0.402122 -0.8900066 0.2149096 -0.5165742 -0.4115175 0.7508692 0.7118133 -0.650798 0.2641661 -0.6113837 -0.7423146 0.2741882 0.7141836 -0.3599469 0.6003167 -0.1435537 -0.9868401 0.07442325 0.605063 -0.1418881 0.7834327 0.3583662 -0.9131529 -0.1942306 0.8001436 -0.01457071 0.5996316 0.3553052 -0.7652815 -0.5367519 0.9155768 0.1090964 0.3870623 0.2559757 -0.8013615 -0.5406445 0.9134336 0.1259428 0.3870109 -0.01748842 -0.8376384 -0.5459453 0.8375226 -0.1804795 0.5157355 0.07484275 -0.847758 -0.5250762 0.9234998 -0.2405428 0.2988098 0.8208986 0.06171619 -0.5677295 -0.1547076 -0.9816465 -0.1115154 -0.1801428 -0.9776094 -0.108759 0.9635421 0.2262704 0.1427881 -0.6570907 -0.2197687 -0.7210642 -0.235392 -0.8971927 0.3736788 -0.4678887 -0.180041 -0.8652545 -0.2578302 -0.8376387 0.4815446 -0.5975682 0.1259202 -0.7918689 -0.4920137 -0.8013585 0.3402161 -0.5993775 0.1090928 -0.7929977 -0.5760786 -0.7652813 0.2871898 -0.3930838 -0.01459026 -0.9193869 -0.4074735 -0.9131512 -0.01097893 -0.1322879 -0.1418825 -0.9810043 0.1615317 -0.9868404 0.007323622 -0.3183367 -0.3599448 -0.8769844 0.6665683 -0.7423142 0.06823855 -0.4855912 -0.6519606 -0.5823647 0.823235 -0.4117947 -0.3907803 -0.1993467 -0.8935444 -0.4022924 0.5856657 0.1776267 -0.7908505 -0.1035058 -0.9324042 -0.3462788 0.6188224 0.3419415 -0.7072022 -0.235289 -0.9440405 -0.2311421 0.9023741 0.4150488 -0.1159977 -0.923505 -0.2405452 -0.2987918 -0.07489734 -0.8477447 0.52509 -0.837525 -0.1804837 -0.5157302 0.01749151 -0.8376349 0.5459506 -0.9134492 0.1259041 -0.3869867 -0.2559712 -0.8013626 0.5406447 -0.9155786 0.1090893 -0.3870599 -0.3552979 -0.7652836 0.5367537 -0.800143 -0.01456958 -0.5996325 -0.3583685 -0.9131527 0.1942273 -0.6050642 -0.1418855 -0.7834321 0.1435532 -0.9868401 -0.07442492 -0.7142111 -0.3599092 -0.6003065 0.6113827 -0.7423151 -0.2741889 -0.7117683 -0.6509366 -0.2639462 0.516694 -0.4115899 -0.7507472 -0.4013589 -0.8901412 -0.2157772 0.1221072 0.1456871 -0.9817664 -0.1101563 -0.9937961 -0.0153324 0.386874 0.3748243 -0.8425173 -0.9411215 -0.1900712 0.2795773 0.1877733 -0.9110546 0.3670431 -0.9834089 -0.1794148 -0.0267843 0.2881184 -0.8376369 0.4640606 -0.9845634 0.12591 0.1215804 0.04863876 -0.8013586 0.5962036 -0.9864452 0.1090912 0.1225762 -0.0393272 -0.7652837 0.6424908 -0.9927529 -0.01458054 -0.1192856 -0.2132573 -0.9131492 0.34739 -0.915719 -0.1418798 -0.3759375 0.0871073 -0.9868403 -0.1362299 -0.9186587 -0.3599464 -0.1628026 0.3923812 -0.7423142 -0.5431452 -0.7494376 -0.6499512 0.1261218 0.0712949 -0.4114283 -0.9086495 -0.5014249 -0.8646672 0.03039747 -0.4232429 0.1376537 -0.8954982 -0.1114518 -0.9816604 0.1546659 -0.5677049 0.06170636 -0.8209163 -0.1087572 -0.9776107 0.1801368 0.1427866 0.2262753 -0.9635412 -0.721067 -0.2197608 0.6570902 0.3736745 -0.8971928 0.2353983 -0.8652529 -0.1800446 0.4678902 0.481551 -0.837636 0.2578269 -0.7918674 0.1259064 0.5975731 0.3402262 -0.8013604 0.4920035 -0.792997 0.1090911 0.5993788 0.28719 -0.7652831 0.5760762 -0.9193824 -0.01461565 0.3930935 -0.01094937 -0.9131665 0.4074397 -0.01096773 -0.9131716 0.407428 -0.9193936 -0.0145452 0.39307 -0.9810042 -0.1418824 0.1322877 0.007324576 -0.9868405 -0.161531 -0.8769845 -0.3599492 0.3183314 0.06824547 -0.7423121 -0.6665699 -0.5823634 -0.6519564 0.4855985 -0.39076 -0.4117713 -0.8232564 -0.4022864 -0.8935467 0.1993497 -0.7908527 0.1776179 -0.5856653 -0.3462794 -0.9324041 0.1035053 -0.7072022 0.341944 -0.6188209 -0.231146 -0.944041 0.2352833 -0.1160428 0.4149093 -0.9024325 -0.2987955 -0.2405408 0.923505 0.5251119 -0.8477348 0.07485413 -0.5157306 -0.1804845 0.8375246 0.5459488 -0.8376361 -0.01749241 -0.3869884 0.1259041 0.9134485 0.5406447 -0.801362 0.2559732 -0.3870685 0.1091003 0.9155737 0.5367482 -0.765282 0.3553095 -0.599672 -0.01459419 0.8001129 0.1942303 -0.9131538 0.3583642 -0.78343 -0.1418887 0.6050661 -0.07442069 -0.9868401 -0.1435551 -0.6003181 -0.3599427 0.7141845 -0.2741913 -0.742317 -0.6113793 -0.2639446 -0.650935 0.7117703 -0.7507494 -0.4115905 -0.5166901 -0.2157699 -0.8901428 0.4013593 -0.9817679 0.1456801 -0.1221032 -0.01534301 -0.9937961 0.1101551 -0.842514 0.3748312 -0.3868744 0.2795766 -0.1900725 0.9411213 0.3670412 -0.9110552 -0.1877744 -0.02678012 -0.1794219 0.9834076 0.46406 -0.8376347 -0.2881259 0.1215807 0.1259118 0.9845631 0.5962036 -0.8013588 -0.04863625 0.1225807 0.1090919 0.9864446 0.6424919 -0.7652829 0.03932166 -0.1192858 -0.01459646 0.9927527 0.3473889 -0.9131534 0.2132417 -0.3759383 -0.141891 0.9157169 -0.1362251 -0.9868403 -0.08711588 -0.1628043 -0.3599463 0.9186585 -0.5431467 -0.742313 -0.3923815 0.1261183 -0.6499516 0.7494378 -0.9086504 -0.4114258 -0.07129728 0.03039968 -0.8646672 0.5014246 -0.8954979 0.1376504 0.4232444 0.1546741 -0.9816599 0.1114446 -0.8209147 0.06170046 0.5677078 0.1801315 -0.9776118 0.1087565 -0.963541 0.22628 -0.1427803 0.6570885 -0.2197592 0.7210692 0.2353994 -0.8971934 -0.3736727 0.4678915 -0.1800401 0.8652533 0.2578312 -0.837637 -0.4815468 0.597575 0.1259025 0.7918666 0.4920012 -0.801361 -0.3402286 0.5993788 0.1090875 0.7929975 0.5760756 -0.7652837 -0.2871896 0.3931365 -0.01456516 0.9193648 0.4074716 -0.9131519 0.01098275 0.1322885 -0.1418861 0.9810037 -0.1615335 -0.9868401 -0.007327497 0.3183339 -0.3599458 0.876985 -0.6665706 -0.7423122 -0.06823837 0.4855991 -0.6519559 0.5823633 -0.8232275 -0.4118009 0.3907897 0.1993478 -0.8935444 0.402292 -0.5856659 0.1776263 0.7908505 0.1035025 -0.9324041 0.3462803 -0.6188247 0.3419436 0.7071991 0.2352797 -0.944041 0.2311497 -0.9024066 0.4149412 0.1161305 0.9234956 -0.2405533 0.2988143 0.07488685 -0.8477587 -0.5250688 -0.07128596 -0.41143 0.9086494 -0.5699235 0.2713536 0.7755994 -0.3923654 -0.7422883 0.543192 0.4232103 0.1376146 0.8955196 -0.9249432 -0.2599567 0.2773131 -0.08710986 -0.9868372 0.1362507 -0.7953665 -0.5826498 -0.1670665 -0.9908593 -0.07318979 -0.1133188 0.2132396 -0.9131582 -0.3473775 0.0393086 -0.7652614 -0.6425184 -0.04863667 -0.8013414 -0.5962268 -0.288135 -0.8376557 -0.4640164 -0.9653887 0.1646791 -0.2022517 -0.6669825 0.7444058 -0.0315321 -0.1869608 -0.9137637 -0.3606683 -0.9771552 0.1919732 0.09118223 -0.3778011 0.3553075 0.8549988 -0.8240926 0.5106239 0.2452238 -0.698588 0.4874772 0.5237756 -0.05878174 0.7875765 0.613407 -0.232861 0.8907091 0.3904012 0.09785246 0.8744643 0.4751179 0.5677367 0.0617156 0.8208937 -0.1427974 0.2262532 0.9635447 -0.3577362 0.9136372 0.1931113 -0.1510149 0.9530314 0.2625371 -0.1933488 0.8905069 0.4118421 -0.8614053 0.1510147 0.4849491 -0.3736656 -0.8972043 -0.2353688 -0.9371779 0.164674 0.3075388 -0.5933928 0.7444032 0.3061844 -0.914768 -0.07318997 0.3972943 -0.4815404 -0.8376558 -0.2577822 -0.340236 -0.8013412 -0.4920281 -0.2872177 -0.7652613 -0.5760913 -0.4860655 0.8084019 0.3320044 -0.2759175 0.9246444 0.2624928 -0.1760153 0.9727467 0.1509392 0.02633792 0.9994572 -0.0197947 -0.2788837 0.9406812 0.1932435 -0.33253 0.9420838 0.04361122 -0.300618 0.9523867 0.05087661 -0.002182245 0.9998863 -0.01492512 -0.5696605 0.8205427 0.04686909 -0.46842 0.869598 0.1561484 -0.2769901 0.9366673 0.2143151 -0.2905138 0.9513231 0.102889 -0.1183521 0.9056683 0.4071335 -0.1202654 0.1449208 0.9821071 -0.1938448 0.9713265 0.1376563 -0.346652 0.7991614 0.4910941 -0.8813678 0.2713544 0.386727 -0.5165655 -0.4115399 0.750863 -0.6113951 -0.742286 0.27424 -0.9396822 -0.259955 -0.2223082 -0.1435647 -0.9868373 0.07444077 -0.8668828 0.4874773 0.1043087 -0.3551735 0.9022048 0.2447003 -0.8362958 0.5106263 -0.1996756 -0.8014504 -0.07318854 -0.5935663 -0.5618575 0.7444061 -0.3607988 -0.6052734 -0.5826496 -0.5423685 0.3583604 -0.9131581 -0.1942167 0.3553044 -0.7652599 -0.5367833 0.2559483 -0.8013452 -0.5406813 -0.01752418 -0.837657 -0.5459156 -0.4077984 0.9129795 -0.01299619 -0.7349246 0.1646767 -0.6578506 0.07486939 -0.8477491 -0.5250868 -0.8172796 0.1087914 -0.5658785 -0.9023797 0.4150183 0.1160638 -0.232435 0.9722583 0.02622312 -0.4892129 0.8721631 0.001526653 -0.6188287 0.3419448 0.707195 -0.3100702 0.9420081 -0.1283638 0.07471865 0.9970471 0.01773238 -0.2990034 0.9492729 -0.09735548 -0.5390716 0.80728 -0.2402098 -0.3691596 0.9253364 -0.08645176 -0.2667416 0.9495336 0.16503 -0.5856553 0.1776052 0.790863 0.0436812 0.9989455 0.01413667 -0.3070332 0.9516971 0.001815795 -0.2275742 0.9673851 -0.111248 0.8400427 0.5422039 -0.01853191 0.809358 0.5538076 0.1955423 0.7722398 0.5700633 -0.2804882 -0.5278215 0.7968991 0.2938647 -0.4515185 0.8922421 0.005934894 -0.9566512 0.2713532 -0.1057636 -0.823248 -0.4117662 0.3907831 -0.6666041 -0.7422849 -0.06820654 -0.8028972 0.4874761 -0.3431082 -0.7026322 -0.2599542 -0.6623684 -0.1615538 -0.9868369 -0.00731647 -0.6244162 0.5106245 -0.5910729 -0.3972933 -0.07318919 -0.9147685 -0.3061837 0.7444036 -0.5933927 -0.2530006 -0.5826499 -0.7723405 0.4074568 -0.9131585 0.01098257 0.5760914 -0.7652617 -0.2872164 0.4919979 -0.8013451 -0.3402707 0.2577818 -0.8376554 -0.481541 -0.3505467 0.9099421 -0.2216362 -0.3075382 0.1646754 -0.9371778 0.235369 -0.8972044 -0.3736652 -0.2133694 0.9382513 -0.27232 -0.4849479 0.1510145 -0.861406 -0.9635447 0.2262538 -0.1427962 -0.1978827 0.9381484 -0.2841128 -0.3320045 0.8084022 -0.4860647 -0.4118421 0.8905067 -0.1933491 0.06451296 0.9977956 0.01556283 0.02519685 0.9977732 0.06175738 -0.2563967 0.9262653 -0.2762125 -0.4751178 0.8744645 0.09785294 -0.8208932 0.06171846 0.5677371 -0.8955189 0.1376072 0.4232141 0.6808764 0.553243 0.4799267 -0.2625359 0.9530319 -0.1510142 -0.1572939 0.971679 -0.1763477 0.5032017 0.5329063 0.6802934 -0.6134105 0.7875739 -0.05877846 -0.3904007 0.8907092 -0.2328616 -0.7756016 0.2713495 -0.5699224 -0.908648 -0.4114336 -0.07128357 -0.543192 -0.7422855 -0.3923706 -0.5237783 0.4874742 -0.6985881 -0.2773119 -0.259955 -0.9249441 -0.1362487 -0.9868373 -0.08711218 -0.1931102 0.9136377 -0.3577357 -0.2452243 0.5106238 -0.8240924 0.1133179 -0.07318913 -0.9908595 0.03153198 0.7444053 -0.6669832 0.1670658 -0.5826496 -0.7953669 0.3473744 -0.9131592 0.2132403 0.6425166 -0.7652627 0.03931087 0.5962265 -0.8013418 -0.04863649 0.4640167 -0.837656 -0.2881337 0.2022514 0.1646779 -0.9653888 0.3670831 -0.9110384 -0.1877743 -0.08689534 0.1889719 -0.9781303 -0.8425235 0.3748518 -0.3868339 -0.04361158 0.942084 -0.3325296 -0.05637526 0.9497985 -0.3077415 0.02607905 0.999349 0.0249322 -0.0493322 0.8184866 -0.5724036 -0.1555529 0.8690795 -0.4695788 0.2924934 0.5463111 0.7848514 -0.213668 0.9370523 -0.2761866 -0.09704613 0.9498897 -0.2971393 -0.3969377 0.9094471 -0.1238808 -0.9817742 0.145646 -0.1220929 -0.137656 0.9713265 -0.1938448 -0.4910962 0.7991615 -0.3466491 -0.3867278 0.271354 -0.8813675 -0.7507696 -0.4115909 -0.5166603 -0.2742371 -0.7422875 -0.6113945 0.2223072 -0.2599573 -0.9396818 -0.0744419 -0.9868373 -0.1435637 -0.1043108 0.4874741 -0.8668843 -0.2447031 0.9022039 -0.3551741 0.1996764 0.5106234 -0.8362972 0.5935659 -0.07319033 -0.8014504 0.3608002 0.7444049 -0.5618582 0.5423652 -0.5826495 -0.6052765 0.1942166 -0.9131581 0.3583608 0.5367828 -0.7652614 0.355302 0.5406811 -0.801346 0.2559466 0.545916 -0.8376567 -0.01752471 0.01299625 0.9129794 -0.4077987 0.6578502 0.1646756 -0.7349253 0.5250854 -0.8477497 0.0748732 0.5658813 0.1087908 -0.8172779 -0.1160325 0.414979 -0.9024018 -0.02634721 0.9722346 -0.2325207 -0.001527726 0.8721625 -0.4892141 -0.7071972 0.3419434 -0.6188271 0.1283628 0.9420084 -0.31007 -0.001079916 0.9971238 0.07578271 0.09729158 0.9492102 -0.299223 0.2402091 0.807282 -0.5390692 0.08688569 0.9250256 -0.3698359 -0.1650305 0.9495334 -0.2667419 -0.7908627 0.1776044 -0.5856559 0.05650943 0.53245 0.8445731 -0.0115 0.9984049 0.05527502 -0.001815915 0.9516972 -0.3070331 -0.1676798 0.5432483 0.8226571 0.1222412 0.9679194 -0.2195204 -0.2938665 0.7968984 -0.5278215 -0.005934119 0.8922424 -0.4515178 0.1057673 0.2713549 -0.9566503 -0.3907774 -0.4117596 -0.8232541 0.06820905 -0.742287 -0.6666015 0.3431079 0.4874755 -0.8028977 0.6623691 -0.2599551 -0.7026312 0.007315874 -0.986837 -0.1615524 0.5910732 0.5106244 -0.6244161 0.9147685 -0.07318919 -0.3972933 0.5933935 0.744403 -0.3061838 0.7723401 -0.5826507 -0.253 -0.01098316 -0.9131576 0.4074589 0.2872165 -0.7652613 0.5760921 0.3402327 -0.8013425 0.4920285 0.4815424 -0.8376549 0.2577816 0.2216366 0.9099419 -0.3505466 0.9371785 0.1646751 -0.3075367 0.3736673 -0.8972039 0.2353677 0.2723206 0.9382509 -0.21337 0.8614054 0.1510137 -0.4849493 0.1427983 0.2262519 -0.963545 0.278819 0.9410848 -0.1913626 0.4860665 0.8084011 -0.3320047 0.1933491 0.8905068 -0.411842 -0.02330887 0.9968745 0.07548606 -0.04965245 0.9982023 0.03357094 0.2776309 0.9255353 -0.2574989 -0.09785258 0.8744644 -0.4751179 -0.5677365 0.06171351 -0.8208939 -0.4232114 0.1376122 -0.8955195 -0.4411243 0.5552027 0.7050953 0.1510146 0.9530316 -0.2625365 0.1774337 0.9713026 -0.1583937 -0.6488378 0.5439763 0.5320708 0.0587818 0.7875753 -0.6134085 0.2328618 0.890709 -0.3904011 0.5699226 0.2713524 -0.7756005 0.07128822 -0.4114305 -0.908649 0.392367 -0.7422857 -0.5431945 0.698588 0.487475 -0.5237775 0.924943 -0.2599549 -0.2773159 0.08710837 -0.9868372 -0.1362518 0.3577357 0.9136375 -0.1931111 0.8240924 0.5106239 -0.2452244 0.9908594 -0.07318961 0.113318 0.6669828 0.7444057 0.03153181 0.7953672 -0.5826494 0.1670653 -0.2132437 -0.9131576 0.3473764 -0.03931057 -0.7652608 0.6425191 0.04863691 -0.8013418 0.5962264 0.2881327 -0.8376569 0.4640156 0.9653891 0.1646767 0.2022513 0.1877691 -0.9110388 0.3670848 0.9781309 0.1889691 -0.08689522 0.3868319 0.3748517 -0.8425243 0.3325298 0.9420839 -0.04361182 0.303896 0.9512731 -0.05221992 -0.001404225 0.9999182 0.01271724 0.5705081 0.8199272 -0.04732811 0.4664896 0.8705927 -0.1563838 -0.7770572 0.5640882 0.279261 0.2761871 0.9370526 -0.2136659 0.2926501 0.9506865 -0.1027196 0.1238803 0.9094474 -0.3969372 0.1220935 0.145648 -0.9817739 0.1938446 0.9713265 -0.1376561 0.3466497 0.7991629 -0.4910935 0.8813678 0.2713552 -0.3867266 0.5166575 -0.4115934 -0.7507703 0.6113917 -0.7422891 -0.2742393 0.9396812 -0.2599584 0.2223082 0.1435636 -0.9868374 -0.07444161 0.8668823 0.4874778 -0.1043091 0.3551741 0.9022042 -0.2447022 0.8362968 0.5106243 0.1996764 0.8014496 -0.07318961 0.593567 0.5618591 0.7444041 0.3608003 0.6052733 -0.5826508 0.5423675 -0.3583626 -0.9131577 0.1942148 -0.3553047 -0.7652608 0.5367817 -0.255993 -0.8013425 0.5406643 0.01752406 -0.837656 0.5459169 0.4077982 0.9129797 0.01299583 0.7349246 0.1646746 0.6578511 -0.07487112 -0.8477495 0.5250859 0.8172795 0.1087884 0.5658793 0.9023905 0.4150011 -0.1160416 0.2341737 0.9718212 -0.02695077 0.489214 0.8721625 -0.001526892 0.618828 0.3419436 -0.7071962 0.3100696 0.9420085 0.1283624 -0.06754285 0.9975283 -0.01937437 0.3003079 0.948867 0.09729683 0.5390711 0.8072805 0.2402095 0.3718049 0.9241605 0.08768534 0.2667422 0.9495333 -0.1650312 0.5856557 0.1776061 -0.7908626 -0.8366131 0.5474305 0.01996535 -0.03636056 0.9993093 -0.007673919 0.3070322 0.9516974 -0.001816034 -0.8117072 0.5603644 -0.1646916 0.2206327 0.9676184 0.1226212 0.5278217 0.7968992 -0.293864 0.4515182 0.8922421 -0.005934834 0.9566516 0.2713512 0.1057647 0.8232501 -0.4117648 -0.3907803 0.6666025 -0.7422863 0.0682072 0.802899 0.487474 0.3431069 0.7026318 -0.2599554 0.6623682 0.1615524 -0.986837 0.007315933 0.6244165 0.5106239 0.591073 0.3972937 -0.07319009 0.9147683 0.3061835 0.7444037 0.5933927 0.2530004 -0.5826505 0.7723401 -0.4074585 -0.9131577 -0.01098316 -0.576092 -0.7652617 0.2872154 -0.4920289 -0.8013419 0.3402336 -0.2577827 -0.8376556 0.4815407 0.3505461 0.9099422 0.2216364 0.3075376 0.1646761 0.937178 -0.2353687 -0.897204 0.3736663 0.2133695 0.9382512 0.2723202 0.197495 0.9395399 0.2797508 0.4849497 0.1510128 0.8614053 0.9635439 0.2262566 0.1427978 0.3320044 0.808401 0.4860668 0.4118412 0.8905075 0.1933476 -0.0698058 0.9972972 -0.02292066 0.4751172 0.8744648 -0.0978527 0.8208951 0.06171977 -0.5677341 0.895519 0.1376144 -0.4232116 0.2582315 0.9250932 0.2784225 -0.007415771 0.9988458 -0.04745733 0.2625369 0.9530316 0.151014 -0.01696169 0.999855 0.001563906 -0.7301548 0.5591477 -0.3927185 -0.5917536 0.5641172 -0.5758469 0.1588647 0.9711051 0.1780922 -0.4710465 0.5480617 -0.69119 0.6134065 0.787577 0.05878025 0.3904009 0.8907091 0.2328617 0.7756003 0.2713522 0.5699231 0.908647 -0.4114357 0.07128471 0.5431917 -0.7422856 0.3923709 0.5237746 0.4874764 0.6985893 0.2773123 -0.2599548 0.924944 0.1362502 -0.9868372 0.08711123 0.1931112 0.9136372 0.3577361 0.2452238 0.5106241 0.8240925 -0.113318 -0.07318931 0.9908595 -0.03153258 0.7444055 0.6669829 -0.1670665 -0.582649 0.7953672 -0.3473789 -0.9131574 -0.2132409 -0.6425204 -0.7652598 -0.03930872 -0.5962271 -0.8013412 0.0486381 -0.4640163 -0.8376557 0.2881352 -0.2022523 0.1646781 0.9653887 -0.3670835 -0.9110383 0.187774 0.0868957 0.1889715 0.9781304 0.8425239 0.3748509 0.3868336 0.04361218 0.9420841 0.3325288 0.05752688 0.9493395 0.3089421 -0.01677095 0.9998595 -2.33032e-5 0.04998201 0.8178409 0.5732697 0.1552805 0.8685929 0.4705682 -0.2870231 0.5717015 -0.768619 0.2136672 0.9370529 0.2761854 0.09669977 0.9491795 0.2995123 0.3969379 0.9094471 0.1238802 0.9817748 0.1456434 0.122091 0.137656 0.9713265 0.1938446 0.4910954 0.7991613 0.3466503 0.3867256 0.2713537 0.8813686 0.7507693 -0.4115939 0.5166586 0.2742401 -0.742286 0.611395 -0.2223073 -0.2599563 0.939682 0.07444149 -0.9868372 0.1435646 0.104308 0.4874761 0.8668835 0.2447019 0.902204 0.3551745 -0.1996762 0.5106236 0.8362972 -0.5935662 -0.07319062 0.8014501 -0.3607996 0.7444047 0.5618587 -0.5423675 -0.5826493 0.6052746 -0.1942159 -0.9131579 -0.3583613 -0.5367818 -0.7652611 -0.3553038 -0.5406643 -0.8013426 -0.2559927 -0.5459165 -0.8376563 0.01752412 -0.01299619 0.9129797 0.4077982 -0.6578497 0.1646756 0.7349256 -0.5250851 -0.8477501 -0.07486951 -0.5658776 0.1087896 0.8172805 0.1160373 0.4150022 0.9023905 0.02682781 0.9718446 0.2340908 0.001527249 0.8721629 0.4892131 0.707198 0.3419451 0.6188251 -0.1283625 0.9420082 0.3100703 0.002883672 0.9988363 -0.04814398 -0.09736263 0.9489311 0.3000839 -0.2402086 0.8072806 0.5390715 -0.08724182 0.9244821 0.3711089 0.1650304 0.9495336 0.2667418 0.7908617 0.1776071 0.5856565 -0.0550692 0.5571992 -0.8285509 0.00555551 0.9994852 -0.03160059 0.001815736 0.9516974 0.3070326 0.1658814 0.5663545 -0.8072955 -0.1229722 0.9679122 0.2191433 0.2938626 0.7968996 0.5278218 0.005934059 0.8922426 0.4515173 -0.1057657 0.2713536 0.9566509 0.3907803 -0.4117608 0.823252 -0.06820601 -0.7422864 0.6666026 -0.3431066 0.4874747 0.8028988 -0.6623684 -0.2599557 0.7026316 -0.007316648 -0.9868372 0.161552 -0.5910726 0.5106238 0.624417 -0.2216355 0.909942 0.350547 -0.7723405 -0.5826502 0.2529999 0.01098227 -0.9131581 -0.4074578 -0.2723198 0.9382511 0.2133699 0.01602917 0.9977733 -0.06474214 0.6263852 0.5581258 -0.5441849 0.4239069 0.5691879 -0.7045056 0.679062 0.690793 -0.2483546 0.5627267 0.6698213 -0.484436 0.382013 0.6686125 -0.6379839 0.7250515 0.6883485 -0.02183729 0.1512626 0.6563902 -0.7391018 -0.04733955 0.6818146 -0.7299917 -0.2667902 0.6446228 -0.7164387 -0.4095705 0.6859766 -0.6014051 -0.5473332 0.6455448 -0.5326334 -0.6474546 0.6775912 -0.3488162 -0.7390952 0.6563984 -0.1512597 -0.7252573 0.6880746 0.02356141 0.7318169 0.6589025 0.174045 -0.6758508 0.6972838 0.2387909 0.6083047 0.6670997 0.4300506 -0.5683122 0.6812232 0.461472 0.4271367 0.6958125 0.5774074 -0.3924705 0.6744785 0.6253364 0.2582326 0.6682159 0.6977131 -0.1461574 0.6766403 0.7216619 0.04709541 0.7138574 0.6987057 -0.5335278 0.03133219 -0.845202 6.0153e-4 0.2483131 -0.9686797 -0.5898039 -0.7097288 -0.3852484 -0.7542597 0.4115915 -0.5115516 -0.7798808 -0.1030309 -0.6173902 -0.8564204 -0.08172261 -0.5097702 -0.5159842 0.6023252 -0.6090689 -0.4257378 0.6095451 -0.6687318 -0.9339383 0.3553435 0.03860396 -0.402666 0.7135765 -0.5732964 -0.5845984 0.7437959 0.3240563 -0.4134633 0.7388026 -0.5321832 -0.1406958 0.9871147 0.07621908 -0.300598 0.7149745 -0.6312308 0.3575432 0.9187081 -0.1677452 0.2149832 0.6311794 -0.7452482 0.6464762 0.7628268 0.01280969 0.58323 0.4543902 -0.6733293 0.6329468 0.7600409 0.1473642 0.5858168 0.53194 -0.6114398 0.4420337 0.8369947 0.322562 0.3841891 0.7551454 -0.5311819 0.06615114 0.9049115 0.4204277 0.1435115 0.9820461 -0.1224331 -0.9003145 -0.2786042 0.3343855 -0.4435437 0.8958509 0.02683734 -0.9906833 -0.1317438 0.03449833 -0.7615637 0.5654885 -0.316613 -0.7897371 0.3532465 0.5015298 -0.6390047 0.7118277 -0.2915035 -0.3442538 0.7437988 0.5729334 -0.624165 0.738797 -0.2541594 -0.08373743 0.987115 0.1363527 -0.754273 0.4115732 -0.5115464 0.2257748 0.9187092 -0.324036 -0.5335327 0.03129398 -0.8452004 0.5662691 0.762825 -0.31215 5.5708e-4 0.2483808 -0.9686623 0.6218279 0.7600424 -0.1888533 0.2016103 0.5319399 -0.8224314 0.5434794 0.8375557 0.05595397 0.06421637 0.7527703 -0.6551436 0.4945406 0.8400616 0.2229937 0.2321263 0.9302484 -0.2841746 -0.0658999 -0.2524639 0.9653597 -0.05229288 0.9358437 0.3485142 -0.7871376 -0.292549 0.5429822 -0.8245552 0.4544019 0.337087 -0.8313521 -0.1752031 0.5274064 -0.830911 0.542295 0.124512 -0.4325786 0.349939 0.8309143 -0.7011283 0.7090947 0.07485872 -0.0116623 0.7437976 0.6683032 -0.6676201 0.7387984 0.09198015 -0.004336535 0.9871147 0.1599561 -0.6969565 0.7149786 -0.05529201 0.03350454 0.9187065 -0.3935174 -0.5379072 0.6311788 -0.5588105 0.3343386 0.7628281 -0.5534538 -0.2915012 0.4543969 -0.8417546 0.4440963 0.7600404 -0.4744652 -0.2366163 0.5319417 -0.8130504 0.4995488 0.8372577 -0.2223748 -0.2698361 0.7540522 -0.598827 0.4686707 0.881182 0.06217938 0.00546962 0.9651588 -0.2616081 0.1089373 -0.1182042 0.9869958 -0.04076606 0.9453554 0.3234834 -0.6174053 -0.1030281 0.7798692 -0.6090771 0.6023285 0.5159706 -0.5097705 -0.08171921 0.8564206 -0.6687297 0.609549 0.4257355 0.03859955 0.3553518 0.9339354 -0.5732957 0.7135818 0.4026576 0.3240581 0.7437932 0.5846008 -0.5321815 0.7387985 0.4134727 0.07621711 0.987115 0.1406944 -0.6312322 0.7149762 0.3005914 -0.1677368 0.9187096 -0.3575429 -0.745243 0.6311835 -0.214989 0.01280647 0.7628242 -0.6464792 -0.6733347 0.4543846 -0.5832281 0.1473627 0.7600415 -0.6329465 -0.6114419 0.5319422 -0.5858126 0.3226831 0.8369552 -0.44202 -0.5310418 0.7552231 -0.3842303 0.4167403 0.9071665 -0.0581091 -0.125337 0.9825 -0.137784 0.3227873 -0.2594081 0.9102285 0.01855778 0.8940747 0.4475334 0.03112494 -0.1280943 0.9912735 -0.3184058 0.5690861 0.7581284 0.501357 0.353532 0.7897191 -0.2919799 0.7120546 0.6385343 0.5729385 0.7437974 0.3442486 -0.2541571 0.7388014 0.6241607 0.1363536 0.9871148 0.08373838 -0.3963633 0.7149736 0.5759418 -0.3240362 0.9187091 -0.225775 -0.7528939 0.631183 0.1864373 -0.3121465 0.762825 -0.5662709 -0.874738 0.4543837 -0.1684302 -0.1888485 0.7600435 -0.6218282 -0.8224272 0.5319466 -0.2016096 0.05594718 0.8375566 -0.5434786 -0.6551492 0.752766 -0.06421136 0.2230351 0.8400716 -0.4945049 -0.2841917 0.9302478 -0.2321082 -0.7798743 -0.1030031 -0.6174031 -0.5159598 0.6023377 -0.6090771 -0.3234789 0.9453567 -0.04077017 -0.9869959 -0.1182007 0.1089395 0.2616075 0.9651589 0.00546807 -0.06217807 0.8811821 0.4686704 0.598827 0.7540546 -0.2698298 0.2223723 0.8372572 0.4995509 0.8130366 0.5319719 -0.2365953 0.4744709 0.760041 0.4440892 0.8417555 0.4543906 -0.2915082 0.5534611 0.7628253 0.334333 0.5588063 0.6311824 -0.5379074 0.3935132 0.9187082 0.03350484 0.05529665 0.7149753 -0.6969596 -0.1599543 0.9871149 -0.004342138 -0.0919823 0.7387992 -0.6676189 -0.6683062 0.7437949 -0.01165932 -0.074862 0.7090877 -0.701135 -0.8309179 0.3499333 -0.432576 -0.1245137 0.5422971 -0.8309094 -0.5274049 -0.1751967 -0.8313544 -0.3370882 0.4544066 -0.824552 -0.5429844 -0.2925434 -0.7871381 -0.3485148 0.9358435 -0.0522927 -0.9653593 -0.2524664 -0.06589567 0.2841695 0.9302495 0.2321286 -0.2229984 0.8400605 0.4945404 0.6551423 0.7527719 0.06421208 -0.05595213 0.8375558 0.5434793 0.822406 0.5319748 0.2016218 0.1888552 0.7600422 0.6218276 0.8747346 0.4543927 0.168424 0.3121435 0.762827 0.5662697 0.7528953 0.6311817 -0.1864361 0.3240408 0.9187077 0.225774 0.3963652 0.7149751 -0.5759386 -0.1363523 0.987115 -0.08373844 0.2541533 0.7388007 -0.6241632 -0.5729407 0.7437958 -0.3442482 0.2914969 0.7118231 -0.6390131 -0.5015377 0.3532379 -0.7897362 0.316635 0.565456 -0.7615786 -0.03449481 -0.131735 -0.9906846 -0.0268343 0.8958557 -0.4435343 -0.3343858 -0.2785944 -0.9003173 0.1224304 0.9820464 0.1435121 -0.4204296 0.9049105 0.06615203 0.5311803 0.7551458 0.3841906 -0.3226038 0.8369824 0.4420263 0.6114102 0.5319752 0.5858156 -0.147364 0.7600409 0.632947 0.67333 0.454391 0.5832286 -0.01281088 0.7628276 0.6464751 0.7452496 0.6311785 0.2149811 0.1677483 0.9187074 0.3575432 0.6312396 0.7149678 -0.3005957 -0.07620614 0.9871155 -0.1406973 0.5321903 0.7387937 -0.41347 -0.3240476 0.7437965 -0.5846023 0.5733042 0.7135735 -0.4026602 -0.03860068 0.3553473 -0.9339371 0.6687294 0.6095483 -0.4257369 0.5097698 -0.08171933 -0.8564209 0.6090744 0.6023344 -0.5159667 0.6174063 -0.1030208 -0.7798694 0.04076915 0.9453541 -0.3234869 -0.1089386 -0.1182083 -0.9869951 -0.005464613 0.9651588 0.2616081 -0.4686682 0.8811835 -0.06217652 0.269831 0.7540532 0.5988281 -0.4995514 0.8372566 0.2223734 0.2366177 0.5319422 0.8130496 -0.4440943 0.7600415 0.4744654 0.2915033 0.4543912 0.8417568 -0.3343364 0.7628266 0.5534573 0.5379217 0.631146 0.5588337 -0.03350722 0.9186989 0.393535 -0.03347676 0.9187018 0.3935306 0.537915 0.6311745 0.558808 0.6969629 0.7149723 0.05529403 0.004342079 0.9871149 -0.1599543 0.667615 0.7388021 -0.09198772 0.01165151 0.7437935 -0.668308 0.7011318 0.7090911 -0.07486075 0.4325802 0.3499366 -0.8309145 0.8309073 0.5422996 -0.1245159 0.8313563 -0.1751918 -0.5274037 0.8245531 0.4544051 -0.337088 0.7871379 -0.2925462 -0.5429831 0.05229806 0.9358407 -0.3485212 0.06589502 -0.252471 -0.9653581 -0.2321237 0.9302486 0.2841764 -0.4945412 0.8400622 -0.2229902 -0.06421309 0.7527726 0.6551412 -0.543482 0.8375537 -0.05595684 -0.2016049 0.531944 0.82243 -0.6218236 0.7600455 0.1888553 -0.1684204 0.4543817 0.8747411 -0.5662667 0.762825 0.3121542 0.1864398 0.6311799 0.7528959 -0.2257686 0.9187092 0.3240402 0.57594 0.714973 0.3963669 0.08374059 0.9871152 -0.1363499 0.6241653 0.7387968 0.2541592 0.344254 0.7437984 -0.5729339 0.6390074 0.711826 0.2915017 0.7897372 0.3532443 -0.5015315 0.7615758 0.5654599 0.3166349 0.9906792 -0.1317722 -0.03451102 0.4435374 0.895854 -0.02683436 0.9003168 -0.2785973 -0.3343847 -0.1435087 0.9820468 0.1224312 -0.06614941 0.9049111 -0.4204288 -0.3841864 0.7551494 0.5311781 -0.4420299 0.8369958 -0.3225643 -0.5858175 0.5319694 0.6114135 -0.6329486 0.7600409 -0.1473567 -0.5832266 0.4543899 0.6733324 -0.6464755 0.7628273 -0.01280808 -0.2149866 0.6311788 0.7452477 -0.3575428 0.9187086 0.1677429 0.3005948 0.7149752 0.6312315 0.1406938 0.987115 -0.07621854 0.4134695 0.7387994 0.5321828 0.5845984 0.7437951 -0.3240581 0.402663 0.7135774 0.5732974 0.9339371 0.3553471 -0.03860175 0.4257346 0.6095548 0.668725 0.8564187 -0.0817117 0.5097748 0.5159606 0.6023354 0.6090787 0.779868 -0.1030223 0.6174078 0.3234907 0.9453527 0.0407685 0.9869949 -0.1182137 -0.1089339 -0.2616097 0.9651583 -0.005463302 0.06217384 0.8811836 -0.4686684 -0.5988278 0.7540531 0.269832 -0.2223738 0.8372563 -0.4995517 -0.8130484 0.5319459 0.2366132 -0.4744602 0.760042 -0.4440988 -0.8417541 0.4543934 0.2915079 -0.553458 0.7628278 -0.3343322 -0.5588033 0.631183 0.5379098 -0.3935168 0.9187067 -0.03350383 -0.05529636 0.7149723 0.6969627 0.1599541 0.987115 0.004345536 0.09198367 0.7387989 0.6676191 0.6683064 0.7437948 0.01165962 0.07485771 0.7090926 0.7011306 0.8309131 0.3499377 0.4325819 0.1245163 0.5422974 0.8309088 0.5274068 -0.1751983 0.831353 0.3370853 0.4544053 0.8245542 0.542983 -0.2925049 0.7871533 0.3485257 0.9358388 0.05230426 0.9653556 -0.2524824 0.06588733 -0.2841805 0.930254 -0.2320971 0.223006 0.8400809 -0.4945021 0.03863656 0.3553991 0.9339158 0.543172 -0.3323333 0.7710505 0.3240469 0.7437804 0.5846233 -0.5097489 -0.08171826 0.8564335 0.8941769 0.2665738 0.3597032 0.07621508 0.9871159 0.1406899 0.8077865 0.580703 -0.1013174 0.9974338 0.06570827 -0.02843034 -0.1677338 0.9187175 -0.3575241 0.01280194 0.7628046 -0.6465023 0.1473811 0.7600399 -0.632944 0.3226757 0.8369669 -0.4420033 0.9841036 -0.1127207 -0.1372376 0.6670482 -0.7447218 0.02088725 0.4167346 0.9071689 -0.05811035 0.9609989 -0.2113244 0.1783903 0.322774 -0.2594192 0.91023 0.7943944 -0.5195336 0.3146786 0.6647387 -0.5057623 0.5498427 -0.02039724 -0.7557331 0.6545621 0.1926442 -0.8843943 0.4251294 -0.08998817 -0.8984997 0.4296514 -0.6174067 -0.1030183 0.7798694 0.1089605 -0.1182012 0.9869935 0.3301509 -0.9150785 0.2315854 0.1404438 -0.954411 0.263392 0.1716153 -0.8866513 0.4294156 0.8160586 -0.1600974 0.5553533 0.4686574 0.8811888 0.0621829 0.9208798 -0.1127176 0.3731958 0.5672254 -0.7447067 0.3516638 0.878017 0.06570768 0.4740977 0.4995581 0.8372615 -0.2223402 0.4441103 0.7600399 -0.4744527 0.3343409 0.7628046 -0.5534845 0.4463492 -0.8175371 0.3638758 0.2539699 -0.9246444 0.283782 0.1631705 -0.9735282 0.1600569 -0.02292042 -0.9994642 -0.02336651 0.2344055 -0.9439784 0.2322904 0.31629 -0.9414893 0.1164411 0.2910417 -0.9530763 0.08330863 0.002229392 -0.9999126 -0.01303976 0.5362068 -0.8393699 0.08910924 0.3932994 -0.8804973 0.2646512 0.2747019 -0.9348959 0.2247414 0.2813231 -0.9513232 0.1258636 0.1459171 -0.9154044 0.3751572 0.03110855 -0.1280853 0.9912751 0.1856529 -0.9719071 0.1446705 0.3271386 -0.7795835 0.5340694 0.8559245 -0.332338 0.3961628 0.5013949 0.3535577 0.7896837 0.5729436 0.743779 0.3442797 0.9542313 0.2665752 -0.1355741 0.1363477 0.987116 0.08373451 0.8506011 -0.5057637 0.143809 0.3787307 -0.8936291 0.2408109 0.8453045 -0.5195348 -0.1246758 0.8495888 0.06570768 -0.5233368 0.5881249 -0.7447213 -0.3154352 0.6489059 0.5807026 -0.4916357 -0.3240264 0.9187172 -0.2257556 -0.3121663 0.7628033 -0.5662892 -0.1888346 0.7600406 -0.621836 0.05593883 0.8375453 -0.543497 0.4063053 -0.913515 0.02015954 0.7836392 -0.1127166 -0.6109047 0.2230276 0.8400472 -0.4945496 0.8606402 -0.1061151 -0.4980344 0.9653594 -0.2524703 0.06587874 0.2281625 -0.9727863 0.04035943 0.4948444 -0.8681756 0.03741943 0.5429844 -0.292521 0.7871463 0.3355349 -0.9394277 -0.06994324 -0.07590049 -0.9970471 0.01168072 0.3043685 -0.9498818 -0.07130485 0.5571559 -0.8051725 -0.2031619 0.3754592 -0.9249898 -0.05851858 0.2535266 -0.9517492 0.1729097 0.5274187 -0.1751729 0.8313507 -0.04467445 -0.9989456 0.01058667 0.2771289 -0.9602521 -0.03340286 0.2336913 -0.9674838 -0.09676533 -0.8358497 -0.5422019 -0.085864 -0.8224377 -0.553806 0.1299821 -0.7472499 -0.5700616 -0.3415369 0.5413998 -0.785224 0.3005155 0.4595448 -0.886414 0.05557841 0.9393334 -0.3323394 -0.08487212 0.8309124 0.3499748 0.4325532 0.6683239 0.7437789 0.01167535 0.8085466 -0.5057633 -0.3007591 0.7586004 0.2665724 -0.594529 0.1599509 0.9871155 0.004340231 0.6697176 -0.5195342 -0.5306248 0.4740976 0.0657069 -0.8780173 0.3516629 -0.7447075 -0.5672248 0.3161149 0.5807389 -0.7502091 -0.3934906 0.9187181 -0.03350126 -0.553484 0.7628057 -0.33434 -0.4744542 0.7600394 -0.4441096 -0.2223408 0.8372596 -0.4995607 0.3659023 -0.912059 -0.1851058 0.3731987 -0.1127185 -0.9208786 0.06218147 0.8811902 -0.4686549 0.2630684 -0.9311218 -0.2526007 0.5553393 -0.1600508 -0.8160773 0.9869938 -0.1182011 -0.1089583 0.2345901 -0.94115 -0.2433195 0.3638937 -0.8175092 -0.4463856 0.4294182 -0.8866503 -0.1716142 -0.06092458 -0.9981382 -0.002892434 -0.02875065 -0.9978616 0.05869925 0.2707861 -0.9329405 -0.2372697 0.4296513 -0.8984997 0.0899893 0.7798685 -0.1030197 0.6174077 0.8564327 -0.08171182 0.5097513 -0.717185 -0.553241 0.4237573 0.2554908 -0.9576601 -0.1327087 0.1708107 -0.9715496 -0.1640583 -0.5561565 -0.5329046 0.6377326 0.6545656 -0.7557301 0.02039909 0.4251297 -0.8843936 -0.1926469 0.7710509 -0.3323356 -0.54317 0.9339168 0.3553959 -0.03864425 0.5846254 0.7437793 -0.3240457 0.5498454 -0.5057625 -0.6647364 0.3597029 0.2665752 -0.8941766 0.1406891 0.9871161 -0.07621371 0.2315844 -0.9150793 -0.3301493 0.3146795 -0.5195343 -0.7943935 -0.0284307 0.06570696 -0.9974339 0.02093636 -0.7447095 -0.6670603 -0.1013184 0.580703 -0.8077864 -0.3575204 0.9187186 0.1677362 -0.6465011 0.7628057 -0.01280003 -0.632945 0.7600392 -0.1473819 -0.442014 0.8369973 -0.322582 -0.1372388 -0.1127219 -0.9841033 -0.06618332 0.9049005 -0.4204462 0.1741291 -0.2083013 -0.9624395 0.9003309 -0.2785967 -0.3343477 0.1164402 -0.9414917 -0.3162834 0.09018522 -0.9502728 -0.2980741 -0.02649837 -0.9993607 0.02400094 0.0914905 -0.8376806 -0.5384429 0.262081 -0.8805376 -0.3949267 -0.3545146 -0.54631 0.7588577 0.2201387 -0.9347214 -0.2789893 0.1205711 -0.9498897 -0.2883963 0.372078 -0.9167509 -0.1453472 0.9906792 -0.1317826 -0.03446984 0.1447153 -0.9719042 -0.1856338 0.5309852 -0.7807829 -0.3292911 0.3961648 -0.3323382 -0.8559234 0.7897263 0.3532583 -0.5015387 0.3442783 0.7437789 -0.5729445 -0.1355742 0.2665758 -0.9542312 0.08373451 0.9871159 -0.1363485 0.143861 -0.5057333 -0.8506104 0.2408128 -0.8936284 -0.3787317 -0.1246764 -0.5195327 -0.8453056 -0.5233374 0.06570911 -0.8495883 -0.3154351 -0.7447219 -0.5881242 -0.4916425 0.5807394 -0.6488677 -0.2257575 0.9187176 0.324024 -0.5662888 0.762805 0.3121628 -0.6218357 0.760041 0.1888338 -0.5434979 0.8375446 -0.05593788 0.02011388 -0.9134534 -0.4064461 -0.6109024 -0.11272 -0.7836405 -0.4945496 0.8400482 -0.2230238 -0.4980278 -0.106065 -0.8606501 0.06585645 -0.2524428 -0.9653682 0.04043591 -0.9727624 -0.2282507 0.03741914 -0.8681752 -0.494845 0.7871484 -0.2925185 -0.5429831 -0.06994396 -0.9394274 -0.3355356 -0.005002975 -0.9971238 0.07562512 -0.07123315 -0.9498218 -0.3045727 -0.2032091 -0.8051586 -0.5571588 -0.05882406 -0.924716 -0.3760854 0.1729092 -0.9517492 -0.2535271 0.8313516 -0.1751704 -0.5274181 -0.1240825 -0.53245 0.8373176 0.007028341 -0.9984049 0.0560193 -0.03351116 -0.960188 -0.2773375 0.1011425 -0.5432491 0.8334571 -0.1083309 -0.9679284 -0.2266694 0.300517 -0.7852235 -0.5413997 0.05557757 -0.8864143 -0.4595441 -0.08487397 -0.3323383 -0.9393337 0.4325516 0.3499742 -0.8309136 0.01167058 0.7437794 -0.6683233 -0.3007584 -0.5057629 -0.8085471 -0.5945311 0.2665741 -0.7585982 0.004340052 0.9871156 -0.1599498 -0.5306252 -0.5195342 -0.6697172 -0.8780178 0.06570786 -0.4740964 -0.567226 -0.7447064 -0.3516635 -0.7502214 0.5807039 -0.31615 -0.03350067 0.9187176 0.3934918 -0.3343397 0.7628048 0.5534853 -0.4441086 0.7600401 0.4744542 -0.49956 0.8372601 0.2223404 -0.1851056 -0.9120592 -0.3659018 -0.9208786 -0.1127173 -0.3731988 -0.4686588 0.8811879 -0.06218516 -0.2526008 -0.931122 -0.2630683 -0.816076 -0.1600518 -0.5553409 -0.1089606 -0.1182006 -0.9869936 -0.2399724 -0.9435747 -0.2282104 -0.4463512 -0.8175365 -0.3638748 -0.1716142 -0.8866506 -0.4294176 0.005856513 -0.9973109 0.07305419 0.04758894 -0.9981782 0.03709119 -0.2285966 -0.9358328 -0.2682549 0.08998852 -0.8985 -0.429651 0.6174066 -0.1030197 -0.7798693 0.5097495 -0.08171671 -0.8564333 0.3831371 -0.5552034 0.7382107 -0.133287 -0.9574214 -0.256084 -0.1642222 -0.9727984 -0.1633839 0.604061 -0.5439779 0.5824075 0.02039766 -0.7557318 -0.6545636 -0.1926428 -0.8843948 -0.4251292 -0.5431693 -0.3323353 -0.7710517 -0.03863871 0.3553999 -0.9339154 -0.3240467 0.7437794 -0.5846248 -0.6647369 -0.5057629 -0.5498443 -0.8941769 0.2665725 -0.359704 -0.07621419 0.9871158 -0.1406904 -0.3301494 -0.9150793 -0.2315844 -0.7943933 -0.5195346 -0.3146795 -0.997434 0.06570696 0.02842932 -0.6670482 -0.7447217 -0.02088761 -0.8077864 0.5807033 0.1013157 0.1677352 0.9187176 0.3575235 -0.01280236 0.7628044 0.6465026 -0.1473828 0.7600395 0.6329442 -0.3225836 0.8369968 0.4420139 -0.9841036 -0.1127214 0.1372375 -0.4204449 0.904901 0.06618392 -0.9624388 -0.2083004 -0.1741338 -0.334349 -0.2785975 -0.90033 -0.3162838 -0.9414915 -0.1164404 -0.2942401 -0.9520446 -0.08386898 0.001487791 -0.9999422 0.01065492 -0.5367583 -0.8389346 -0.08988523 -0.3921701 -0.8816297 -0.2625489 0.7521482 -0.56409 0.3406988 -0.2750027 -0.9351953 -0.2231222 -0.2834659 -0.9506865 -0.1258661 -0.1453477 -0.9167513 -0.3720768 -0.03446954 -0.1317801 -0.9906795 -0.1856323 -0.9719046 -0.1447139 -0.3292911 -0.7807828 -0.5309857 -0.855925 -0.3323372 -0.3961621 -0.5015347 0.3532619 -0.7897272 -0.572944 0.7437794 -0.344278 -0.9542317 0.2665735 0.1355742 -0.1363485 0.9871159 -0.08373361 -0.8506005 -0.5057647 -0.1438087 -0.3787304 -0.8936289 -0.2408125 -0.8453052 -0.5195335 0.1246771 -0.8495878 0.06570905 0.5233384 -0.5881236 -0.744723 0.3154338 -0.6489055 0.5807031 0.4916356 0.3240247 0.9187175 0.2257569 0.3121653 0.762805 0.5662874 0.1888356 0.7600409 0.6218353 -0.05593645 0.837545 0.5434974 -0.4063046 -0.9135153 -0.02015984 -0.78364 -0.1127216 0.6109027 -0.2230216 0.8400509 0.4945462 -0.8606395 -0.1061129 0.498036 -0.9653469 -0.2525206 -0.06586974 -0.2296522 -0.9724176 -0.04079127 -0.4948436 -0.8681762 -0.03741842 -0.5429837 -0.2925201 -0.7871472 -0.3355352 -0.9394276 0.06994307 0.06887918 -0.9975283 -0.01389354 -0.3056616 -0.9494684 0.0712794 -0.557159 -0.8051587 0.2032079 -0.3778793 -0.9239431 0.05946886 -0.2535267 -0.9517491 -0.1729099 -0.5274194 -0.1751738 -0.8313501 0.8323132 -0.5474331 0.08701729 0.03685843 -0.9993093 -0.004732191 -0.2781346 -0.9599486 0.03376257 0.8223013 -0.5603672 -0.09904187 -0.2416153 -0.9660477 0.09150922 -0.5413998 -0.7852241 -0.3005153 -0.459545 -0.8864139 -0.05557847 -0.9393337 -0.3323391 0.08487117 -0.830914 0.3499726 -0.4325519 -0.668323 0.7437796 -0.01167684 -0.8085482 -0.5057622 0.3007565 -0.7585992 0.2665755 0.594529 -0.1599493 0.9871158 -0.004340708 -0.6697174 -0.5195339 0.5306252 -0.4740972 0.06570792 0.8780173 -0.3516133 -0.7447196 0.5672396 -0.3161507 0.5807034 0.7502215 0.3934909 0.918718 0.03350061 0.5534847 0.7628055 0.334339 0.4744899 0.7600358 0.4440777 0.2223405 0.8372606 0.4995592 -0.3659016 -0.9120593 0.1851055 -0.3731984 -0.112718 0.9208788 -0.0621829 0.8811895 0.468656 -0.2630687 -0.9311219 0.2526005 -0.2365616 -0.9427959 0.234893 -0.555342 -0.1600493 0.8160757 -0.9869933 -0.1182039 0.1089603 -0.3638938 -0.8175082 0.4463875 -0.4294163 -0.8866515 0.1716127 0.07169246 -0.9972807 -0.017075 -0.4296513 -0.8984998 -0.08998894 -0.7798705 -0.1030199 -0.6174049 -0.8564328 -0.08171659 -0.5097502 -0.278551 -0.9259374 0.2550479 0.009864866 -0.9989207 -0.04538667 -0.2566431 -0.9572005 0.1337968 0.01956123 -0.999761 0.009769201 0.7593052 -0.5591503 -0.3328762 0.6360421 -0.5641196 -0.5265164 -0.1720703 -0.9710745 0.1655485 0.524978 -0.5480635 -0.6511718 -0.6545628 -0.7557324 -0.02039837 -0.4251291 -0.8843947 0.1926431 -0.7710509 -0.3323356 0.54317 -0.9339148 0.3554016 0.03863793 -0.5846257 0.7437788 0.3240465 -0.5498421 -0.505764 0.6647379 -0.3597031 0.266573 0.894177 -0.1406894 0.987116 0.07621467 -0.2315844 -0.9150792 0.3301496 -0.3146783 -0.5195345 0.7943939 0.02843046 0.06570726 0.9974339 -0.02088707 -0.7447221 0.6670478 0.1013177 0.5807026 0.8077866 0.3575251 0.9187172 -0.1677342 0.6465041 0.7628031 0.01280295 0.6329442 0.7600396 0.1473826 0.4420613 0.836973 0.3225806 0.1372373 -0.1127219 0.9841035 0.06618398 0.9049014 0.4204443 -0.1741307 -0.2083014 0.9624391 -0.9003311 -0.2785955 0.334348 -0.1164403 -0.9414915 0.316284 -0.09125381 -0.9497902 0.2992849 0.0151236 -0.9998857 4.59297e-5 -0.09223878 -0.8371157 0.5391934 -0.2620691 -0.8801133 0.3958793 0.3477596 -0.5717025 -0.7431148 -0.2192462 -0.934577 0.2801731 -0.1204162 -0.9491794 0.2907893 -0.3720781 -0.9167509 0.1453471 -0.9906795 -0.13178 0.03446996 -0.144715 -0.9719042 0.185634 -0.5309866 -0.7807824 0.3292906 -0.396162 -0.3323379 0.8559249 -0.7897261 0.3532582 0.501539 -0.3442774 0.743779 0.5729449 0.1355733 0.266574 0.9542318 -0.08373427 0.987116 0.1363478 -0.1438104 -0.5057629 0.8506012 -0.2408125 -0.8936282 0.3787322 0.1246755 -0.5195335 0.8453053 0.5233371 0.06570887 0.8495886 0.3153986 -0.7447084 0.5881608 0.491635 0.5807028 0.6489062 0.2257571 0.9187172 -0.3240255 0.5662881 0.7628046 -0.3121652 0.6218348 0.7600414 -0.1888351 0.543498 0.8375446 0.05593764 -0.02006775 -0.913392 0.4065864 0.6109045 -0.1127176 0.7836391 0.4945464 0.8400492 0.2230275 0.4980328 -0.106114 0.8606412 -0.0659027 -0.2524569 0.9653612 -0.04062783 -0.9724524 0.229534 -0.03741842 -0.8681754 0.494845 -0.7871489 -0.2925202 0.5429813 0.06994265 -0.9394274 0.3355356 9.88036e-4 -0.9988363 -0.04821985 0.07135295 -0.9495301 0.305453 0.2032083 -0.8051583 0.5571593 0.05906993 -0.9242388 0.3772183 -0.1729093 -0.9517492 0.2535269 -0.8313505 -0.1751741 0.5274187 0.1213618 -0.5572003 -0.8214617 -0.003475189 -0.9994806 -0.03204178 0.03369283 -0.9600204 0.2778952 -0.1005818 -0.566355 -0.8180009 0.09461551 -0.9666112 0.2381404 -0.3005152 -0.7852243 0.5413996 -0.05557835 -0.8864142 0.4595443 0.08487337 -0.3323388 0.9393336 -0.4325486 0.3499706 0.8309165 -0.01167774 0.7437804 0.6683221 0.300719 -0.5057326 0.8085806 0.5945274 0.2665744 0.758601 -0.004340767 0.9871158 0.159949 0.5306251 -0.5195344 0.6697173 0.1851052 -0.9120593 0.3659018 0.7502199 0.5807048 0.3161523 0.03350055 0.9187178 -0.3934913 0.2526006 -0.9311217 0.2630691 -0.01243287 -0.9978373 -0.06454771 -0.5807095 -0.5581251 -0.5926827 -0.3660223 -0.5691868 -0.7362432 -0.5163938 -0.6760756 -0.5256037 -0.6792532 -0.6631723 -0.3143531 -0.3292562 -0.6692346 -0.6661197 -0.7226334 -0.686222 -0.0830686 -0.09000289 -0.673402 -0.7337774 0.3136053 -0.6674093 -0.6754381 0.1046332 -0.6840239 -0.7219164 0.4532896 -0.693138 -0.5604358 0.5698102 -0.6758838 -0.4674372 0.6721993 -0.6792963 -0.2944567 0.733748 -0.6734811 -0.08964937 -0.7356153 -0.6680575 0.1121132 0.7225587 -0.6862965 0.08310204 0.6809002 -0.6658942 0.3048933 -0.6435258 -0.6647421 0.3794633 0.5328054 -0.6783138 0.5059732 -0.4826167 -0.6834126 0.5477485 0.3461278 -0.6645111 0.6622844 -0.3136983 -0.6673834 0.6754205 -0.1047239 -0.6840162 0.7219105 0.08963489 -0.6734162 0.7338094</float_array>
          <technique_common>
            <accessor source="#Wheel_Rubber_Sleeve_03-mesh-normals-array" count="1962" stride="3">
              <param name="X" type="float"/>
              <param name="Y" type="float"/>
              <param name="Z" type="float"/>
            </accessor>
          </technique_common>
        </source>
        <source id="Wheel_Rubber_Sleeve_03-mesh-map-0">
          <float_array id="Wheel_Rubber_Sleeve_03-mesh-map-0-array" count="15996">0.2881698 0.8940508 0.3349108 0.9777099 0.3372502 0.8117426 0.3349108 0.9777099 0.4798128 0.8967523 0.3372502 0.8117426 0.4798128 0.8967523 0.4330717 0.8130934 0.3372502 0.8117426 0.4307323 0.9790609 0.4798128 0.8967523 0.3349108 0.9777099 0.9093835 0.01355576 0.7800214 0.0275709 0.9451032 0.166135 0.7994732 0.1804081 0.9451032 0.166135 0.7800214 0.0275709 0.7800214 0.0275709 0.6430243 0.03181284 0.7994732 0.1804081 0.9451032 0.166135 0.7994732 0.1804081 0.9719509 0.4067925 0.6543667 0.1829776 0.7994732 0.1804081 0.6430243 0.03181284 0.6430243 0.03181284 0.5029111 0.03369075 0.6543667 0.1829776 0.8112588 0.4132615 0.9719509 0.4067925 0.7994732 0.1804081 0.7994732 0.1804081 0.6543667 0.1829776 0.8112588 0.4132615 0.9719509 0.4067925 0.8112588 0.4132615 0.9601745 0.6490063 0.5093858 0.1831797 0.6543667 0.1829776 0.5029111 0.03369075 0.5029111 0.03369075 0.3626586 0.03517472 0.5093858 0.1831797 0.8040822 0.6434523 0.9601745 0.6490063 0.8112588 0.4132615 0.9601745 0.6490063 0.8040822 0.6434523 0.9260903 0.8010765 0.7931122 0.788917 0.9260903 0.8010765 0.8040822 0.6434523 0.6575648 0.4140596 0.8112588 0.4132615 0.6543667 0.1829776 0.8112588 0.4132615 0.6575648 0.4140596 0.8040822 0.6434523 0.6543667 0.1829776 0.5093858 0.1831797 0.6575648 0.4140596 0.8040822 0.6434523 0.65216 0.6432695 0.7931122 0.788917 0.65216 0.6432695 0.8040822 0.6434523 0.6575648 0.4140596 0.6526259 0.7896487 0.7931122 0.788917 0.65216 0.6432695 0.362922 0.182412 0.5093858 0.1831797 0.3626586 0.03517472 0.3626586 0.03517472 0.2245852 0.03329968 0.362922 0.182412 0.507305 0.4135026 0.6575648 0.4140596 0.5093858 0.1831797 0.6575648 0.4140596 0.507305 0.4135026 0.65216 0.6432695 0.5093858 0.1831797 0.362922 0.182412 0.507305 0.4135026 0.65216 0.6432695 0.5032298 0.6433634 0.6526259 0.7896487 0.5032298 0.6433634 0.65216 0.6432695 0.507305 0.4135026 0.5089496 0.792153 0.6526259 0.7896487 0.5032298 0.6433634 0.21249 0.1789171 0.362922 0.182412 0.2245852 0.03329968 0.2245852 0.03329968 0.09216022 0.01864087 0.21249 0.1789171 0.05639863 0.1698304 0.21249 0.1789171 0.09216022 0.01864087 0.3569182 0.411399 0.507305 0.4135026 0.362922 0.182412 0.507305 0.4135026 0.3569182 0.411399 0.5032298 0.6433634 0.362922 0.182412 0.21249 0.1789171 0.3569182 0.411399 0.5032298 0.6433634 0.3558008 0.641794 0.5089496 0.792153 0.3558008 0.641794 0.5032298 0.6433634 0.3569182 0.411399 0.3654275 0.7929266 0.5089496 0.792153 0.3558008 0.641794 0.21249 0.1789171 0.05639863 0.1698304 0.2023018 0.4081755 0.2023018 0.4081755 0.3569182 0.411399 0.21249 0.1789171 0.3569182 0.411399 0.2023018 0.4081755 0.3558008 0.641794 0.04108595 0.4109649 0.2023018 0.4081755 0.05639863 0.1698304 0.3558008 0.641794 0.2093198 0.6407241 0.3654275 0.7929266 0.2093198 0.6407241 0.3558008 0.641794 0.2023018 0.4081755 0.2023018 0.4081755 0.04108595 0.4109649 0.2093198 0.6407241 0.2265244 0.7944944 0.3654275 0.7929266 0.2093198 0.6407241 0.06375533 0.6517912 0.2093198 0.6407241 0.04108595 0.4109649 0.2093198 0.6407241 0.06375533 0.6517912 0.2265244 0.7944944 0.09672021 0.8055017 0.2265244 0.7944944 0.06375533 0.6517912 0.5447849 0.89403 0.5905811 0.97821 0.5947889 0.8122794 0.5905811 0.97821 0.7363852 0.8988888 0.5947889 0.8122794 0.7363852 0.8988888 0.6905891 0.8147086 0.5947889 0.8122794 0.6863813 0.9806396 0.7363852 0.8988888 0.5905811 0.97821 0.2881698 0.8940508 0.3349108 0.9777099 0.3372502 0.8117426 0.3349108 0.9777099 0.4798128 0.8967523 0.3372502 0.8117426 0.4798128 0.8967523 0.4330717 0.8130934 0.3372502 0.8117426 0.4307323 0.9790609 0.4798128 0.8967523 0.3349108 0.9777099 0.9093835 0.01355576 0.7800214 0.0275709 0.9451032 0.166135 0.7994732 0.1804081 0.9451032 0.166135 0.7800214 0.0275709 0.7800214 0.0275709 0.6430243 0.03181284 0.7994732 0.1804081 0.9451032 0.166135 0.7994732 0.1804081 0.9719509 0.4067925 0.6543667 0.1829776 0.7994732 0.1804081 0.6430243 0.03181284 0.6430243 0.03181284 0.5029111 0.03369075 0.6543667 0.1829776 0.8112588 0.4132615 0.9719509 0.4067925 0.7994732 0.1804081 0.7994732 0.1804081 0.6543667 0.1829776 0.8112588 0.4132615 0.9719509 0.4067925 0.8112588 0.4132615 0.9601745 0.6490063 0.5093858 0.1831797 0.6543667 0.1829776 0.5029111 0.03369075 0.5029111 0.03369075 0.3626586 0.03517472 0.5093858 0.1831797 0.8040822 0.6434523 0.9601745 0.6490063 0.8112588 0.4132615 0.9601745 0.6490063 0.8040822 0.6434523 0.9260903 0.8010765 0.7931122 0.788917 0.9260903 0.8010765 0.8040822 0.6434523 0.6575648 0.4140596 0.8112588 0.4132615 0.6543667 0.1829776 0.8112588 0.4132615 0.6575648 0.4140596 0.8040822 0.6434523 0.6543667 0.1829776 0.5093858 0.1831797 0.6575648 0.4140596 0.8040822 0.6434523 0.65216 0.6432695 0.7931122 0.788917 0.65216 0.6432695 0.8040822 0.6434523 0.6575648 0.4140596 0.6526259 0.7896487 0.7931122 0.788917 0.65216 0.6432695 0.362922 0.182412 0.5093858 0.1831797 0.3626586 0.03517472 0.3626586 0.03517472 0.2245852 0.03329968 0.362922 0.182412 0.507305 0.4135026 0.6575648 0.4140596 0.5093858 0.1831797 0.6575648 0.4140596 0.507305 0.4135026 0.65216 0.6432695 0.5093858 0.1831797 0.362922 0.182412 0.507305 0.4135026 0.65216 0.6432695 0.5032298 0.6433634 0.6526259 0.7896487 0.5032298 0.6433634 0.65216 0.6432695 0.507305 0.4135026 0.5089496 0.792153 0.6526259 0.7896487 0.5032298 0.6433634 0.21249 0.1789171 0.362922 0.182412 0.2245852 0.03329968 0.2245852 0.03329968 0.09216022 0.01864087 0.21249 0.1789171 0.05639863 0.1698304 0.21249 0.1789171 0.09216022 0.01864087 0.3569182 0.411399 0.507305 0.4135026 0.362922 0.182412 0.507305 0.4135026 0.3569182 0.411399 0.5032298 0.6433634 0.362922 0.182412 0.21249 0.1789171 0.3569182 0.411399 0.5032298 0.6433634 0.3558008 0.641794 0.5089496 0.792153 0.3558008 0.641794 0.5032298 0.6433634 0.3569182 0.411399 0.3654275 0.7929266 0.5089496 0.792153 0.3558008 0.641794 0.21249 0.1789171 0.05639863 0.1698304 0.2023018 0.4081755 0.2023018 0.4081755 0.3569182 0.411399 0.21249 0.1789171 0.3569182 0.411399 0.2023018 0.4081755 0.3558008 0.641794 0.04108595 0.4109649 0.2023018 0.4081755 0.05639863 0.1698304 0.3558008 0.641794 0.2093198 0.6407241 0.3654275 0.7929266 0.2093198 0.6407241 0.3558008 0.641794 0.2023018 0.4081755 0.2023018 0.4081755 0.04108595 0.4109649 0.2093198 0.6407241 0.2265244 0.7944944 0.3654275 0.7929266 0.2093198 0.6407241 0.06375533 0.6517912 0.2093198 0.6407241 0.04108595 0.4109649 0.2093198 0.6407241 0.06375533 0.6517912 0.2265244 0.7944944 0.09672021 0.8055017 0.2265244 0.7944944 0.06375533 0.6517912 0.5447849 0.89403 0.5905811 0.97821 0.5947889 0.8122794 0.5905811 0.97821 0.7363852 0.8988888 0.5947889 0.8122794 0.7363852 0.8988888 0.6905891 0.8147086 0.5947889 0.8122794 0.6863813 0.9806396 0.7363852 0.8988888 0.5905811 0.97821 0.2881698 0.8940508 0.3349108 0.9777099 0.3372502 0.8117426 0.3349108 0.9777099 0.4798128 0.8967523 0.3372502 0.8117426 0.4798128 0.8967523 0.4330717 0.8130934 0.3372502 0.8117426 0.4307323 0.9790609 0.4798128 0.8967523 0.3349108 0.9777099 0.9093835 0.01355576 0.7800214 0.0275709 0.9451032 0.166135 0.7994732 0.1804081 0.9451032 0.166135 0.7800214 0.0275709 0.7800214 0.0275709 0.6430243 0.03181284 0.7994732 0.1804081 0.9451032 0.166135 0.7994732 0.1804081 0.9719509 0.4067925 0.6543667 0.1829776 0.7994732 0.1804081 0.6430243 0.03181284 0.6430243 0.03181284 0.5029111 0.03369075 0.6543667 0.1829776 0.8112588 0.4132615 0.9719509 0.4067925 0.7994732 0.1804081 0.7994732 0.1804081 0.6543667 0.1829776 0.8112588 0.4132615 0.9719509 0.4067925 0.8112588 0.4132615 0.9601745 0.6490063 0.5093858 0.1831797 0.6543667 0.1829776 0.5029111 0.03369075 0.5029111 0.03369075 0.3626586 0.03517472 0.5093858 0.1831797 0.8040822 0.6434523 0.9601745 0.6490063 0.8112588 0.4132615 0.9601745 0.6490063 0.8040822 0.6434523 0.9260903 0.8010765 0.7931122 0.788917 0.9260903 0.8010765 0.8040822 0.6434523 0.6575648 0.4140596 0.8112588 0.4132615 0.6543667 0.1829776 0.8112588 0.4132615 0.6575648 0.4140596 0.8040822 0.6434523 0.6543667 0.1829776 0.5093858 0.1831797 0.6575648 0.4140596 0.8040822 0.6434523 0.65216 0.6432695 0.7931122 0.788917 0.65216 0.6432695 0.8040822 0.6434523 0.6575648 0.4140596 0.6526259 0.7896487 0.7931122 0.788917 0.65216 0.6432695 0.362922 0.182412 0.5093858 0.1831797 0.3626586 0.03517472 0.3626586 0.03517472 0.2245852 0.03329968 0.362922 0.182412 0.507305 0.4135026 0.6575648 0.4140596 0.5093858 0.1831797 0.6575648 0.4140596 0.507305 0.4135026 0.65216 0.6432695 0.5093858 0.1831797 0.362922 0.182412 0.507305 0.4135026 0.65216 0.6432695 0.5032298 0.6433634 0.6526259 0.7896487 0.5032298 0.6433634 0.65216 0.6432695 0.507305 0.4135026 0.5089496 0.792153 0.6526259 0.7896487 0.5032298 0.6433634 0.21249 0.1789171 0.362922 0.182412 0.2245852 0.03329968 0.2245852 0.03329968 0.09216022 0.01864087 0.21249 0.1789171 0.05639863 0.1698304 0.21249 0.1789171 0.09216022 0.01864087 0.3569182 0.411399 0.507305 0.4135026 0.362922 0.182412 0.507305 0.4135026 0.3569182 0.411399 0.5032298 0.6433634 0.362922 0.182412 0.21249 0.1789171 0.3569182 0.411399 0.5032298 0.6433634 0.3558008 0.641794 0.5089496 0.792153 0.3558008 0.641794 0.5032298 0.6433634 0.3569182 0.411399 0.3654275 0.7929266 0.5089496 0.792153 0.3558008 0.641794 0.21249 0.1789171 0.05639863 0.1698304 0.2023018 0.4081755 0.2023018 0.4081755 0.3569182 0.411399 0.21249 0.1789171 0.3569182 0.411399 0.2023018 0.4081755 0.3558008 0.641794 0.04108595 0.4109649 0.2023018 0.4081755 0.05639863 0.1698304 0.3558008 0.641794 0.2093198 0.6407241 0.3654275 0.7929266 0.2093198 0.6407241 0.3558008 0.641794 0.2023018 0.4081755 0.2023018 0.4081755 0.04108595 0.4109649 0.2093198 0.6407241 0.2265244 0.7944944 0.3654275 0.7929266 0.2093198 0.6407241 0.06375533 0.6517912 0.2093198 0.6407241 0.04108595 0.4109649 0.2093198 0.6407241 0.06375533 0.6517912 0.2265244 0.7944944 0.09672021 0.8055017 0.2265244 0.7944944 0.06375533 0.6517912 0.5447849 0.89403 0.5905811 0.97821 0.5947889 0.8122794 0.5905811 0.97821 0.7363852 0.8988888 0.5947889 0.8122794 0.7363852 0.8988888 0.6905891 0.8147086 0.5947889 0.8122794 0.6863813 0.9806396 0.7363852 0.8988888 0.5905811 0.97821 0.2881698 0.8940508 0.3349108 0.9777099 0.3372502 0.8117426 0.3349108 0.9777099 0.4798128 0.8967523 0.3372502 0.8117426 0.4798128 0.8967523 0.4330717 0.8130934 0.3372502 0.8117426 0.4307323 0.9790609 0.4798128 0.8967523 0.3349108 0.9777099 0.9093835 0.01355576 0.7800214 0.0275709 0.9451032 0.166135 0.7994732 0.1804081 0.9451032 0.166135 0.7800214 0.0275709 0.7800214 0.0275709 0.6430243 0.03181284 0.7994732 0.1804081 0.9451032 0.166135 0.7994732 0.1804081 0.9719509 0.4067925 0.6543667 0.1829776 0.7994732 0.1804081 0.6430243 0.03181284 0.6430243 0.03181284 0.5029111 0.03369075 0.6543667 0.1829776 0.8112588 0.4132615 0.9719509 0.4067925 0.7994732 0.1804081 0.7994732 0.1804081 0.6543667 0.1829776 0.8112588 0.4132615 0.9719509 0.4067925 0.8112588 0.4132615 0.9601745 0.6490063 0.5093858 0.1831797 0.6543667 0.1829776 0.5029111 0.03369075 0.5029111 0.03369075 0.3626586 0.03517472 0.5093858 0.1831797 0.8040822 0.6434523 0.9601745 0.6490063 0.8112588 0.4132615 0.9601745 0.6490063 0.8040822 0.6434523 0.9260903 0.8010765 0.7931122 0.788917 0.9260903 0.8010765 0.8040822 0.6434523 0.6575648 0.4140596 0.8112588 0.4132615 0.6543667 0.1829776 0.8112588 0.4132615 0.6575648 0.4140596 0.8040822 0.6434523 0.6543667 0.1829776 0.5093858 0.1831797 0.6575648 0.4140596 0.8040822 0.6434523 0.65216 0.6432695 0.7931122 0.788917 0.65216 0.6432695 0.8040822 0.6434523 0.6575648 0.4140596 0.6526259 0.7896487 0.7931122 0.788917 0.65216 0.6432695 0.362922 0.182412 0.5093858 0.1831797 0.3626586 0.03517472 0.3626586 0.03517472 0.2245852 0.03329968 0.362922 0.182412 0.507305 0.4135026 0.6575648 0.4140596 0.5093858 0.1831797 0.6575648 0.4140596 0.507305 0.4135026 0.65216 0.6432695 0.5093858 0.1831797 0.362922 0.182412 0.507305 0.4135026 0.65216 0.6432695 0.5032298 0.6433634 0.6526259 0.7896487 0.5032298 0.6433634 0.65216 0.6432695 0.507305 0.4135026 0.5089496 0.792153 0.6526259 0.7896487 0.5032298 0.6433634 0.21249 0.1789171 0.362922 0.182412 0.2245852 0.03329968 0.2245852 0.03329968 0.09216022 0.01864087 0.21249 0.1789171 0.05639863 0.1698304 0.21249 0.1789171 0.09216022 0.01864087 0.3569182 0.411399 0.507305 0.4135026 0.362922 0.182412 0.507305 0.4135026 0.3569182 0.411399 0.5032298 0.6433634 0.362922 0.182412 0.21249 0.1789171 0.3569182 0.411399 0.5032298 0.6433634 0.3558008 0.641794 0.5089496 0.792153 0.3558008 0.641794 0.5032298 0.6433634 0.3569182 0.411399 0.3654275 0.7929266 0.5089496 0.792153 0.3558008 0.641794 0.21249 0.1789171 0.05639863 0.1698304 0.2023018 0.4081755 0.2023018 0.4081755 0.3569182 0.411399 0.21249 0.1789171 0.3569182 0.411399 0.2023018 0.4081755 0.3558008 0.641794 0.04108595 0.4109649 0.2023018 0.4081755 0.05639863 0.1698304 0.3558008 0.641794 0.2093198 0.6407241 0.3654275 0.7929266 0.2093198 0.6407241 0.3558008 0.641794 0.2023018 0.4081755 0.2023018 0.4081755 0.04108595 0.4109649 0.2093198 0.6407241 0.2265244 0.7944944 0.3654275 0.7929266 0.2093198 0.6407241 0.06375533 0.6517912 0.2093198 0.6407241 0.04108595 0.4109649 0.2093198 0.6407241 0.06375533 0.6517912 0.2265244 0.7944944 0.09672021 0.8055017 0.2265244 0.7944944 0.06375533 0.6517912 0.5447849 0.89403 0.5905811 0.97821 0.5947889 0.8122794 0.5905811 0.97821 0.7363852 0.8988888 0.5947889 0.8122794 0.7363852 0.8988888 0.6905891 0.8147086 0.5947889 0.8122794 0.6863813 0.9806396 0.7363852 0.8988888 0.5905811 0.97821 0.2881698 0.8940508 0.3349108 0.9777099 0.3372502 0.8117426 0.3349108 0.9777099 0.4798128 0.8967523 0.3372502 0.8117426 0.4798128 0.8967523 0.4330717 0.8130934 0.3372502 0.8117426 0.4307323 0.9790609 0.4798128 0.8967523 0.3349108 0.9777099 0.9093835 0.01355576 0.7800214 0.0275709 0.9451032 0.166135 0.7994732 0.1804081 0.9451032 0.166135 0.7800214 0.0275709 0.7800214 0.0275709 0.6430243 0.03181284 0.7994732 0.1804081 0.9451032 0.166135 0.7994732 0.1804081 0.9719509 0.4067925 0.6543667 0.1829776 0.7994732 0.1804081 0.6430243 0.03181284 0.6430243 0.03181284 0.5029111 0.03369075 0.6543667 0.1829776 0.8112588 0.4132615 0.9719509 0.4067925 0.7994732 0.1804081 0.7994732 0.1804081 0.6543667 0.1829776 0.8112588 0.4132615 0.9719509 0.4067925 0.8112588 0.4132615 0.9601745 0.6490063 0.5093858 0.1831797 0.6543667 0.1829776 0.5029111 0.03369075 0.5029111 0.03369075 0.3626586 0.03517472 0.5093858 0.1831797 0.8040822 0.6434523 0.9601745 0.6490063 0.8112588 0.4132615 0.9601745 0.6490063 0.8040822 0.6434523 0.9260903 0.8010765 0.7931122 0.788917 0.9260903 0.8010765 0.8040822 0.6434523 0.6575648 0.4140596 0.8112588 0.4132615 0.6543667 0.1829776 0.8112588 0.4132615 0.6575648 0.4140596 0.8040822 0.6434523 0.6543667 0.1829776 0.5093858 0.1831797 0.6575648 0.4140596 0.8040822 0.6434523 0.65216 0.6432695 0.7931122 0.788917 0.65216 0.6432695 0.8040822 0.6434523 0.6575648 0.4140596 0.6526259 0.7896487 0.7931122 0.788917 0.65216 0.6432695 0.362922 0.182412 0.5093858 0.1831797 0.3626586 0.03517472 0.3626586 0.03517472 0.2245852 0.03329968 0.362922 0.182412 0.507305 0.4135026 0.6575648 0.4140596 0.5093858 0.1831797 0.6575648 0.4140596 0.507305 0.4135026 0.65216 0.6432695 0.5093858 0.1831797 0.362922 0.182412 0.507305 0.4135026 0.65216 0.6432695 0.5032298 0.6433634 0.6526259 0.7896487 0.5032298 0.6433634 0.65216 0.6432695 0.507305 0.4135026 0.5089496 0.792153 0.6526259 0.7896487 0.5032298 0.6433634 0.21249 0.1789171 0.362922 0.182412 0.2245852 0.03329968 0.2245852 0.03329968 0.09216022 0.01864087 0.21249 0.1789171 0.05639863 0.1698304 0.21249 0.1789171 0.09216022 0.01864087 0.3569182 0.411399 0.507305 0.4135026 0.362922 0.182412 0.507305 0.4135026 0.3569182 0.411399 0.5032298 0.6433634 0.362922 0.182412 0.21249 0.1789171 0.3569182 0.411399 0.5032298 0.6433634 0.3558008 0.641794 0.5089496 0.792153 0.3558008 0.641794 0.5032298 0.6433634 0.3569182 0.411399 0.3654275 0.7929266 0.5089496 0.792153 0.3558008 0.641794 0.21249 0.1789171 0.05639863 0.1698304 0.2023018 0.4081755 0.2023018 0.4081755 0.3569182 0.411399 0.21249 0.1789171 0.3569182 0.411399 0.2023018 0.4081755 0.3558008 0.641794 0.04108595 0.4109649 0.2023018 0.4081755 0.05639863 0.1698304 0.3558008 0.641794 0.2093198 0.6407241 0.3654275 0.7929266 0.2093198 0.6407241 0.3558008 0.641794 0.2023018 0.4081755 0.2023018 0.4081755 0.04108595 0.4109649 0.2093198 0.6407241 0.2265244 0.7944944 0.3654275 0.7929266 0.2093198 0.6407241 0.06375533 0.6517912 0.2093198 0.6407241 0.04108595 0.4109649 0.2093198 0.6407241 0.06375533 0.6517912 0.2265244 0.7944944 0.09672021 0.8055017 0.2265244 0.7944944 0.06375533 0.6517912 0.5447849 0.89403 0.5905811 0.97821 0.5947889 0.8122794 0.5905811 0.97821 0.7363852 0.8988888 0.5947889 0.8122794 0.7363852 0.8988888 0.6905891 0.8147086 0.5947889 0.8122794 0.6863813 0.9806396 0.7363852 0.8988888 0.5905811 0.97821 0.2881698 0.8940508 0.3349108 0.9777099 0.3372502 0.8117426 0.3349108 0.9777099 0.4798128 0.8967523 0.3372502 0.8117426 0.4798128 0.8967523 0.4330717 0.8130934 0.3372502 0.8117426 0.4307323 0.9790609 0.4798128 0.8967523 0.3349108 0.9777099 0.9093835 0.01355576 0.7800214 0.0275709 0.9451032 0.166135 0.7994732 0.1804081 0.9451032 0.166135 0.7800214 0.0275709 0.7800214 0.0275709 0.6430243 0.03181284 0.7994732 0.1804081 0.9451032 0.166135 0.7994732 0.1804081 0.9719509 0.4067925 0.6543667 0.1829776 0.7994732 0.1804081 0.6430243 0.03181284 0.6430243 0.03181284 0.5029111 0.03369075 0.6543667 0.1829776 0.8112588 0.4132615 0.9719509 0.4067925 0.7994732 0.1804081 0.7994732 0.1804081 0.6543667 0.1829776 0.8112588 0.4132615 0.9719509 0.4067925 0.8112588 0.4132615 0.9601745 0.6490063 0.5093858 0.1831797 0.6543667 0.1829776 0.5029111 0.03369075 0.5029111 0.03369075 0.3626586 0.03517472 0.5093858 0.1831797 0.8040822 0.6434523 0.9601745 0.6490063 0.8112588 0.4132615 0.9601745 0.6490063 0.8040822 0.6434523 0.9260903 0.8010765 0.7931122 0.788917 0.9260903 0.8010765 0.8040822 0.6434523 0.6575648 0.4140596 0.8112588 0.4132615 0.6543667 0.1829776 0.8112588 0.4132615 0.6575648 0.4140596 0.8040822 0.6434523 0.6543667 0.1829776 0.5093858 0.1831797 0.6575648 0.4140596 0.8040822 0.6434523 0.65216 0.6432695 0.7931122 0.788917 0.65216 0.6432695 0.8040822 0.6434523 0.6575648 0.4140596 0.6526259 0.7896487 0.7931122 0.788917 0.65216 0.6432695 0.362922 0.182412 0.5093858 0.1831797 0.3626586 0.03517472 0.3626586 0.03517472 0.2245852 0.03329968 0.362922 0.182412 0.507305 0.4135026 0.6575648 0.4140596 0.5093858 0.1831797 0.6575648 0.4140596 0.507305 0.4135026 0.65216 0.6432695 0.5093858 0.1831797 0.362922 0.182412 0.507305 0.4135026 0.65216 0.6432695 0.5032298 0.6433634 0.6526259 0.7896487 0.5032298 0.6433634 0.65216 0.6432695 0.507305 0.4135026 0.5089496 0.792153 0.6526259 0.7896487 0.5032298 0.6433634 0.21249 0.1789171 0.362922 0.182412 0.2245852 0.03329968 0.2245852 0.03329968 0.09216022 0.01864087 0.21249 0.1789171 0.05639863 0.1698304 0.21249 0.1789171 0.09216022 0.01864087 0.3569182 0.411399 0.507305 0.4135026 0.362922 0.182412 0.507305 0.4135026 0.3569182 0.411399 0.5032298 0.6433634 0.362922 0.182412 0.21249 0.1789171 0.3569182 0.411399 0.5032298 0.6433634 0.3558008 0.641794 0.5089496 0.792153 0.3558008 0.641794 0.5032298 0.6433634 0.3569182 0.411399 0.3654275 0.7929266 0.5089496 0.792153 0.3558008 0.641794 0.21249 0.1789171 0.05639863 0.1698304 0.2023018 0.4081755 0.2023018 0.4081755 0.3569182 0.411399 0.21249 0.1789171 0.3569182 0.411399 0.2023018 0.4081755 0.3558008 0.641794 0.04108595 0.4109649 0.2023018 0.4081755 0.05639863 0.1698304 0.3558008 0.641794 0.2093198 0.6407241 0.3654275 0.7929266 0.2093198 0.6407241 0.3558008 0.641794 0.2023018 0.4081755 0.2023018 0.4081755 0.04108595 0.4109649 0.2093198 0.6407241 0.2265244 0.7944944 0.3654275 0.7929266 0.2093198 0.6407241 0.06375533 0.6517912 0.2093198 0.6407241 0.04108595 0.4109649 0.2093198 0.6407241 0.06375533 0.6517912 0.2265244 0.7944944 0.09672021 0.8055017 0.2265244 0.7944944 0.06375533 0.6517912 0.5447849 0.89403 0.5905811 0.97821 0.5947889 0.8122794 0.5905811 0.97821 0.7363852 0.8988888 0.5947889 0.8122794 0.7363852 0.8988888 0.6905891 0.8147086 0.5947889 0.8122794 0.6863813 0.9806396 0.7363852 0.8988888 0.5905811 0.97821 0.2881698 0.8940508 0.3349108 0.9777099 0.3372502 0.8117426 0.3349108 0.9777099 0.4798128 0.8967523 0.3372502 0.8117426 0.4798128 0.8967523 0.4330717 0.8130934 0.3372502 0.8117426 0.4307323 0.9790609 0.4798128 0.8967523 0.3349108 0.9777099 0.9093835 0.01355576 0.7800214 0.0275709 0.9451032 0.166135 0.7994732 0.1804081 0.9451032 0.166135 0.7800214 0.0275709 0.7800214 0.0275709 0.6430243 0.03181284 0.7994732 0.1804081 0.9451032 0.166135 0.7994732 0.1804081 0.9719509 0.4067925 0.6543667 0.1829776 0.7994732 0.1804081 0.6430243 0.03181284 0.6430243 0.03181284 0.5029111 0.03369075 0.6543667 0.1829776 0.8112588 0.4132615 0.9719509 0.4067925 0.7994732 0.1804081 0.7994732 0.1804081 0.6543667 0.1829776 0.8112588 0.4132615 0.9719509 0.4067925 0.8112588 0.4132615 0.9601745 0.6490063 0.5093858 0.1831797 0.6543667 0.1829776 0.5029111 0.03369075 0.5029111 0.03369075 0.3626586 0.03517472 0.5093858 0.1831797 0.8040822 0.6434523 0.9601745 0.6490063 0.8112588 0.4132615 0.9601745 0.6490063 0.8040822 0.6434523 0.9260903 0.8010765 0.7931122 0.788917 0.9260903 0.8010765 0.8040822 0.6434523 0.6575648 0.4140596 0.8112588 0.4132615 0.6543667 0.1829776 0.8112588 0.4132615 0.6575648 0.4140596 0.8040822 0.6434523 0.6543667 0.1829776 0.5093858 0.1831797 0.6575648 0.4140596 0.8040822 0.6434523 0.65216 0.6432695 0.7931122 0.788917 0.65216 0.6432695 0.8040822 0.6434523 0.6575648 0.4140596 0.6526259 0.7896487 0.7931122 0.788917 0.65216 0.6432695 0.362922 0.182412 0.5093858 0.1831797 0.3626586 0.03517472 0.3626586 0.03517472 0.2245852 0.03329968 0.362922 0.182412 0.507305 0.4135026 0.6575648 0.4140596 0.5093858 0.1831797 0.6575648 0.4140596 0.507305 0.4135026 0.65216 0.6432695 0.5093858 0.1831797 0.362922 0.182412 0.507305 0.4135026 0.65216 0.6432695 0.5032298 0.6433634 0.6526259 0.7896487 0.5032298 0.6433634 0.65216 0.6432695 0.507305 0.4135026 0.5089496 0.792153 0.6526259 0.7896487 0.5032298 0.6433634 0.21249 0.1789171 0.362922 0.182412 0.2245852 0.03329968 0.2245852 0.03329968 0.09216022 0.01864087 0.21249 0.1789171 0.05639863 0.1698304 0.21249 0.1789171 0.09216022 0.01864087 0.3569182 0.411399 0.507305 0.4135026 0.362922 0.182412 0.507305 0.4135026 0.3569182 0.411399 0.5032298 0.6433634 0.362922 0.182412 0.21249 0.1789171 0.3569182 0.411399 0.5032298 0.6433634 0.3558008 0.641794 0.5089496 0.792153 0.3558008 0.641794 0.5032298 0.6433634 0.3569182 0.411399 0.3654275 0.7929266 0.5089496 0.792153 0.3558008 0.641794 0.21249 0.1789171 0.05639863 0.1698304 0.2023018 0.4081755 0.2023018 0.4081755 0.3569182 0.411399 0.21249 0.1789171 0.3569182 0.411399 0.2023018 0.4081755 0.3558008 0.641794 0.04108595 0.4109649 0.2023018 0.4081755 0.05639863 0.1698304 0.3558008 0.641794 0.2093198 0.6407241 0.3654275 0.7929266 0.2093198 0.6407241 0.3558008 0.641794 0.2023018 0.4081755 0.2023018 0.4081755 0.04108595 0.4109649 0.2093198 0.6407241 0.2265244 0.7944944 0.3654275 0.7929266 0.2093198 0.6407241 0.06375533 0.6517912 0.2093198 0.6407241 0.04108595 0.4109649 0.2093198 0.6407241 0.06375533 0.6517912 0.2265244 0.7944944 0.09672021 0.8055017 0.2265244 0.7944944 0.06375533 0.6517912 0.5447849 0.89403 0.5905811 0.97821 0.5947889 0.8122794 0.5905811 0.97821 0.7363852 0.8988888 0.5947889 0.8122794 0.7363852 0.8988888 0.6905891 0.8147086 0.5947889 0.8122794 0.6863813 0.9806396 0.7363852 0.8988888 0.5905811 0.97821 0.2881698 0.8940508 0.3349108 0.9777099 0.3372502 0.8117426 0.3349108 0.9777099 0.4798128 0.8967523 0.3372502 0.8117426 0.4798128 0.8967523 0.4330717 0.8130934 0.3372502 0.8117426 0.4307323 0.9790609 0.4798128 0.8967523 0.3349108 0.9777099 0.9093835 0.01355576 0.7800214 0.0275709 0.9451032 0.166135 0.7994732 0.1804081 0.9451032 0.166135 0.7800214 0.0275709 0.7800214 0.0275709 0.6430243 0.03181284 0.7994732 0.1804081 0.9451032 0.166135 0.7994732 0.1804081 0.9719509 0.4067925 0.6543667 0.1829776 0.7994732 0.1804081 0.6430243 0.03181284 0.6430243 0.03181284 0.5029111 0.03369075 0.6543667 0.1829776 0.8112588 0.4132615 0.9719509 0.4067925 0.7994732 0.1804081 0.7994732 0.1804081 0.6543667 0.1829776 0.8112588 0.4132615 0.9719509 0.4067925 0.8112588 0.4132615 0.9601745 0.6490063 0.5093858 0.1831797 0.6543667 0.1829776 0.5029111 0.03369075 0.5029111 0.03369075 0.3626586 0.03517472 0.5093858 0.1831797 0.8040822 0.6434523 0.9601745 0.6490063 0.8112588 0.4132615 0.9601745 0.6490063 0.8040822 0.6434523 0.9260903 0.8010765 0.7931122 0.788917 0.9260903 0.8010765 0.8040822 0.6434523 0.6575648 0.4140596 0.8112588 0.4132615 0.6543667 0.1829776 0.8112588 0.4132615 0.6575648 0.4140596 0.8040822 0.6434523 0.6543667 0.1829776 0.5093858 0.1831797 0.6575648 0.4140596 0.8040822 0.6434523 0.65216 0.6432695 0.7931122 0.788917 0.65216 0.6432695 0.8040822 0.6434523 0.6575648 0.4140596 0.6526259 0.7896487 0.7931122 0.788917 0.65216 0.6432695 0.362922 0.182412 0.5093858 0.1831797 0.3626586 0.03517472 0.3626586 0.03517472 0.2245852 0.03329968 0.362922 0.182412 0.507305 0.4135026 0.6575648 0.4140596 0.5093858 0.1831797 0.6575648 0.4140596 0.507305 0.4135026 0.65216 0.6432695 0.5093858 0.1831797 0.362922 0.182412 0.507305 0.4135026 0.65216 0.6432695 0.5032298 0.6433634 0.6526259 0.7896487 0.5032298 0.6433634 0.65216 0.6432695 0.507305 0.4135026 0.5089496 0.792153 0.6526259 0.7896487 0.5032298 0.6433634 0.21249 0.1789171 0.362922 0.182412 0.2245852 0.03329968 0.2245852 0.03329968 0.09216022 0.01864087 0.21249 0.1789171 0.05639863 0.1698304 0.21249 0.1789171 0.09216022 0.01864087 0.3569182 0.411399 0.507305 0.4135026 0.362922 0.182412 0.507305 0.4135026 0.3569182 0.411399 0.5032298 0.6433634 0.362922 0.182412 0.21249 0.1789171 0.3569182 0.411399 0.5032298 0.6433634 0.3558008 0.641794 0.5089496 0.792153 0.3558008 0.641794 0.5032298 0.6433634 0.3569182 0.411399 0.3654275 0.7929266 0.5089496 0.792153 0.3558008 0.641794 0.21249 0.1789171 0.05639863 0.1698304 0.2023018 0.4081755 0.2023018 0.4081755 0.3569182 0.411399 0.21249 0.1789171 0.3569182 0.411399 0.2023018 0.4081755 0.3558008 0.641794 0.04108595 0.4109649 0.2023018 0.4081755 0.05639863 0.1698304 0.3558008 0.641794 0.2093198 0.6407241 0.3654275 0.7929266 0.2093198 0.6407241 0.3558008 0.641794 0.2023018 0.4081755 0.2023018 0.4081755 0.04108595 0.4109649 0.2093198 0.6407241 0.2265244 0.7944944 0.3654275 0.7929266 0.2093198 0.6407241 0.06375533 0.6517912 0.2093198 0.6407241 0.04108595 0.4109649 0.2093198 0.6407241 0.06375533 0.6517912 0.2265244 0.7944944 0.09672021 0.8055017 0.2265244 0.7944944 0.06375533 0.6517912 0.5447849 0.89403 0.5905811 0.97821 0.5947889 0.8122794 0.5905811 0.97821 0.7363852 0.8988888 0.5947889 0.8122794 0.7363852 0.8988888 0.6905891 0.8147086 0.5947889 0.8122794 0.6863813 0.9806396 0.7363852 0.8988888 0.5905811 0.97821 0.2881698 0.8940508 0.3349108 0.9777099 0.3372502 0.8117426 0.3349108 0.9777099 0.4798128 0.8967523 0.3372502 0.8117426 0.4798128 0.8967523 0.4330717 0.8130934 0.3372502 0.8117426 0.4307323 0.9790609 0.4798128 0.8967523 0.3349108 0.9777099 0.9093835 0.01355576 0.7800214 0.0275709 0.9451032 0.166135 0.7994732 0.1804081 0.9451032 0.166135 0.7800214 0.0275709 0.7800214 0.0275709 0.6430243 0.03181284 0.7994732 0.1804081 0.9451032 0.166135 0.7994732 0.1804081 0.9719509 0.4067925 0.6543667 0.1829776 0.7994732 0.1804081 0.6430243 0.03181284 0.6430243 0.03181284 0.5029111 0.03369075 0.6543667 0.1829776 0.8112588 0.4132615 0.9719509 0.4067925 0.7994732 0.1804081 0.7994732 0.1804081 0.6543667 0.1829776 0.8112588 0.4132615 0.9719509 0.4067925 0.8112588 0.4132615 0.9601745 0.6490063 0.5093858 0.1831797 0.6543667 0.1829776 0.5029111 0.03369075 0.5029111 0.03369075 0.3626586 0.03517472 0.5093858 0.1831797 0.8040822 0.6434523 0.9601745 0.6490063 0.8112588 0.4132615 0.9601745 0.6490063 0.8040822 0.6434523 0.9260903 0.8010765 0.7931122 0.788917 0.9260903 0.8010765 0.8040822 0.6434523 0.6575648 0.4140596 0.8112588 0.4132615 0.6543667 0.1829776 0.8112588 0.4132615 0.6575648 0.4140596 0.8040822 0.6434523 0.6543667 0.1829776 0.5093858 0.1831797 0.6575648 0.4140596 0.8040822 0.6434523 0.65216 0.6432695 0.7931122 0.788917 0.65216 0.6432695 0.8040822 0.6434523 0.6575648 0.4140596 0.6526259 0.7896487 0.7931122 0.788917 0.65216 0.6432695 0.362922 0.182412 0.5093858 0.1831797 0.3626586 0.03517472 0.3626586 0.03517472 0.2245852 0.03329968 0.362922 0.182412 0.507305 0.4135026 0.6575648 0.4140596 0.5093858 0.1831797 0.6575648 0.4140596 0.507305 0.4135026 0.65216 0.6432695 0.5093858 0.1831797 0.362922 0.182412 0.507305 0.4135026 0.65216 0.6432695 0.5032298 0.6433634 0.6526259 0.7896487 0.5032298 0.6433634 0.65216 0.6432695 0.507305 0.4135026 0.5089496 0.792153 0.6526259 0.7896487 0.5032298 0.6433634 0.21249 0.1789171 0.362922 0.182412 0.2245852 0.03329968 0.2245852 0.03329968 0.09216022 0.01864087 0.21249 0.1789171 0.05639863 0.1698304 0.21249 0.1789171 0.09216022 0.01864087 0.3569182 0.411399 0.507305 0.4135026 0.362922 0.182412 0.507305 0.4135026 0.3569182 0.411399 0.5032298 0.6433634 0.362922 0.182412 0.21249 0.1789171 0.3569182 0.411399 0.5032298 0.6433634 0.3558008 0.641794 0.5089496 0.792153 0.3558008 0.641794 0.5032298 0.6433634 0.3569182 0.411399 0.3654275 0.7929266 0.5089496 0.792153 0.3558008 0.641794 0.21249 0.1789171 0.05639863 0.1698304 0.2023018 0.4081755 0.2023018 0.4081755 0.3569182 0.411399 0.21249 0.1789171 0.3569182 0.411399 0.2023018 0.4081755 0.3558008 0.641794 0.04108595 0.4109649 0.2023018 0.4081755 0.05639863 0.1698304 0.3558008 0.641794 0.2093198 0.6407241 0.3654275 0.7929266 0.2093198 0.6407241 0.3558008 0.641794 0.2023018 0.4081755 0.2023018 0.4081755 0.04108595 0.4109649 0.2093198 0.6407241 0.2265244 0.7944944 0.3654275 0.7929266 0.2093198 0.6407241 0.06375533 0.6517912 0.2093198 0.6407241 0.04108595 0.4109649 0.2093198 0.6407241 0.06375533 0.6517912 0.2265244 0.7944944 0.09672021 0.8055017 0.2265244 0.7944944 0.06375533 0.6517912 0.5447849 0.89403 0.5905811 0.97821 0.5947889 0.8122794 0.5905811 0.97821 0.7363852 0.8988888 0.5947889 0.8122794 0.7363852 0.8988888 0.6905891 0.8147086 0.5947889 0.8122794 0.6863813 0.9806396 0.7363852 0.8988888 0.5905811 0.97821 0.2881698 0.8940508 0.3349108 0.9777099 0.3372502 0.8117426 0.3349108 0.9777099 0.4798128 0.8967523 0.3372502 0.8117426 0.4798128 0.8967523 0.4330717 0.8130934 0.3372502 0.8117426 0.4307323 0.9790609 0.4798128 0.8967523 0.3349108 0.9777099 0.9093835 0.01355576 0.7800214 0.0275709 0.9451032 0.166135 0.7994732 0.1804081 0.9451032 0.166135 0.7800214 0.0275709 0.7800214 0.0275709 0.6430243 0.03181284 0.7994732 0.1804081 0.9451032 0.166135 0.7994732 0.1804081 0.9719509 0.4067925 0.6543667 0.1829776 0.7994732 0.1804081 0.6430243 0.03181284 0.6430243 0.03181284 0.5029111 0.03369075 0.6543667 0.1829776 0.8112588 0.4132615 0.9719509 0.4067925 0.7994732 0.1804081 0.7994732 0.1804081 0.6543667 0.1829776 0.8112588 0.4132615 0.9719509 0.4067925 0.8112588 0.4132615 0.9601745 0.6490063 0.5093858 0.1831797 0.6543667 0.1829776 0.5029111 0.03369075 0.5029111 0.03369075 0.3626586 0.03517472 0.5093858 0.1831797 0.8040822 0.6434523 0.9601745 0.6490063 0.8112588 0.4132615 0.9601745 0.6490063 0.8040822 0.6434523 0.9260903 0.8010765 0.7931122 0.788917 0.9260903 0.8010765 0.8040822 0.6434523 0.6575648 0.4140596 0.8112588 0.4132615 0.6543667 0.1829776 0.8112588 0.4132615 0.6575648 0.4140596 0.8040822 0.6434523 0.6543667 0.1829776 0.5093858 0.1831797 0.6575648 0.4140596 0.8040822 0.6434523 0.65216 0.6432695 0.7931122 0.788917 0.65216 0.6432695 0.8040822 0.6434523 0.6575648 0.4140596 0.6526259 0.7896487 0.7931122 0.788917 0.65216 0.6432695 0.362922 0.182412 0.5093858 0.1831797 0.3626586 0.03517472 0.3626586 0.03517472 0.2245852 0.03329968 0.362922 0.182412 0.507305 0.4135026 0.6575648 0.4140596 0.5093858 0.1831797 0.6575648 0.4140596 0.507305 0.4135026 0.65216 0.6432695 0.5093858 0.1831797 0.362922 0.182412 0.507305 0.4135026 0.65216 0.6432695 0.5032298 0.6433634 0.6526259 0.7896487 0.5032298 0.6433634 0.65216 0.6432695 0.507305 0.4135026 0.5089496 0.792153 0.6526259 0.7896487 0.5032298 0.6433634 0.21249 0.1789171 0.362922 0.182412 0.2245852 0.03329968 0.2245852 0.03329968 0.09216022 0.01864087 0.21249 0.1789171 0.05639863 0.1698304 0.21249 0.1789171 0.09216022 0.01864087 0.3569182 0.411399 0.507305 0.4135026 0.362922 0.182412 0.507305 0.4135026 0.3569182 0.411399 0.5032298 0.6433634 0.362922 0.182412 0.21249 0.1789171 0.3569182 0.411399 0.5032298 0.6433634 0.3558008 0.641794 0.5089496 0.792153 0.3558008 0.641794 0.5032298 0.6433634 0.3569182 0.411399 0.3654275 0.7929266 0.5089496 0.792153 0.3558008 0.641794 0.21249 0.1789171 0.05639863 0.1698304 0.2023018 0.4081755 0.2023018 0.4081755 0.3569182 0.411399 0.21249 0.1789171 0.3569182 0.411399 0.2023018 0.4081755 0.3558008 0.641794 0.04108595 0.4109649 0.2023018 0.4081755 0.05639863 0.1698304 0.3558008 0.641794 0.2093198 0.6407241 0.3654275 0.7929266 0.2093198 0.6407241 0.3558008 0.641794 0.2023018 0.4081755 0.2023018 0.4081755 0.04108595 0.4109649 0.2093198 0.6407241 0.2265244 0.7944944 0.3654275 0.7929266 0.2093198 0.6407241 0.06375533 0.6517912 0.2093198 0.6407241 0.04108595 0.4109649 0.2093198 0.6407241 0.06375533 0.6517912 0.2265244 0.7944944 0.09672021 0.8055017 0.2265244 0.7944944 0.06375533 0.6517912 0.5447849 0.89403 0.5905811 0.97821 0.5947889 0.8122794 0.5905811 0.97821 0.7363852 0.8988888 0.5947889 0.8122794 0.7363852 0.8988888 0.6905891 0.8147086 0.5947889 0.8122794 0.6863813 0.9806396 0.7363852 0.8988888 0.5905811 0.97821 0.2881698 0.8940508 0.3349108 0.9777099 0.3372502 0.8117426 0.3349108 0.9777099 0.4798128 0.8967523 0.3372502 0.8117426 0.4798128 0.8967523 0.4330717 0.8130934 0.3372502 0.8117426 0.4307323 0.9790609 0.4798128 0.8967523 0.3349108 0.9777099 0.9093835 0.01355576 0.7800214 0.0275709 0.9451032 0.166135 0.7994732 0.1804081 0.9451032 0.166135 0.7800214 0.0275709 0.7800214 0.0275709 0.6430243 0.03181284 0.7994732 0.1804081 0.9451032 0.166135 0.7994732 0.1804081 0.9719509 0.4067925 0.6543667 0.1829776 0.7994732 0.1804081 0.6430243 0.03181284 0.6430243 0.03181284 0.5029111 0.03369075 0.6543667 0.1829776 0.8112588 0.4132615 0.9719509 0.4067925 0.7994732 0.1804081 0.7994732 0.1804081 0.6543667 0.1829776 0.8112588 0.4132615 0.9719509 0.4067925 0.8112588 0.4132615 0.9601745 0.6490063 0.5093858 0.1831797 0.6543667 0.1829776 0.5029111 0.03369075 0.5029111 0.03369075 0.3626586 0.03517472 0.5093858 0.1831797 0.8040822 0.6434523 0.9601745 0.6490063 0.8112588 0.4132615 0.9601745 0.6490063 0.8040822 0.6434523 0.9260903 0.8010765 0.7931122 0.788917 0.9260903 0.8010765 0.8040822 0.6434523 0.6575648 0.4140596 0.8112588 0.4132615 0.6543667 0.1829776 0.8112588 0.4132615 0.6575648 0.4140596 0.8040822 0.6434523 0.6543667 0.1829776 0.5093858 0.1831797 0.6575648 0.4140596 0.8040822 0.6434523 0.65216 0.6432695 0.7931122 0.788917 0.65216 0.6432695 0.8040822 0.6434523 0.6575648 0.4140596 0.6526259 0.7896487 0.7931122 0.788917 0.65216 0.6432695 0.362922 0.182412 0.5093858 0.1831797 0.3626586 0.03517472 0.3626586 0.03517472 0.2245852 0.03329968 0.362922 0.182412 0.507305 0.4135026 0.6575648 0.4140596 0.5093858 0.1831797 0.6575648 0.4140596 0.507305 0.4135026 0.65216 0.6432695 0.5093858 0.1831797 0.362922 0.182412 0.507305 0.4135026 0.65216 0.6432695 0.5032298 0.6433634 0.6526259 0.7896487 0.5032298 0.6433634 0.65216 0.6432695 0.507305 0.4135026 0.5089496 0.792153 0.6526259 0.7896487 0.5032298 0.6433634 0.21249 0.1789171 0.362922 0.182412 0.2245852 0.03329968 0.2245852 0.03329968 0.09216022 0.01864087 0.21249 0.1789171 0.05639863 0.1698304 0.21249 0.1789171 0.09216022 0.01864087 0.3569182 0.411399 0.507305 0.4135026 0.362922 0.182412 0.507305 0.4135026 0.3569182 0.411399 0.5032298 0.6433634 0.362922 0.182412 0.21249 0.1789171 0.3569182 0.411399 0.5032298 0.6433634 0.3558008 0.641794 0.5089496 0.792153 0.3558008 0.641794 0.5032298 0.6433634 0.3569182 0.411399 0.3654275 0.7929266 0.5089496 0.792153 0.3558008 0.641794 0.21249 0.1789171 0.05639863 0.1698304 0.2023018 0.4081755 0.2023018 0.4081755 0.3569182 0.411399 0.21249 0.1789171 0.3569182 0.411399 0.2023018 0.4081755 0.3558008 0.641794 0.04108595 0.4109649 0.2023018 0.4081755 0.05639863 0.1698304 0.3558008 0.641794 0.2093198 0.6407241 0.3654275 0.7929266 0.2093198 0.6407241 0.3558008 0.641794 0.2023018 0.4081755 0.2023018 0.4081755 0.04108595 0.4109649 0.2093198 0.6407241 0.2265244 0.7944944 0.3654275 0.7929266 0.2093198 0.6407241 0.06375533 0.6517912 0.2093198 0.6407241 0.04108595 0.4109649 0.2093198 0.6407241 0.06375533 0.6517912 0.2265244 0.7944944 0.09672021 0.8055017 0.2265244 0.7944944 0.06375533 0.6517912 0.5447849 0.89403 0.5905811 0.97821 0.5947889 0.8122794 0.5905811 0.97821 0.7363852 0.8988888 0.5947889 0.8122794 0.7363852 0.8988888 0.6905891 0.8147086 0.5947889 0.8122794 0.6863813 0.9806396 0.7363852 0.8988888 0.5905811 0.97821 0.2881698 0.8940508 0.3349108 0.9777099 0.3372502 0.8117426 0.3349108 0.9777099 0.4798128 0.8967523 0.3372502 0.8117426 0.4798128 0.8967523 0.4330717 0.8130934 0.3372502 0.8117426 0.4307323 0.9790609 0.4798128 0.8967523 0.3349108 0.9777099 0.9093835 0.01355576 0.7800214 0.0275709 0.9451032 0.166135 0.7994732 0.1804081 0.9451032 0.166135 0.7800214 0.0275709 0.7800214 0.0275709 0.6430243 0.03181284 0.7994732 0.1804081 0.9451032 0.166135 0.7994732 0.1804081 0.9719509 0.4067925 0.6543667 0.1829776 0.7994732 0.1804081 0.6430243 0.03181284 0.6430243 0.03181284 0.5029111 0.03369075 0.6543667 0.1829776 0.8112588 0.4132615 0.9719509 0.4067925 0.7994732 0.1804081 0.7994732 0.1804081 0.6543667 0.1829776 0.8112588 0.4132615 0.9719509 0.4067925 0.8112588 0.4132615 0.9601745 0.6490063 0.5093858 0.1831797 0.6543667 0.1829776 0.5029111 0.03369075 0.5029111 0.03369075 0.3626586 0.03517472 0.5093858 0.1831797 0.8040822 0.6434523 0.9601745 0.6490063 0.8112588 0.4132615 0.9601745 0.6490063 0.8040822 0.6434523 0.9260903 0.8010765 0.7931122 0.788917 0.9260903 0.8010765 0.8040822 0.6434523 0.6575648 0.4140596 0.8112588 0.4132615 0.6543667 0.1829776 0.8112588 0.4132615 0.6575648 0.4140596 0.8040822 0.6434523 0.6543667 0.1829776 0.5093858 0.1831797 0.6575648 0.4140596 0.8040822 0.6434523 0.65216 0.6432695 0.7931122 0.788917 0.65216 0.6432695 0.8040822 0.6434523 0.6575648 0.4140596 0.6526259 0.7896487 0.7931122 0.788917 0.65216 0.6432695 0.362922 0.182412 0.5093858 0.1831797 0.3626586 0.03517472 0.3626586 0.03517472 0.2245852 0.03329968 0.362922 0.182412 0.507305 0.4135026 0.6575648 0.4140596 0.5093858 0.1831797 0.6575648 0.4140596 0.507305 0.4135026 0.65216 0.6432695 0.5093858 0.1831797 0.362922 0.182412 0.507305 0.4135026 0.65216 0.6432695 0.5032298 0.6433634 0.6526259 0.7896487 0.5032298 0.6433634 0.65216 0.6432695 0.507305 0.4135026 0.5089496 0.792153 0.6526259 0.7896487 0.5032298 0.6433634 0.21249 0.1789171 0.362922 0.182412 0.2245852 0.03329968 0.2245852 0.03329968 0.09216022 0.01864087 0.21249 0.1789171 0.05639863 0.1698304 0.21249 0.1789171 0.09216022 0.01864087 0.3569182 0.411399 0.507305 0.4135026 0.362922 0.182412 0.507305 0.4135026 0.3569182 0.411399 0.5032298 0.6433634 0.362922 0.182412 0.21249 0.1789171 0.3569182 0.411399 0.5032298 0.6433634 0.3558008 0.641794 0.5089496 0.792153 0.3558008 0.641794 0.5032298 0.6433634 0.3569182 0.411399 0.3654275 0.7929266 0.5089496 0.792153 0.3558008 0.641794 0.21249 0.1789171 0.05639863 0.1698304 0.2023018 0.4081755 0.2023018 0.4081755 0.3569182 0.411399 0.21249 0.1789171 0.3569182 0.411399 0.2023018 0.4081755 0.3558008 0.641794 0.04108595 0.4109649 0.2023018 0.4081755 0.05639863 0.1698304 0.3558008 0.641794 0.2093198 0.6407241 0.3654275 0.7929266 0.2093198 0.6407241 0.3558008 0.641794 0.2023018 0.4081755 0.2023018 0.4081755 0.04108595 0.4109649 0.2093198 0.6407241 0.2265244 0.7944944 0.3654275 0.7929266 0.2093198 0.6407241 0.06375533 0.6517912 0.2093198 0.6407241 0.04108595 0.4109649 0.2093198 0.6407241 0.06375533 0.6517912 0.2265244 0.7944944 0.09672021 0.8055017 0.2265244 0.7944944 0.06375533 0.6517912 0.5447849 0.89403 0.5905811 0.97821 0.5947889 0.8122794 0.5905811 0.97821 0.7363852 0.8988888 0.5947889 0.8122794 0.7363852 0.8988888 0.6905891 0.8147086 0.5947889 0.8122794 0.6863813 0.9806396 0.7363852 0.8988888 0.5905811 0.97821 0.5739418 0.3189411 0.5646651 0.3189411 0.5739418 0.320473 0.5646651 0.3189411 0.5646651 0.320473 0.5739418 0.320473 0.5646651 0.3189411 0.5553954 0.3189411 0.5646651 0.320473 0.5553954 0.3189411 0.5553954 0.320473 0.5646651 0.320473 0.5553954 0.3189411 0.5469552 0.3189411 0.5553954 0.320473 0.5469552 0.3189411 0.5469552 0.320473 0.5553954 0.320473 0.5469552 0.3189411 0.540591 0.3189411 0.5469552 0.320473 0.540591 0.3189411 0.540591 0.320473 0.5469552 0.320473 0.540591 0.3189411 0.5361205 0.3189411 0.540591 0.320473 0.5361205 0.3189411 0.5361205 0.320473 0.540591 0.320473 0.5361205 0.3189411 0.5318512 0.3189411 0.5361205 0.320473 0.5318512 0.3189411 0.5318512 0.320473 0.5361205 0.320473 0.5318512 0.3189411 0.527521 0.3189411 0.5318512 0.320473 0.527521 0.3189411 0.527521 0.320473 0.5318512 0.320473 0.527521 0.3189411 0.5225477 0.3189411 0.527521 0.320473 0.5225477 0.3189411 0.5225477 0.320473 0.527521 0.320473 0.5225477 0.3189411 0.5133306 0.3189411 0.5225477 0.320473 0.5133306 0.3189411 0.5133306 0.320473 0.5225477 0.320473 0.5133306 0.3189411 0.5025146 0.3189411 0.5133306 0.320473 0.5025146 0.3189411 0.5025146 0.320473 0.5133306 0.320473 0.5025146 0.3189411 0.4929111 0.3189411 0.5025146 0.320473 0.4929111 0.3189411 0.4929111 0.320473 0.5025146 0.320473 0.4929111 0.3189411 0.482919 0.3189411 0.4929111 0.320473 0.482919 0.3189411 0.482919 0.320473 0.4929111 0.320473 0.482919 0.3189411 0.4744822 0.3189411 0.482919 0.320473 0.4744822 0.3189411 0.4744822 0.320473 0.482919 0.320473 0.4744822 0.3189411 0.4681195 0.3189411 0.4744822 0.320473 0.4681195 0.3189411 0.4681195 0.320473 0.4744822 0.320473 0.4681195 0.3189411 0.4636614 0.3189411 0.4681195 0.320473 0.4636614 0.3189411 0.4636614 0.320473 0.4681195 0.320473 0.4636614 0.3189411 0.459412 0.3189411 0.4636614 0.320473 0.459412 0.3189411 0.459412 0.320473 0.4636614 0.320473 0.459412 0.3189411 0.4551087 0.3189411 0.459412 0.320473 0.4551087 0.3189411 0.4551087 0.320473 0.459412 0.320473 0.4551087 0.3189411 0.4501684 0.3189411 0.4551087 0.320473 0.4501684 0.3189411 0.4501684 0.320473 0.4551087 0.320473 0.4501684 0.3189411 0.4409933 0.3189411 0.4501684 0.320473 0.4409933 0.3189411 0.4409933 0.320473 0.4501684 0.320473 0.4409933 0.3189411 0.4310873 0.3189411 0.4409933 0.320473 0.4310873 0.3189411 0.4310873 0.320473 0.4409933 0.320473 0.4310873 0.3189411 0.4261786 0.3189411 0.4310873 0.320473 0.4261786 0.3189411 0.4261786 0.320473 0.4310873 0.320473 0.4261786 0.3189411 0.4190462 0.3189411 0.4261786 0.320473 0.4190462 0.3189411 0.4190462 0.320473 0.4261786 0.320473 0.4190462 0.3189411 0.4090973 0.3189411 0.4190462 0.320473 0.4090973 0.3189411 0.4090973 0.320473 0.4190462 0.320473 0.4090973 0.3189411 0.4007057 0.3189411 0.4090973 0.320473 0.4007057 0.3189411 0.4007057 0.320473 0.4090973 0.320473 0.4007057 0.3189411 0.3943564 0.3189411 0.4007057 0.320473 0.3943564 0.3189411 0.3943564 0.320473 0.4007057 0.320473 0.3943564 0.3189411 0.3898951 0.3189411 0.3943564 0.320473 0.3898951 0.3189411 0.3898951 0.320473 0.3943564 0.320473 0.3898951 0.3189411 0.3856283 0.3189411 0.3898951 0.320473 0.3856283 0.3189411 0.3856283 0.320473 0.3898951 0.320473 0.3856283 0.3189411 0.3812972 0.3189411 0.3856283 0.320473 0.3812972 0.3189411 0.3812972 0.320473 0.3856283 0.320473 0.3812972 0.3189411 0.3763244 0.3189411 0.3812972 0.320473 0.3763244 0.3189411 0.3763244 0.320473 0.3812972 0.320473 0.3763244 0.3189411 0.3670902 0.3189411 0.3763244 0.320473 0.3670902 0.3189411 0.3670902 0.320473 0.3763244 0.320473 0.3670902 0.3189411 0.3564507 0.3189411 0.3670902 0.320473 0.3564507 0.3189411 0.3564507 0.320473 0.3670902 0.320473 0.3564507 0.3189411 0.3507643 0.3189411 0.3564507 0.320473 0.3507643 0.3189411 0.3507643 0.320473 0.3564507 0.320473 0.3507643 0.3189411 0.3442446 0.3189411 0.3507643 0.320473 0.3442446 0.3189411 0.3442446 0.320473 0.3507643 0.320473 0.3442446 0.3189411 0.3349441 0.3189411 0.3442446 0.320473 0.3349441 0.3189411 0.3349441 0.320473 0.3442446 0.320473 0.3349441 0.3189411 0.3264524 0.3189411 0.3349441 0.320473 0.3264524 0.3189411 0.3264524 0.320473 0.3349441 0.320473 0.3264524 0.3189411 0.3200144 0.3189411 0.3264524 0.320473 0.3200144 0.3189411 0.3200144 0.320473 0.3264524 0.320473 0.3200144 0.3189411 0.3154659 0.3189411 0.3200144 0.320473 0.3154659 0.3189411 0.3154659 0.320473 0.3200144 0.320473 0.3154659 0.3189411 0.3111239 0.3189411 0.3154659 0.320473 0.3111239 0.3189411 0.3111239 0.320473 0.3154659 0.320473 0.3111239 0.3189411 0.3067233 0.3189411 0.3111239 0.320473 0.3067233 0.3189411 0.3067233 0.320473 0.3111239 0.320473 0.3067233 0.3189411 0.3016809 0.3189411 0.3067233 0.320473 0.3016809 0.3189411 0.3016809 0.320473 0.3067233 0.320473 0.3016809 0.3189411 0.2923864 0.3189411 0.3016809 0.320473 0.2923864 0.3189411 0.2923864 0.320473 0.3016809 0.320473 0.2923864 0.3189411 0.2814617 0.3189411 0.2923864 0.320473 0.2814617 0.3189411 0.2814617 0.320473 0.2923864 0.320473 0.2814617 0.3189411 0.2727908 0.3189411 0.2814617 0.320473 0.2727908 0.3189411 0.2727908 0.320473 0.2814617 0.320473 0.2727908 0.3189411 0.262806 0.3189411 0.2727908 0.320473 0.262806 0.3189411 0.262806 0.320473 0.2727908 0.320473 0.262806 0.3189411 0.2543033 0.3189411 0.262806 0.320473 0.2543033 0.3189411 0.2543033 0.320473 0.262806 0.320473 0.2543033 0.3189411 0.2478694 0.3189411 0.2543033 0.320473 0.2478694 0.3189411 0.2478694 0.320473 0.2543033 0.320473 0.2478694 0.3189411 0.2433419 0.3189411 0.2478694 0.320473 0.2433419 0.3189411 0.2433419 0.320473 0.2478694 0.320473 0.2433419 0.3189411 0.2390351 0.3189411 0.2433419 0.320473 0.2390351 0.3189411 0.2390351 0.320473 0.2433419 0.320473 0.2390351 0.3189411 0.2346859 0.3189411 0.2390351 0.320473 0.2346859 0.3189411 0.2346859 0.320473 0.2390351 0.320473 0.2346859 0.3189411 0.2297105 0.3189411 0.2346859 0.320473 0.2297105 0.3189411 0.2297105 0.320473 0.2346859 0.320473 0.2297105 0.3189411 0.2191743 0.3189411 0.2297105 0.320473 0.2191743 0.3189411 0.2191743 0.320473 0.2297105 0.320473 0.2334654 0.3522952 0.2334654 0.3537968 0.2384592 0.3537968 0.2384592 0.3522952 0.2334654 0.3522952 0.2384592 0.3537968 0.2384592 0.3522952 0.2384592 0.3537968 0.249028 0.3537968 0.249028 0.3522952 0.2384592 0.3522952 0.249028 0.3537968 0.249028 0.3522952 0.249028 0.3537968 0.2581983 0.3537968 0.2581983 0.3522952 0.249028 0.3522952 0.2581983 0.3537968 0.2581983 0.3522952 0.2581983 0.3537968 0.2631347 0.3537968 0.2631347 0.3522952 0.2581983 0.3522952 0.2631347 0.3537968 0.2631347 0.3522952 0.2631347 0.3537968 0.2674301 0.3537968 0.2674301 0.3522952 0.2631347 0.3522952 0.2674301 0.3537968 0.2674301 0.3522952 0.2674301 0.3537968 0.2716597 0.3537968 0.2716597 0.3522952 0.2674301 0.3522952 0.2716597 0.3537968 0.2716597 0.3522952 0.2716597 0.3537968 0.2760761 0.3537968 0.2760761 0.3522952 0.2716597 0.3522952 0.2760761 0.3537968 0.2760761 0.3522952 0.2760761 0.3537968 0.2823847 0.3537968 0.2823847 0.3522952 0.2760761 0.3522952 0.2823847 0.3537968 0.2823847 0.3522952 0.2823847 0.3537968 0.2907448 0.3537968 0.2907448 0.3522952 0.2823847 0.3522952 0.2907448 0.3537968 0.2907448 0.3522952 0.2907448 0.3537968 0.300675 0.3537968 0.300675 0.3522952 0.2907448 0.3522952 0.300675 0.3537968 0.300675 0.3522952 0.300675 0.3537968 0.3077859 0.3537968 0.3077859 0.3522952 0.300675 0.3522952 0.3077859 0.3537968 0.3077859 0.3522952 0.3077859 0.3537968 0.3126626 0.3537968 0.3126626 0.3522952 0.3077859 0.3522952 0.3126626 0.3537968 0.3126626 0.3522952 0.3126626 0.3537968 0.3225439 0.3537968 0.3225439 0.3522952 0.3126626 0.3522952 0.3225439 0.3537968 0.3225439 0.3522952 0.3225439 0.3537968 0.3317005 0.3537968 0.3317005 0.3522952 0.3225439 0.3522952 0.3317005 0.3537968 0.3317005 0.3522952 0.3317005 0.3537968 0.3366259 0.3537968 0.3366259 0.3522952 0.3317005 0.3522952 0.3366259 0.3537968 0.3366259 0.3522952 0.3366259 0.3537968 0.3409152 0.3537968 0.3409152 0.3522952 0.3366259 0.3522952 0.3409152 0.3537968 0.3409152 0.3522952 0.3409152 0.3537968 0.3451508 0.3537968 0.3451508 0.3522952 0.3409152 0.3522952 0.3451508 0.3537968 0.3451508 0.3522952 0.3451508 0.3537968 0.349596 0.3537968 0.349596 0.3522952 0.3451508 0.3522952 0.349596 0.3537968 0.349596 0.3522952 0.349596 0.3537968 0.3559571 0.3537968 0.3559571 0.3522952 0.349596 0.3522952 0.3559571 0.3537968 0.3559571 0.3522952 0.3559571 0.3537968 0.364396 0.3537968 0.364396 0.3522952 0.3559571 0.3522952 0.364396 0.3537968 0.364396 0.3522952 0.364396 0.3537968 0.374381 0.3537968 0.374381 0.3522952 0.364396 0.3522952 0.374381 0.3537968 0.374381 0.3522952 0.374381 0.3537968 0.3839809 0.3537968 0.3839809 0.3522952 0.374381 0.3522952 0.3839809 0.3537968 0.3839809 0.3522952 0.3839809 0.3537968 0.3947924 0.3537968 0.3947924 0.3522952 0.3839809 0.3522952 0.3947924 0.3537968 0.3947924 0.3522952 0.3947924 0.3537968 0.4040119 0.3537968 0.4040119 0.3522952 0.3947924 0.3522952 0.4040119 0.3537968 0.4040119 0.3522952 0.4040119 0.3537968 0.4089877 0.3537968 0.4089877 0.3522952 0.4040119 0.3522952 0.4089877 0.3537968 0.4089877 0.3522952 0.4089877 0.3537968 0.4133235 0.3537968 0.4133235 0.3522952 0.4089877 0.3522952 0.4133235 0.3537968 0.4133235 0.3522952 0.4133235 0.3537968 0.4175998 0.3537968 0.4175998 0.3522952 0.4133235 0.3522952 0.4175998 0.3537968 0.4175998 0.3522952 0.4175998 0.3537968 0.4220798 0.3537968 0.4220798 0.3522952 0.4175998 0.3522952 0.4220798 0.3537968 0.4220798 0.3522952 0.4220798 0.3537968 0.428462 0.3537968 0.428462 0.3522952 0.4220798 0.3522952 0.428462 0.3537968 0.428462 0.3522952 0.428462 0.3537968 0.4369025 0.3537968 0.4369025 0.3522952 0.428462 0.3522952 0.4369025 0.3537968 0.4369025 0.3522952 0.4369025 0.3537968 0.4461587 0.3537968 0.4461587 0.3522952 0.4369025 0.3522952 0.4461587 0.3537968 0.4461587 0.3522952 0.4461587 0.3537968 0.4526381 0.3537968 0.4526381 0.3522952 0.4461587 0.3522952 0.4526381 0.3537968 0.4526381 0.3522952 0.4526381 0.3537968 0.458283 0.3537968 0.458283 0.3522952 0.4526381 0.3522952 0.458283 0.3537968 0.458283 0.3522952 0.458283 0.3537968 0.4688945 0.3537968 0.4688945 0.3522952 0.458283 0.3522952 0.4688945 0.3537968 0.4688945 0.3522952 0.4688945 0.3537968 0.4781044 0.3537968 0.4781044 0.3522952 0.4688945 0.3522952 0.4781044 0.3537968 0.4781044 0.3522952 0.4781044 0.3537968 0.4830414 0.3537968 0.4830414 0.3522952 0.4781044 0.3522952 0.4830414 0.3537968 0.4830414 0.3522952 0.4830414 0.3537968 0.4873378 0.3537968 0.4873378 0.3522952 0.4830414 0.3522952 0.4873378 0.3537968 0.4873378 0.3522952 0.4873378 0.3537968 0.4917234 0.3537968 0.4917234 0.3522952 0.4873378 0.3522952 0.4917234 0.3537968 0.2279297 0.3329401 0.2279297 0.3344633 0.2323334 0.3344633 0.2323334 0.3329401 0.2279297 0.3329401 0.2323334 0.3344633 0.2323334 0.3329401 0.2323334 0.3344633 0.240311 0.3344633 0.240311 0.3329401 0.2323334 0.3329401 0.240311 0.3344633 0.240311 0.3329401 0.240311 0.3344633 0.2488662 0.3344633 0.2488662 0.3329401 0.240311 0.3329401 0.2488662 0.3344633 0.2488662 0.3329401 0.2488662 0.3344633 0.2589963 0.3344633 0.2589963 0.3329401 0.2488662 0.3329401 0.2589963 0.3344633 0.2589963 0.3329401 0.2589963 0.3344633 0.266248 0.3344633 0.266248 0.3329401 0.2589963 0.3329401 0.266248 0.3344633 0.266248 0.3329401 0.266248 0.3344633 0.2712324 0.3344633 0.2712324 0.3329401 0.266248 0.3329401 0.2712324 0.3344633 0.2712324 0.3329401 0.2712324 0.3344633 0.2812851 0.3344633 0.2812851 0.3329401 0.2712324 0.3329401 0.2812851 0.3344633 0.2812851 0.3329401 0.2812851 0.3344633 0.2905935 0.3344633 0.2905935 0.3329401 0.2812851 0.3329401 0.2905935 0.3344633 0.2905935 0.3329401 0.2905935 0.3344633 0.2956023 0.3344633 0.2956023 0.3329401 0.2905935 0.3329401 0.2956023 0.3344633 0.2956023 0.3329401 0.2956023 0.3344633 0.2999611 0.3344633 0.2999611 0.3329401 0.2956023 0.3329401 0.2999611 0.3344633 0.2999611 0.3329401 0.2999611 0.3344633 0.3042624 0.3344633 0.3042624 0.3329401 0.2999611 0.3329401 0.3042624 0.3344633 0.3042624 0.3329401 0.3042624 0.3344633 0.3087757 0.3344633 0.3087757 0.3329401 0.3042624 0.3329401 0.3087757 0.3344633 0.3087757 0.3329401 0.3087757 0.3344633 0.3152242 0.3344633 0.3152242 0.3329401 0.3087757 0.3329401 0.3152242 0.3344633 0.3152242 0.3329401 0.3152242 0.3344633 0.3237815 0.3344633 0.3237815 0.3329401 0.3152242 0.3329401 0.3237815 0.3344633 0.3237815 0.3329401 0.3237815 0.3344633 0.3339206 0.3344633 0.3339206 0.3329401 0.3237815 0.3329401 0.3339206 0.3344633 0.3339206 0.3329401 0.3339206 0.3344633 0.3436669 0.3344633 0.3436669 0.3329401 0.3339206 0.3329401 0.3436669 0.3344633 0.3436669 0.3329401 0.3436669 0.3344633 0.3546462 0.3344633 0.3546462 0.3329401 0.3436669 0.3329401 0.3546462 0.3344633 0.3546462 0.3329401 0.3546462 0.3344633 0.3640057 0.3344633 0.3640057 0.3329401 0.3546462 0.3329401 0.3640057 0.3344633 0.3640057 0.3329401 0.3640057 0.3344633 0.3690635 0.3344633 0.3690635 0.3329401 0.3640057 0.3329401 0.3690635 0.3344633 0.3690635 0.3329401 0.3690635 0.3344633 0.3734758 0.3344633 0.3734758 0.3329401 0.3690635 0.3329401 0.3734758 0.3344633 0.3734758 0.3329401 0.3734758 0.3344633 0.377833 0.3344633 0.377833 0.3329401 0.3734758 0.3329401 0.377833 0.3344633 0.377833 0.3329401 0.377833 0.3344633 0.3824011 0.3344633 0.3824011 0.3329401 0.377833 0.3329401 0.3824011 0.3344633 0.3824011 0.3329401 0.3824011 0.3344633 0.3888941 0.3344633 0.3888941 0.3329401 0.3824011 0.3329401 0.3888941 0.3344633 0.3888941 0.3329401 0.3888941 0.3344633 0.3974841 0.3344633 0.3974841 0.3329401 0.3888941 0.3329401 0.3974841 0.3344633 0.3974841 0.3329401 0.3974841 0.3344633 0.4069185 0.3344633 0.4069185 0.3329401 0.3974841 0.3329401 0.4069185 0.3344633 0.4069185 0.3329401 0.4069185 0.3344633 0.4135407 0.3344633 0.4135407 0.3329401 0.4069185 0.3329401 0.4135407 0.3344633 0.4135407 0.3329401 0.4135407 0.3344633 0.4193088 0.3344633 0.4193088 0.3329401 0.4135407 0.3329401 0.4193088 0.3344633 0.4193088 0.3329401 0.4193088 0.3344633 0.4300968 0.3344633 0.4300968 0.3329401 0.4193088 0.3329401 0.4300968 0.3344633 0.4300968 0.3329401 0.4300968 0.3344633 0.4394697 0.3344633 0.4394697 0.3329401 0.4300968 0.3329401 0.4394697 0.3344633 0.4394697 0.3329401 0.4394697 0.3344633 0.4445305 0.3344633 0.4445305 0.3329401 0.4394697 0.3329401 0.4445305 0.3344633 0.4445305 0.3329401 0.4445305 0.3344633 0.448939 0.3344633 0.448939 0.3329401 0.4445305 0.3329401 0.448939 0.3344633 0.448939 0.3329401 0.448939 0.3344633 0.4532877 0.3344633 0.4532877 0.3329401 0.448939 0.3329401 0.4532877 0.3344633 0.4532877 0.3329401 0.4532877 0.3344633 0.457842 0.3344633 0.457842 0.3329401 0.4532877 0.3329401 0.457842 0.3344633 0.457842 0.3329401 0.457842 0.3344633 0.464314 0.3344633 0.464314 0.3329401 0.457842 0.3329401 0.464314 0.3344633 0.464314 0.3329401 0.464314 0.3344633 0.4728574 0.3344633 0.4728574 0.3329401 0.464314 0.3329401 0.4728574 0.3344633 0.4728574 0.3329401 0.4728574 0.3344633 0.4829772 0.3344633 0.4829772 0.3329401 0.4728574 0.3329401 0.4829772 0.3344633 0.4829772 0.3329401 0.4829772 0.3344633 0.4902409 0.3344633 0.4902409 0.3329401 0.4829772 0.3329401 0.4902409 0.3344633 0.4902409 0.3329401 0.4902409 0.3344633 0.4952625 0.3344633 0.4952625 0.3329401 0.4902409 0.3329401 0.4952625 0.3344633 0.4952625 0.3329401 0.4952625 0.3344633 0.5020273 0.3344633 0.5020273 0.3329401 0.4952625 0.3329401 0.5020273 0.3344633 0.7837722 0.1754952 0.7849093 0.1734664 0.7766514 0.1696209 0.7837722 0.1754952 0.7940714 0.1753627 0.7849093 0.1734664 0.7849093 0.1734664 0.7781179 0.1675581 0.7766514 0.1696209 0.7766514 0.1696209 0.7781179 0.1675581 0.7730265 0.1649704 0.7781179 0.1675581 0.7767482 0.1630387 0.7730265 0.1649704 0.7781179 0.1675581 0.7826843 0.1582897 0.7767482 0.1630387 0.7730265 0.1649704 0.7767482 0.1630387 0.7720838 0.1605157 0.7767482 0.1630387 0.7742605 0.1566182 0.7720838 0.1605157 0.7767482 0.1630387 0.7826843 0.1582897 0.7742605 0.1566182 0.7826843 0.1582897 0.7773686 0.1528182 0.7742605 0.1566182 0.7814205 0.1481232 0.7773686 0.1528182 0.7826843 0.1582897 0.7862425 0.1500661 0.7814205 0.1481232 0.7826843 0.1582897 0.788933 0.1500593 0.7862425 0.1500661 0.7826843 0.1582897 0.7872343 0.1369565 0.7814205 0.1481232 0.7862425 0.1500661 0.7903135 0.1371108 0.7872343 0.1369565 0.7862425 0.1500661 0.7862425 0.1500661 0.788933 0.1500593 0.7903135 0.1371108 0.7872343 0.1369565 0.7903135 0.1371108 0.7892623 0.1297373 0.7781179 0.1675581 0.7851527 0.1617305 0.7826843 0.1582897 0.7851527 0.1617305 0.788933 0.1500593 0.7826843 0.1582897 0.7781179 0.1675581 0.7849093 0.1734664 0.7855861 0.1710714 0.7851527 0.1617305 0.7781179 0.1675581 0.7855861 0.1710714 0.7849093 0.1734664 0.793915 0.1721128 0.7855861 0.1710714 0.7940714 0.1753627 0.793915 0.1721128 0.7849093 0.1734664 0.7851527 0.1617305 0.7855861 0.1710714 0.7937789 0.1693554 0.793915 0.1721128 0.7937789 0.1693554 0.7855861 0.1710714 0.793915 0.1721128 0.7940714 0.1753627 0.8033366 0.1680049 0.8033366 0.1680049 0.7937789 0.1693554 0.793915 0.1721128 0.7940714 0.1753627 0.8027105 0.1712612 0.8033366 0.1680049 0.8033366 0.1680049 0.8027105 0.1712612 0.8056722 0.1704014 0.7933326 0.1614465 0.7851527 0.1617305 0.7937789 0.1693554 0.7851527 0.1617305 0.7933326 0.1614465 0.788933 0.1500593 0.8033366 0.1680049 0.8078156 0.1627011 0.7937789 0.1693554 0.8078156 0.1627011 0.7933326 0.1614465 0.7937789 0.1693554 0.8073537 0.1682823 0.8033366 0.1680049 0.8056722 0.1704014 0.8073537 0.1682823 0.8078156 0.1627011 0.8033366 0.1680049 0.8073537 0.1682823 0.8056722 0.1704014 0.8081577 0.1766512 0.8052282 0.1776011 0.8081577 0.1766512 0.8056722 0.1704014 0.8081577 0.1766512 0.8052282 0.1776011 0.8101776 0.1899259 0.8101776 0.1899259 0.8125796 0.1886874 0.8081577 0.1766512 0.8125796 0.1886874 0.8101776 0.1899259 0.8107045 0.1988453 0.8052282 0.1776011 0.8049898 0.1903274 0.8101776 0.1899259 0.8101776 0.1899259 0.8049898 0.1903274 0.8107045 0.1988453 0.8049898 0.1903274 0.8034897 0.1963496 0.8107045 0.1988453 0.8107045 0.1988453 0.8034897 0.1963496 0.8024254 0.2011375 0.8110871 0.1757331 0.8073537 0.1682823 0.8081577 0.1766512 0.8125796 0.1886874 0.8110871 0.1757331 0.8081577 0.1766512 0.8078156 0.1627011 0.8073537 0.1682823 0.8136311 0.1672381 0.8073537 0.1682823 0.8110871 0.1757331 0.8136311 0.1672381 0.8078156 0.1627011 0.8050833 0.1518927 0.7933326 0.1614465 0.8050833 0.1518927 0.8078156 0.1627011 0.8136311 0.1672381 0.8198829 0.1596784 0.8050833 0.1518927 0.8136311 0.1672381 0.8136311 0.1672381 0.8110871 0.1757331 0.8212528 0.1796849 0.8110871 0.1757331 0.8125796 0.1886874 0.8212528 0.1796849 0.8198829 0.1596784 0.8136311 0.1672381 0.8212528 0.1796849 0.8050833 0.1518927 0.7954366 0.1546597 0.7933326 0.1614465 0.7933326 0.1614465 0.7954366 0.1546597 0.788933 0.1500593 0.8050833 0.1518927 0.8009544 0.1463909 0.7954366 0.1546597 0.788933 0.1500593 0.7954366 0.1546597 0.8009544 0.1463909 0.8009544 0.1463909 0.8050833 0.1518927 0.8198829 0.1596784 0.8087578 0.1339924 0.8009544 0.1463909 0.8198829 0.1596784 0.7935324 0.1378642 0.788933 0.1500593 0.8009544 0.1463909 0.7935324 0.1378642 0.8009544 0.1463909 0.8087578 0.1339924 0.788933 0.1500593 0.7935324 0.1378642 0.7903135 0.1371108 0.7935324 0.1378642 0.7932961 0.1302122 0.7903135 0.1371108 0.7932961 0.1302122 0.7935324 0.1378642 0.8087578 0.1339924 0.7932961 0.1302122 0.7892623 0.1297373 0.7903135 0.1371108 0.7932961 0.1302122 0.795547 0.1261079 0.7892623 0.1297373 0.7932961 0.1302122 0.8087578 0.1339924 0.8022113 0.1225687 0.795547 0.1261079 0.7932961 0.1302122 0.8022113 0.1225687 0.795547 0.1261079 0.7904859 0.1262154 0.7892623 0.1297373 0.7787147 0.1273293 0.7892623 0.1297373 0.7904859 0.1262154 0.795547 0.1261079 0.7951107 0.118438 0.7904859 0.1262154 0.795547 0.1261079 0.8022113 0.1225687 0.7951107 0.118438 0.7803326 0.124512 0.7787147 0.1273293 0.7904859 0.1262154 0.7904859 0.1262154 0.7951107 0.118438 0.7803326 0.124512 0.7787147 0.1273293 0.7803326 0.124512 0.7720833 0.1206142 0.7700253 0.1216998 0.7787147 0.1273293 0.7720833 0.1206142 0.7700253 0.1216998 0.7720833 0.1206142 0.7672393 0.112896 0.7720833 0.1206142 0.7695894 0.1119533 0.7672393 0.112896 0.7672393 0.112896 0.7695894 0.1119533 0.7667005 0.1070268 0.7720833 0.1206142 0.7803326 0.124512 0.7739449 0.1189622 0.7695894 0.1119533 0.7720833 0.1206142 0.7739449 0.1189622 0.7803326 0.124512 0.7816918 0.122051 0.7739449 0.1189622 0.7951107 0.118438 0.7816918 0.122051 0.7803326 0.124512 0.7786567 0.1108583 0.7739449 0.1189622 0.7816918 0.122051 0.7786567 0.1108583 0.7695894 0.1119533 0.7739449 0.1189622 0.7695894 0.1119533 0.7786567 0.1108583 0.7784343 0.1066012 0.7786567 0.1108583 0.7881174 0.1030534 0.7784343 0.1066012 0.7695894 0.1119533 0.7708778 0.1074073 0.7667005 0.1070268 0.7695894 0.1119533 0.7784343 0.1066012 0.7708778 0.1074073 0.7667005 0.1070268 0.7708778 0.1074073 0.7683048 0.1027677 0.7708778 0.1074073 0.7722349 0.1006563 0.7683048 0.1027677 0.7708778 0.1074073 0.7784343 0.1066012 0.7722349 0.1006563 0.7784343 0.1066012 0.7769063 0.09911334 0.7722349 0.1006563 0.7828922 0.09730833 0.7769063 0.09911334 0.7784343 0.1066012 0.785677 0.1150096 0.7786567 0.1108583 0.7816918 0.122051 0.7951107 0.118438 0.785677 0.1150096 0.7816918 0.122051 0.7786567 0.1108583 0.785677 0.1150096 0.7881174 0.1030534 0.7858472 0.1015934 0.7828922 0.09730833 0.7784343 0.1066012 0.7881174 0.1030534 0.7858472 0.1015934 0.7784343 0.1066012 0.7941198 0.0910179 0.7828922 0.09730833 0.7858472 0.1015934 0.7963023 0.09318411 0.7941198 0.0910179 0.7858472 0.1015934 0.7858472 0.1015934 0.7881174 0.1030534 0.7963023 0.09318411 0.7941198 0.0910179 0.7963023 0.09318411 0.8002732 0.08960759 0.7951107 0.118438 0.8008127 0.1117236 0.785677 0.1150096 0.8022113 0.1225687 0.8008127 0.1117236 0.7951107 0.118438 0.8020678 0.08820867 0.8002732 0.08960759 0.7963023 0.09318411 0.8002732 0.08960759 0.8020678 0.08820867 0.7986734 0.0864188 0.785677 0.1150096 0.7911975 0.1103399 0.7881174 0.1030534 0.8008127 0.1117236 0.7911975 0.1103399 0.785677 0.1150096 0.8022113 0.1225687 0.8095968 0.1164183 0.8008127 0.1117236 0.8087578 0.1339924 0.8095968 0.1164183 0.8022113 0.1225687 0.8008127 0.1117236 0.800345 0.1060218 0.7911975 0.1103399 0.7881174 0.1030534 0.7911975 0.1103399 0.800345 0.1060218 0.800345 0.1060218 0.8008127 0.1117236 0.8095968 0.1164183 0.7881174 0.1030534 0.7985458 0.09529876 0.7963023 0.09318411 0.7985458 0.09529876 0.8020678 0.08820867 0.7963023 0.09318411 0.7985458 0.09529876 0.7881174 0.1030534 0.800345 0.1060218 0.7985458 0.09529876 0.800345 0.1060218 0.807941 0.09406799 0.8020678 0.08820867 0.7985458 0.09529876 0.807941 0.09406799 0.8020678 0.08820867 0.8041823 0.0821225 0.7986734 0.0864188 0.7904232 0.07967537 0.7986734 0.0864188 0.8041823 0.0821225 0.8139796 0.09953778 0.800345 0.1060218 0.8095968 0.1164183 0.800345 0.1060218 0.8139796 0.09953778 0.807941 0.09406799 0.8128343 0.07997465 0.8020678 0.08820867 0.807941 0.09406799 0.8020678 0.08820867 0.8128343 0.07997465 0.8041823 0.0821225 0.8139796 0.09953778 0.8180466 0.0796616 0.807941 0.09406799 0.8180466 0.0796616 0.8128343 0.07997465 0.807941 0.09406799 0.8095968 0.1164183 0.8087578 0.1339924 0.8187418 0.1168116 0.8139796 0.09953778 0.8095968 0.1164183 0.8227508 0.1024531 0.8095968 0.1164183 0.8187418 0.1168116 0.8227508 0.1024531 0.8087578 0.1339924 0.8185785 0.1321246 0.8187418 0.1168116 0.8087578 0.1339924 0.8198829 0.1596784 0.8185785 0.1321246 0.7931855 0.07801592 0.7904232 0.07967537 0.8041823 0.0821225 0.8041823 0.0821225 0.8128343 0.07997465 0.7955864 0.07659828 0.8041823 0.0821225 0.7955864 0.07659828 0.7931855 0.07801592 0.7904232 0.07967537 0.7931855 0.07801592 0.7878077 0.0706849 0.78548 0.0706312 0.7904232 0.07967537 0.7878077 0.0706849 0.78548 0.0706312 0.7878077 0.0706849 0.7873292 0.06159329 0.7878077 0.0706849 0.7931855 0.07801592 0.790251 0.07016503 0.7931855 0.07801592 0.7955864 0.07659828 0.790251 0.07016503 0.7878077 0.0706849 0.7898407 0.06191956 0.7873292 0.06159329 0.7898407 0.06191956 0.7878077 0.0706849 0.790251 0.07016503 0.7873292 0.06159329 0.7898407 0.06191956 0.7897148 0.0562067 0.7982907 0.06542181 0.790251 0.07016503 0.7955864 0.07659828 0.7982907 0.06542181 0.7898407 0.06191956 0.790251 0.07016503 0.7898407 0.06191956 0.7982907 0.06542181 0.8001599 0.0615735 0.7982907 0.06542181 0.8103354 0.06309962 0.8001599 0.0615735 0.7898407 0.06191956 0.7931745 0.05857604 0.7897148 0.0562067 0.7898407 0.06191956 0.8001599 0.0615735 0.7931745 0.05857604 0.7897148 0.0562067 0.7931745 0.05857604 0.7931943 0.05327183 0.7931745 0.05857604 0.7976549 0.05334872 0.7931943 0.05327183 0.7931745 0.05857604 0.8001599 0.0615735 0.7976549 0.05334872 0.8001599 0.0615735 0.8024638 0.05428093 0.7976549 0.05334872 0.8085456 0.05559259 0.8024638 0.05428093 0.8001599 0.0615735 0.8024702 0.07244837 0.7982907 0.06542181 0.7955864 0.07659828 0.7982907 0.06542181 0.8024702 0.07244837 0.8103354 0.06309962 0.8128343 0.07997465 0.8024702 0.07244837 0.7955864 0.07659828 0.809073 0.06075614 0.8085456 0.05559259 0.8001599 0.0615735 0.8103354 0.06309962 0.809073 0.06075614 0.8001599 0.0615735 0.8213065 0.05553227 0.8085456 0.05559259 0.809073 0.06075614 0.8094876 0.07104337 0.8024702 0.07244837 0.8128343 0.07997465 0.8024702 0.07244837 0.8094876 0.07104337 0.8103354 0.06309962 0.8094876 0.07104337 0.8128343 0.07997465 0.8180466 0.0796616 0.8223376 0.05843853 0.8213065 0.05553227 0.809073 0.06075614 0.809073 0.06075614 0.8103354 0.06309962 0.8223376 0.05843853 0.8213065 0.05553227 0.8223376 0.05843853 0.8285606 0.05572068 0.8194256 0.07159471 0.8094876 0.07104337 0.8180466 0.0796616 0.8103354 0.06309962 0.8094876 0.07104337 0.8194256 0.07159471 0.8103354 0.06309962 0.8233228 0.06137192 0.8223376 0.05843853 0.8233228 0.06137192 0.8103354 0.06309962 0.8194256 0.07159471 0.8307347 0.05739039 0.8285606 0.05572068 0.8223376 0.05843853 0.8233228 0.06137192 0.8307347 0.05739039 0.8223376 0.05843853 0.8294077 0.07716357 0.8194256 0.07159471 0.8180466 0.0796616 0.8194256 0.07159471 0.8294077 0.07716357 0.8449943 0.06697666 0.8139796 0.09953778 0.8294077 0.07716357 0.8180466 0.0796616 0.8319645 0.06375986 0.8233228 0.06137192 0.8194256 0.07159471 0.8307347 0.05739039 0.8233228 0.06137192 0.8319645 0.06375986 0.8319645 0.06375986 0.8194256 0.07159471 0.8449943 0.06697666 0.8307347 0.05739039 0.8310771 0.05330955 0.8285606 0.05572068 0.8310771 0.05330955 0.8278132 0.05266481 0.8285606 0.05572068 0.8238938 0.04393088 0.8278132 0.05266481 0.8310771 0.05330955 0.8294077 0.07716357 0.8139796 0.09953778 0.8360295 0.08344686 0.8139796 0.09953778 0.8227508 0.1024531 0.8360295 0.08344686 0.8363881 0.0577622 0.8307347 0.05739039 0.8319645 0.06375986 0.8307347 0.05739039 0.8363881 0.0577622 0.8310771 0.05330955 0.8449943 0.06697666 0.8473144 0.05492484 0.8319645 0.06375986 0.8473144 0.05492484 0.8363881 0.0577622 0.8319645 0.06375986 0.8294077 0.07716357 0.8360295 0.08344686 0.8493059 0.07440572 0.8449943 0.06697666 0.8294077 0.07716357 0.8493059 0.07440572 0.8271527 0.04380971 0.8238938 0.04393088 0.8310771 0.05330955 0.8310771 0.05330955 0.8363881 0.0577622 0.8299224 0.04368394 0.8310771 0.05330955 0.8299224 0.04368394 0.8271527 0.04380971 0.8238938 0.04393088 0.8271527 0.04380971 0.8258572 0.03479403 0.8238304 0.03364616 0.8238938 0.04393088 0.8258572 0.03479403 0.8238304 0.03364616 0.8258572 0.03479403 0.8297176 0.02654683 0.8258572 0.03479403 0.8271527 0.04380971 0.8282509 0.03548002 0.8271527 0.04380971 0.8299224 0.04368394 0.8282509 0.03548002 0.8258572 0.03479403 0.8317783 0.02801752 0.8297176 0.02654683 0.8317783 0.02801752 0.8258572 0.03479403 0.8282509 0.03548002 0.8297176 0.02654683 0.8317783 0.02801752 0.8343661 0.02292788 0.8363881 0.0577622 0.8378704 0.04323923 0.8299224 0.04368394 0.8363881 0.0577622 0.8473144 0.05492484 0.8378704 0.04323923 0.8375981 0.03506046 0.8282509 0.03548002 0.8299224 0.04368394 0.8375981 0.03506046 0.8317783 0.02801752 0.8282509 0.03548002 0.8378704 0.04323923 0.8375981 0.03506046 0.8299224 0.04368394 0.8317783 0.02801752 0.8375981 0.03506046 0.8410487 0.03258728 0.8375981 0.03506046 0.8378704 0.04323923 0.8492863 0.038809 0.8375981 0.03506046 0.8492863 0.038809 0.8410487 0.03258728 0.8317783 0.02801752 0.836297 0.02665042 0.8343661 0.02292788 0.8317783 0.02801752 0.8410487 0.03258728 0.836297 0.02665042 0.8343661 0.02292788 0.836297 0.02665042 0.8388186 0.02198529 0.836297 0.02665042 0.8427153 0.02416044 0.8388186 0.02198529 0.836297 0.02665042 0.8410487 0.03258728 0.8427153 0.02416044 0.8410487 0.03258728 0.8465171 0.02726185 0.8427153 0.02416044 0.8512275 0.03130054 0.8465171 0.02726185 0.8410487 0.03258728 0.8492913 0.03612571 0.8512275 0.03130054 0.8410487 0.03258728 0.8492863 0.038809 0.8492913 0.03612571 0.8410487 0.03258728 0.8624504 0.03707033 0.8512275 0.03130054 0.8492913 0.03612571 0.8622823 0.04015266 0.8624504 0.03707033 0.8492913 0.03612571 0.8492913 0.03612571 0.8492863 0.038809 0.8622823 0.04015266 0.8624504 0.03707033 0.8622823 0.04015266 0.8696313 0.03924232 0.8378704 0.04323923 0.8446694 0.04531872 0.8492863 0.038809 0.8473144 0.05492484 0.8446694 0.04531872 0.8378704 0.04323923 0.8473144 0.05492484 0.852941 0.05078911 0.8446694 0.04531872 0.8492863 0.038809 0.8446694 0.04531872 0.852941 0.05078911 0.852941 0.05078911 0.8473144 0.05492484 0.8449943 0.06697666 0.8647561 0.05959343 0.852941 0.05078911 0.8449943 0.06697666 0.8615117 0.04336345 0.8492863 0.038809 0.852941 0.05078911 0.8492863 0.038809 0.8615117 0.04336345 0.8622823 0.04015266 0.8615117 0.04336345 0.852941 0.05078911 0.8647561 0.05959343 0.8615117 0.04336345 0.8692165 0.04314517 0.8622823 0.04015266 0.8692165 0.04314517 0.8696313 0.03924232 0.8622823 0.04015266 0.8692165 0.04314517 0.8615117 0.04336345 0.8647561 0.05959343 0.8647561 0.05959343 0.8449943 0.06697666 0.8661246 0.06844395 0.8449943 0.06697666 0.8493059 0.07440572 0.8661246 0.06844395 0.8692165 0.04314517 0.8733142 0.04546713 0.8696313 0.03924232 0.8647561 0.05959343 0.8767383 0.05220687 0.8692165 0.04314517 0.8767383 0.05220687 0.8733142 0.04546713 0.8692165 0.04314517 0.8733142 0.04546713 0.8732174 0.04040139 0.8696313 0.03924232 0.8722451 0.02862089 0.8696313 0.03924232 0.8732174 0.04040139 0.8733142 0.04546713 0.8809617 0.04512387 0.8732174 0.04040139 0.8733142 0.04546713 0.8767383 0.05220687 0.8809617 0.04512387 0.8750429 0.03027534 0.8722451 0.02862089 0.8732174 0.04040139 0.8732174 0.04040139 0.8809617 0.04512387 0.8750429 0.03027534 0.8722451 0.02862089 0.8750429 0.03027534 0.8790245 0.02206218 0.8779659 0.01999175 0.8722451 0.02862089 0.8790245 0.02206218 0.8779659 0.01999175 0.8790245 0.02206218 0.8868032 0.01729041 0.8790245 0.02206218 0.8877175 0.01964861 0.8868032 0.01729041 0.8868032 0.01729041 0.8877175 0.01964861 0.8926888 0.01681894 0.8790245 0.02206218 0.8750429 0.03027534 0.8806443 0.02394455 0.8877175 0.01964861 0.8790245 0.02206218 0.8806443 0.02394455 0.8750429 0.03027534 0.8774886 0.03166699 0.8806443 0.02394455 0.8809617 0.04512387 0.8774886 0.03166699 0.8750429 0.03027534 0.8887019 0.02872627 0.8806443 0.02394455 0.8774886 0.03166699 0.8887019 0.02872627 0.8877175 0.01964861 0.8806443 0.02394455 0.8877175 0.01964861 0.8887019 0.02872627 0.8929589 0.0285539 0.8887019 0.02872627 0.896395 0.03827553 0.8929589 0.0285539 0.8877175 0.01964861 0.892257 0.02098876 0.8926888 0.01681894 0.8877175 0.01964861 0.8929589 0.0285539 0.892257 0.02098876 0.8926888 0.01681894 0.892257 0.02098876 0.8969307 0.01848053 0.892257 0.02098876 0.8989914 0.02244102 0.8969307 0.01848053 0.892257 0.02098876 0.8929589 0.0285539 0.8989914 0.02244102 0.8929589 0.0285539 0.9004665 0.02712625 0.8989914 0.02244102 0.9021957 0.03311765 0.9004665 0.02712625 0.8929589 0.0285539 0.8844817 0.03571671 0.8887019 0.02872627 0.8774886 0.03166699 0.8809617 0.04512387 0.8844817 0.03571671 0.8774886 0.03166699 0.8887019 0.02872627 0.8844817 0.03571671 0.896395 0.03827553 0.8978787 0.03602337 0.9021957 0.03311765 0.8929589 0.0285539 0.896395 0.03827553 0.8978787 0.03602337 0.8929589 0.0285539 0.9083648 0.04439872 0.9021957 0.03311765 0.8978787 0.03602337 0.9061761 0.04655849 0.9083648 0.04439872 0.8978787 0.03602337 0.8978787 0.03602337 0.896395 0.03827553 0.9061761 0.04655849 0.9083648 0.04439872 0.9061761 0.04655849 0.9097092 0.05055367 0.8809617 0.04512387 0.8875604 0.05091524 0.8844817 0.03571671 0.8767383 0.05220687 0.8875604 0.05091524 0.8809617 0.04512387 0.9110789 0.0523594 0.9097092 0.05055367 0.9061761 0.04655849 0.9097092 0.05055367 0.9110789 0.0523594 0.912916 0.04892194 0.8844817 0.03571671 0.8890715 0.04128319 0.896395 0.03827553 0.8875604 0.05091524 0.8890715 0.04128319 0.8844817 0.03571671 0.8767383 0.05220687 0.8829751 0.05975234 0.8875604 0.05091524 0.8647561 0.05959343 0.8829751 0.05975234 0.8767383 0.05220687 0.8875604 0.05091524 0.8932667 0.05045604 0.8890715 0.04128319 0.896395 0.03827553 0.8890715 0.04128319 0.8932667 0.05045604 0.8932667 0.05045604 0.8875604 0.05091524 0.8829751 0.05975234 0.896395 0.03827553 0.9040423 0.04878216 0.9061761 0.04655849 0.9040423 0.04878216 0.9110789 0.0523594 0.9061761 0.04655849 0.9040423 0.04878216 0.896395 0.03827553 0.8932667 0.05045604 0.9040423 0.04878216 0.8932667 0.05045604 0.9051437 0.0581867 0.9110789 0.0523594 0.9040423 0.04878216 0.9051437 0.0581867 0.9110789 0.0523594 0.9171894 0.05443817 0.912916 0.04892194 0.9197571 0.04069423 0.912916 0.04892194 0.9171894 0.05443817 0.8829751 0.05975234 0.8647561 0.05959343 0.8818271 0.06847125 0.8647561 0.05959343 0.8661246 0.06844395 0.8818271 0.06847125 0.8997836 0.06420528 0.8932667 0.05045604 0.8829751 0.05975234 0.8932667 0.05045604 0.8997836 0.06420528 0.9051437 0.0581867 0.9192681 0.06307429 0.9110789 0.0523594 0.9051437 0.0581867 0.9110789 0.0523594 0.9192681 0.06307429 0.9171894 0.05443817 0.8829751 0.05975234 0.8818271 0.06847125 0.8961911 0.07223105 0.8997836 0.06420528 0.8829751 0.05975234 0.8961911 0.07223105 0.9195159 0.06825894 0.9192681 0.06307429 0.9051437 0.0581867 0.8997836 0.06420528 0.9195159 0.06825894 0.9051437 0.0581867 0.9213939 0.04346436 0.9197571 0.04069423 0.9171894 0.05443817 0.9171894 0.05443817 0.9192681 0.06307429 0.9227922 0.045861 0.9171894 0.05443817 0.9227922 0.045861 0.9213939 0.04346436 0.9197571 0.04069423 0.9213939 0.04346436 0.9288011 0.03816688 0.9288731 0.03584152 0.9197571 0.04069423 0.9288011 0.03816688 0.9288731 0.03584152 0.9288011 0.03816688 0.9379046 0.0377584 0.9288011 0.03816688 0.9213939 0.04346436 0.929306 0.04060393 0.9213939 0.04346436 0.9227922 0.045861 0.929306 0.04060393 0.9288011 0.03816688 0.9375582 0.04026514 0.9379046 0.0377584 0.9375582 0.04026514 0.9288011 0.03816688 0.929306 0.04060393 0.9379046 0.0377584 0.9375582 0.04026514 0.943274 0.04019868 0.9340053 0.04868674 0.929306 0.04060393 0.9227922 0.045861 0.9340053 0.04868674 0.9375582 0.04026514 0.929306 0.04060393 0.9375582 0.04026514 0.9340053 0.04868674 0.9378078 0.05058681 0.9340053 0.04868674 0.9361072 0.06075274 0.9378078 0.05058681 0.9375582 0.04026514 0.9408708 0.04363393 0.943274 0.04019868 0.9375582 0.04026514 0.9378078 0.05058681 0.9408708 0.04363393 0.943274 0.04019868 0.9408708 0.04363393 0.9461749 0.04370975 0.9408708 0.04363393 0.9460518 0.04817068 0.9461749 0.04370975 0.9408708 0.04363393 0.9378078 0.05058681 0.9460518 0.04817068 0.9378078 0.05058681 0.9450626 0.05297327 0.9460518 0.04817068 0.9436622 0.05902272 0.9450626 0.05297327 0.9378078 0.05058681 0.9268878 0.05274164 0.9340053 0.04868674 0.9227922 0.045861 0.9340053 0.04868674 0.9268878 0.05274164 0.9361072 0.06075274 0.9192681 0.06307429 0.9268878 0.05274164 0.9227922 0.045861 0.9384844 0.05950111 0.9436622 0.05902272 0.9378078 0.05058681 0.9361072 0.06075274 0.9384844 0.05950111 0.9378078 0.05058681 0.9436176 0.07175385 0.9436622 0.05902272 0.9384844 0.05950111 0.9281879 0.05976885 0.9268878 0.05274164 0.9192681 0.06307429 0.9268878 0.05274164 0.9281879 0.05976885 0.9361072 0.06075274 0.9281879 0.05976885 0.9192681 0.06307429 0.9195159 0.06825894 0.9407058 0.07276189 0.9436176 0.07175385 0.9384844 0.05950111 0.9384844 0.05950111 0.9361072 0.06075274 0.9407058 0.07276189 0.9436176 0.07175385 0.9407058 0.07276189 0.943382 0.07897382 0.9275522 0.0696876 0.9281879 0.05976885 0.9195159 0.06825894 0.9361072 0.06075274 0.9281879 0.05976885 0.9275522 0.0696876 0.9361072 0.06075274 0.9377692 0.07372218 0.9407058 0.07276189 0.9377692 0.07372218 0.9361072 0.06075274 0.9275522 0.0696876 0.9417188 0.08113998 0.943382 0.07897382 0.9407058 0.07276189 0.9377692 0.07372218 0.9417188 0.08113998 0.9407058 0.07276189 0.918592 0.07582664 0.9275522 0.0696876 0.9195159 0.06825894 0.9275522 0.0696876 0.918592 0.07582664 0.9324494 0.09533935 0.8997836 0.06420528 0.918592 0.07582664 0.9195159 0.06825894 0.9353399 0.08229857 0.9377692 0.07372218 0.9275522 0.0696876 0.9417188 0.08113998 0.9377692 0.07372218 0.9353399 0.08229857 0.9353399 0.08229857 0.9275522 0.0696876 0.9324494 0.09533935 0.9417188 0.08113998 0.945802 0.08141142 0.943382 0.07897382 0.945802 0.08141142 0.9464233 0.07814699 0.943382 0.07897382 0.955159 0.07416075 0.9464233 0.07814699 0.945802 0.08141142 0.918592 0.07582664 0.8997836 0.06420528 0.9122119 0.08246487 0.8997836 0.06420528 0.8961911 0.07223105 0.9122119 0.08246487 0.9413774 0.08677798 0.9417188 0.08113998 0.9353399 0.08229857 0.9417188 0.08113998 0.9413774 0.08677798 0.945802 0.08141142 0.9324494 0.09533935 0.944335 0.09769189 0.9353399 0.08229857 0.944335 0.09769189 0.9413774 0.08677798 0.9353399 0.08229857 0.918592 0.07582664 0.9122119 0.08246487 0.9243581 0.09891366 0.9324494 0.09533935 0.918592 0.07582664 0.9243581 0.09891366 0.9552899 0.07740885 0.955159 0.07416075 0.945802 0.08141142 0.945802 0.08141142 0.9413774 0.08677798 0.95542 0.08018189 0.945802 0.08141142 0.95542 0.08018189 0.9552899 0.07740885 0.955159 0.07416075 0.9552899 0.07740885 0.9643204 0.07615625 0.9654625 0.07412219 0.955159 0.07416075 0.9643204 0.07615625 0.9654625 0.07412219 0.9643204 0.07615625 0.97259 0.07997363 0.9643204 0.07615625 0.9552899 0.07740885 0.9636352 0.07854133 0.9552899 0.07740885 0.95542 0.08018189 0.9636352 0.07854133 0.9643204 0.07615625 0.971127 0.08203804 0.97259 0.07997363 0.971127 0.08203804 0.9643204 0.07615625 0.9636352 0.07854133 0.97259 0.07997363 0.971127 0.08203804 0.9762271 0.08461111 0.9413774 0.08677798 0.9559012 0.08812916 0.95542 0.08018189 0.9413774 0.08677798 0.944335 0.09769189 0.9559012 0.08812916 0.9640918 0.08786737 0.9636352 0.07854133 0.95542 0.08018189 0.9640918 0.08786737 0.971127 0.08203804 0.9636352 0.07854133 0.9559012 0.08812916 0.9640918 0.08786737 0.95542 0.08018189 0.971127 0.08203804 0.9640918 0.08786737 0.9665823 0.09131199 0.9640918 0.08786737 0.9559012 0.08812916 0.960392 0.09956455 0.9640918 0.08786737 0.960392 0.09956455 0.9665823 0.09131199 0.971127 0.08203804 0.9725096 0.08655136 0.9762271 0.08461111 0.971127 0.08203804 0.9665823 0.09131199 0.9725096 0.08655136 0.9762271 0.08461111 0.9725096 0.08655136 0.9771814 0.08906233 0.9725096 0.08655136 0.9750154 0.09296327 0.9771814 0.08906233 0.9725096 0.08655136 0.9665823 0.09131199 0.9750154 0.09296327 0.9665823 0.09131199 0.9719257 0.09676516 0.9750154 0.09296327 0.9679074 0.1014748 0.9719257 0.09676516 0.9665823 0.09131199 0.9630737 0.0995596 0.9679074 0.1014748 0.9665823 0.09131199 0.960392 0.09956455 0.9630737 0.0995596 0.9665823 0.09131199 0.9622009 0.1127067 0.9679074 0.1014748 0.9630737 0.0995596 0.959121 0.1125634 0.9622009 0.1127067 0.9630737 0.0995596 0.9630737 0.0995596 0.960392 0.09956455 0.959121 0.1125634 0.9622009 0.1127067 0.959121 0.1125634 0.9601252 0.1198889 0.9559012 0.08812916 0.9538818 0.09497201 0.960392 0.09956455 0.944335 0.09769189 0.9538818 0.09497201 0.9559012 0.08812916 0.944335 0.09769189 0.9484246 0.103329 0.9538818 0.09497201 0.960392 0.09956455 0.9538818 0.09497201 0.9484246 0.103329 0.9484246 0.103329 0.944335 0.09769189 0.9324494 0.09533935 0.9408069 0.1159641 0.9484246 0.103329 0.9324494 0.09533935 0.9559004 0.1118189 0.960392 0.09956455 0.9484246 0.103329 0.960392 0.09956455 0.9559004 0.1118189 0.959121 0.1125634 0.9559004 0.1118189 0.9484246 0.103329 0.9408069 0.1159641 0.9559004 0.1118189 0.9562135 0.1195179 0.959121 0.1125634 0.9562135 0.1195179 0.9601252 0.1198889 0.959121 0.1125634 0.9562135 0.1195179 0.9559004 0.1118189 0.9408069 0.1159641 0.9408069 0.1159641 0.9324494 0.09533935 0.9308674 0.1166408 0.9324494 0.09533935 0.9243581 0.09891366 0.9308674 0.1166408 0.9562135 0.1195179 0.9540031 0.1236869 0.9601252 0.1198889 0.9562135 0.1195179 0.9408069 0.1159641 0.9473753 0.1272313 0.9540031 0.1236869 0.9562135 0.1195179 0.9473753 0.1272313 0.9540031 0.1236869 0.9590533 0.1235037 0.9601252 0.1198889 0.9707885 0.1222739 0.9601252 0.1198889 0.9590533 0.1235037 0.9540031 0.1236869 0.954519 0.1313827 0.9590533 0.1235037 0.9540031 0.1236869 0.9473753 0.1272313 0.954519 0.1313827 0.9692047 0.1251207 0.9707885 0.1222739 0.9590533 0.1235037 0.9590533 0.1235037 0.954519 0.1313827 0.9692047 0.1251207 0.9707885 0.1222739 0.9692047 0.1251207 0.9775021 0.128875 0.9795456 0.1277507 0.9707885 0.1222739 0.9775021 0.128875 0.9795456 0.1277507 0.9775021 0.128875 0.9824538 0.1364784 0.9775021 0.128875 0.9801161 0.1374752 0.9824538 0.1364784 0.9824538 0.1364784 0.9801161 0.1374752 0.9831269 0.1422832 0.9775021 0.128875 0.9692047 0.1251207 0.9756641 0.1305702 0.9801161 0.1374752 0.9775021 0.128875 0.9756641 0.1305702 0.9692047 0.1251207 0.9678784 0.1276223 0.9756641 0.1305702 0.954519 0.1313827 0.9678784 0.1276223 0.9692047 0.1251207 0.9710803 0.1387574 0.9756641 0.1305702 0.9678784 0.1276223 0.9710803 0.1387574 0.9801161 0.1374752 0.9756641 0.1305702 0.9801161 0.1374752 0.9710803 0.1387574 0.9713972 0.1430832 0.9710803 0.1387574 0.961848 0.1468734 0.9713972 0.1430832 0.9801161 0.1374752 0.9789243 0.1420112 0.9831269 0.1422832 0.9801161 0.1374752 0.9713972 0.1430832 0.9789243 0.1420112 0.9831269 0.1422832 0.9789243 0.1420112 0.9816754 0.1465667 0.9789243 0.1420112 0.9778407 0.1487924 0.9816754 0.1465667 0.9789243 0.1420112 0.9713972 0.1430832 0.9778407 0.1487924 0.9713972 0.1430832 0.9732108 0.1505316 0.9778407 0.1487924 0.9671939 0.1525162 0.9732108 0.1505316 0.9713972 0.1430832 0.9639795 0.1347514 0.9710803 0.1387574 0.9678784 0.1276223 0.954519 0.1313827 0.9639795 0.1347514 0.9678784 0.1276223 0.9710803 0.1387574 0.9639795 0.1347514 0.961848 0.1468734 0.9641314 0.1483013 0.9671939 0.1525162 0.9713972 0.1430832 0.961848 0.1468734 0.9641314 0.1483013 0.9713972 0.1430832 0.9560709 0.1590574 0.9671939 0.1525162 0.9641314 0.1483013 0.9538145 0.1569592 0.9560709 0.1590574 0.9641314 0.1483013 0.9641314 0.1483013 0.961848 0.1468734 0.9538145 0.1569592 0.9560709 0.1590574 0.9538145 0.1569592 0.9499614 0.1607697 0.954519 0.1313827 0.9489417 0.1381522 0.9639795 0.1347514 0.9473753 0.1272313 0.9489417 0.1381522 0.954519 0.1313827 0.948103 0.162162 0.9499614 0.1607697 0.9538145 0.1569592 0.9499614 0.1607697 0.948103 0.162162 0.9515681 0.1641948 0.9639795 0.1347514 0.9586046 0.1396009 0.961848 0.1468734 0.9489417 0.1381522 0.9586046 0.1396009 0.9639795 0.1347514 0.9473753 0.1272313 0.9401753 0.133605 0.9489417 0.1381522 0.9401753 0.133605 0.9473753 0.1272313 0.9408069 0.1159641 0.9489417 0.1381522 0.9495864 0.1440147 0.9586046 0.1396009 0.961848 0.1468734 0.9586046 0.1396009 0.9495864 0.1440147 0.9495864 0.1440147 0.9489417 0.1381522 0.9401753 0.133605 0.961848 0.1468734 0.9515064 0.1548693 0.9538145 0.1569592 0.9515064 0.1548693 0.948103 0.162162 0.9538145 0.1569592 0.9515064 0.1548693 0.961848 0.1468734 0.9495864 0.1440147 0.9515064 0.1548693 0.9495864 0.1440147 0.9421215 0.1561843 0.948103 0.162162 0.9515064 0.1548693 0.9421215 0.1561843 0.948103 0.162162 0.9459751 0.1684158 0.9515681 0.1641948 0.9596119 0.1713472 0.9515681 0.1641948 0.9459751 0.1684158 0.9401753 0.133605 0.9408069 0.1159641 0.9307802 0.1319359 0.9408069 0.1159641 0.9308674 0.1166408 0.9307802 0.1319359 0.9361849 0.1506619 0.9495864 0.1440147 0.9401753 0.133605 0.9495864 0.1440147 0.9361849 0.1506619 0.9421215 0.1561843 0.9373622 0.1705585 0.948103 0.162162 0.9421215 0.1561843 0.948103 0.162162 0.9373622 0.1705585 0.9459751 0.1684158 0.9401753 0.133605 0.9307802 0.1319359 0.927182 0.1462578 0.9361849 0.1506619 0.9401753 0.133605 0.927182 0.1462578 0.9323647 0.1711129 0.9373622 0.1705585 0.9421215 0.1561843 0.9361849 0.1506619 0.9323647 0.1711129 0.9421215 0.1561843 0.9568048 0.1729491 0.9596119 0.1713472 0.9459751 0.1684158 0.9459751 0.1684158 0.9373622 0.1705585 0.9543853 0.1743466 0.9459751 0.1684158 0.9543853 0.1743466 0.9568048 0.1729491 0.9596119 0.1713472 0.9568048 0.1729491 0.9620066 0.180428 0.9643347 0.1805201 0.9596119 0.1713472 0.9620066 0.180428 0.9643347 0.1805201 0.9620066 0.180428 0.9623566 0.189527 0.9620066 0.180428 0.9568048 0.1729491 0.9595652 0.1809175 0.9568048 0.1729491 0.9543853 0.1743466 0.9595652 0.1809175 0.9620066 0.180428 0.9598475 0.189172 0.9623566 0.189527 0.9598475 0.189172 0.9620066 0.180428 0.9595652 0.1809175 0.9623566 0.189527 0.9598475 0.189172 0.9599099 0.1948825 0.9514403 0.1855933 0.9595652 0.1809175 0.9543853 0.1743466 0.9514403 0.1855933 0.9598475 0.189172 0.9595652 0.1809175 0.9598475 0.189172 0.9514403 0.1855933 0.949512 0.189413 0.9514403 0.1855933 0.9393537 0.1877797 0.949512 0.189413 0.9598475 0.189172 0.9564748 0.1924763 0.9599099 0.1948825 0.9598475 0.189172 0.949512 0.189413 0.9564748 0.1924763 0.9599099 0.1948825 0.9564748 0.1924763 0.9564021 0.1977803 0.9564748 0.1924763 0.9519436 0.1976594 0.9564021 0.1977803 0.9564748 0.1924763 0.949512 0.189413 0.9519436 0.1976594 0.949512 0.189413 0.9471455 0.1966847 0.9519436 0.1976594 0.9410818 0.1953364 0.9471455 0.1966847 0.949512 0.189413 0.9474504 0.1784403 0.9514403 0.1855933 0.9543853 0.1743466 0.9514403 0.1855933 0.9474504 0.1784403 0.9393537 0.1877797 0.9373622 0.1705585 0.9474504 0.1784403 0.9543853 0.1743466 0.9405589 0.1901574 0.9410818 0.1953364 0.949512 0.189413 0.9393537 0.1877797 0.9405589 0.1901574 0.949512 0.189413 0.9283037 0.1955316 0.9410818 0.1953364 0.9405589 0.1901574 0.9404266 0.1797764 0.9474504 0.1784403 0.9373622 0.1705585 0.9474504 0.1784403 0.9404266 0.1797764 0.9393537 0.1877797 0.9393537 0.1877797 0.9404266 0.1797764 0.9304462 0.1796515 0.9404266 0.1797764 0.9373622 0.1705585 0.9323647 0.1711129 0.9304462 0.1796515 0.9404266 0.1797764 0.9323647 0.1711129 0.9272609 0.1926336 0.9283037 0.1955316 0.9405589 0.1901574 0.9405589 0.1901574 0.9393537 0.1877797 0.9272609 0.1926336 0.9283037 0.1955316 0.9272609 0.1926336 0.920965 0.1953896 0.9393537 0.1877797 0.926275 0.1897134 0.9272609 0.1926336 0.926275 0.1897134 0.9393537 0.1877797 0.9304462 0.1796515 0.9187608 0.1936677 0.920965 0.1953896 0.9272609 0.1926336 0.926275 0.1897134 0.9187608 0.1936677 0.9272609 0.1926336 0.9304462 0.1796515 0.9323647 0.1711129 0.9256442 0.1697093 0.9361849 0.1506619 0.9256442 0.1697093 0.9323647 0.1711129 0.9187608 0.1936677 0.9182377 0.1977747 0.920965 0.1953896 0.9182377 0.1977747 0.9214916 0.1985332 0.920965 0.1953896 0.9250515 0.207419 0.9214916 0.1985332 0.9182377 0.1977747 0.9187608 0.1936677 0.926275 0.1897134 0.9174781 0.1872469 0.9174781 0.1872469 0.926275 0.1897134 0.9304462 0.1796515 0.9174781 0.1872469 0.9304462 0.1796515 0.9043939 0.1839905 0.9130075 0.1931969 0.9187608 0.1936677 0.9174781 0.1872469 0.9187608 0.1936677 0.9130075 0.1931969 0.9182377 0.1977747 0.9164865 0.1780434 0.9304462 0.1796515 0.9256442 0.1697093 0.9304462 0.1796515 0.9164865 0.1780434 0.9043939 0.1839905 0.9256442 0.1697093 0.9361849 0.1506619 0.9178939 0.1623404 0.9361849 0.1506619 0.927182 0.1462578 0.9178939 0.1623404 0.9164865 0.1780434 0.9256442 0.1697093 0.910075 0.1697567 0.9256442 0.1697093 0.9178939 0.1623404 0.910075 0.1697567 0.9018808 0.1958493 0.9130075 0.1931969 0.9174781 0.1872469 0.9043939 0.1839905 0.9018808 0.1958493 0.9174781 0.1872469 0.9164865 0.1780434 0.910075 0.1697567 0.8999119 0.175096 0.9043939 0.1839905 0.9164865 0.1780434 0.8999119 0.175096 0.9217863 0.2074283 0.9250515 0.207419 0.9182377 0.1977747 0.9182377 0.1977747 0.9130075 0.1931969 0.9190085 0.2074686 0.9182377 0.1977747 0.9190085 0.2074686 0.9217863 0.2074283 0.9250515 0.207419 0.9217863 0.2074283 0.922807 0.2164819 0.9248004 0.2176908 0.9250515 0.207419 0.922807 0.2164819 0.9248004 0.2176908 0.922807 0.2164819 0.9187231 0.2246211 0.922807 0.2164819 0.9217863 0.2074283 0.920435 0.2157247 0.9217863 0.2074283 0.9190085 0.2074686 0.920435 0.2157247 0.922807 0.2164819 0.9167037 0.223094 0.9187231 0.2246211 0.9167037 0.223094 0.922807 0.2164819 0.920435 0.2157247 0.9187231 0.2246211 0.9167037 0.223094 0.9139831 0.2281154 0.9130075 0.1931969 0.9110355 0.2076945 0.9190085 0.2074686 0.9130075 0.1931969 0.9018808 0.1958493 0.9110355 0.2076945 0.9110804 0.2158882 0.920435 0.2157247 0.9190085 0.2074686 0.9110804 0.2158882 0.9167037 0.223094 0.920435 0.2157247 0.9110355 0.2076945 0.9110804 0.2158882 0.9190085 0.2074686 0.9167037 0.223094 0.9110804 0.2158882 0.907562 0.21828 0.9110804 0.2158882 0.9110355 0.2076945 0.8994761 0.2118694 0.9110804 0.2158882 0.8994761 0.2118694 0.907562 0.21828 0.9167037 0.223094 0.9121523 0.2243428 0.9139831 0.2281154 0.9167037 0.223094 0.907562 0.21828 0.9121523 0.2243428 0.9139831 0.2281154 0.9121523 0.2243428 0.9095082 0.2289406 0.9121523 0.2243428 0.9056726 0.2266644 0.9095082 0.2289406 0.9121523 0.2243428 0.907562 0.21828 0.9056726 0.2266644 0.907562 0.21828 0.9019616 0.2234717 0.9056726 0.2266644 0.8973632 0.2193326 0.9019616 0.2234717 0.907562 0.21828 0.8994055 0.2145497 0.8973632 0.2193326 0.907562 0.21828 0.8994761 0.2118694 0.8994055 0.2145497 0.907562 0.21828 0.8862677 0.2133526 0.8973632 0.2193326 0.8994055 0.2145497 0.8864911 0.2102764 0.8862677 0.2133526 0.8994055 0.2145497 0.8994055 0.2145497 0.8994761 0.2118694 0.8864911 0.2102764 0.8862677 0.2133526 0.8864911 0.2102764 0.879127 0.2110795 0.9110355 0.2076945 0.9042482 0.2054744 0.8994761 0.2118694 0.9018808 0.1958493 0.9042482 0.2054744 0.9110355 0.2076945 0.9018808 0.1958493 0.8960471 0.199814 0.9042482 0.2054744 0.8994761 0.2118694 0.9042482 0.2054744 0.8960471 0.199814 0.8960471 0.199814 0.9018808 0.1958493 0.9043939 0.1839905 0.8843837 0.1908869 0.8960471 0.199814 0.9043939 0.1839905 0.8873236 0.2070795 0.8994761 0.2118694 0.8960471 0.199814 0.8994761 0.2118694 0.8873236 0.2070795 0.8864911 0.2102764 0.8873236 0.2070795 0.8960471 0.199814 0.8843837 0.1908869 0.8873236 0.2070795 0.8795893 0.2071835 0.8864911 0.2102764 0.8795893 0.2071835 0.879127 0.2110795 0.8864911 0.2102764 0.8795893 0.2071835 0.8873236 0.2070795 0.8843837 0.1908869 0.8843837 0.1908869 0.9043939 0.1839905 0.882992 0.1805408 0.9043939 0.1839905 0.8999119 0.175096 0.882992 0.1805408 0.8795893 0.2071835 0.8755028 0.204817 0.879127 0.2110795 0.8843837 0.1908869 0.8721497 0.1980504 0.8795893 0.2071835 0.8721497 0.1980504 0.8755028 0.204817 0.8795893 0.2071835 0.8755028 0.204817 0.8755493 0.2098877 0.879127 0.2110795 0.8764148 0.2216772 0.879127 0.2110795 0.8755493 0.2098877 0.8755028 0.204817 0.8678379 0.205103 0.8755493 0.2098877 0.8755028 0.204817 0.8721497 0.1980504 0.8678379 0.205103 0.873631 0.2199991 0.8764148 0.2216772 0.8755493 0.2098877 0.8755493 0.2098877 0.8678379 0.205103 0.873631 0.2199991 0.8764148 0.2216772 0.873631 0.2199991 0.8695691 0.2281712 0.8706136 0.2302503 0.8764148 0.2216772 0.8695691 0.2281712 0.8706136 0.2302503 0.8695691 0.2281712 0.8617585 0.2328701 0.8695691 0.2281712 0.8608606 0.230503 0.8617585 0.2328701 0.8617585 0.2328701 0.8608606 0.230503 0.8558774 0.2333003 0.8695691 0.2281712 0.873631 0.2199991 0.8679547 0.2262784 0.8608606 0.230503 0.8695691 0.2281712 0.8679547 0.2262784 0.873631 0.2199991 0.8711944 0.2185924 0.8679547 0.2262784 0.8678379 0.205103 0.8711944 0.2185924 0.873631 0.2199991 0.859941 0.2214143 0.8679547 0.2262784 0.8711944 0.2185924 0.859941 0.2214143 0.8608606 0.230503 0.8679547 0.2262784 0.8608606 0.230503 0.859941 0.2214143 0.8556781 0.2215597 0.859941 0.2214143 0.8522816 0.2118298 0.8556781 0.2215597 0.8608606 0.230503 0.8563359 0.2291324 0.8558774 0.2333003 0.8608606 0.230503 0.8556781 0.2215597 0.8563359 0.2291324 0.8558774 0.2333003 0.8563359 0.2291324 0.8516483 0.2316139 0.8563359 0.2291324 0.8496115 0.227642 0.8516483 0.2316139 0.8563359 0.2291324 0.8556781 0.2215597 0.8496115 0.227642 0.8556781 0.2215597 0.8481617 0.2229516 0.8496115 0.227642 0.8464506 0.2169544 0.8481617 0.2229516 0.8556781 0.2215597 0.8642302 0.2144755 0.859941 0.2214143 0.8711944 0.2185924 0.8678379 0.205103 0.8642302 0.2144755 0.8711944 0.2185924 0.859941 0.2214143 0.8642302 0.2144755 0.8522816 0.2118298 0.8507786 0.2140616 0.8464506 0.2169544 0.8556781 0.2215597 0.8522816 0.2118298 0.8507786 0.2140616 0.8556781 0.2215597 0.8402791 0.2056617 0.8464506 0.2169544 0.8507786 0.2140616 0.8424668 0.2035022 0.8402791 0.2056617 0.8507786 0.2140616 0.8507786 0.2140616 0.8522816 0.2118298 0.8424668 0.2035022 0.8402791 0.2056617 0.8424668 0.2035022 0.8388996 0.1994829 0.8678379 0.205103 0.8612318 0.1992995 0.8642302 0.2144755 0.8721497 0.1980504 0.8612318 0.1992995 0.8678379 0.205103 0.8375337 0.1976306 0.8388996 0.1994829 0.8424668 0.2035022 0.8388996 0.1994829 0.8375337 0.1976306 0.8356063 0.2010068 0.8642302 0.2144755 0.8596516 0.2088833 0.8522816 0.2118298 0.8612318 0.1992995 0.8596516 0.2088833 0.8642302 0.2144755 0.8721497 0.1980504 0.8660517 0.1906403 0.8612318 0.1992995 0.8843837 0.1908869 0.8660517 0.1906403 0.8721497 0.1980504 0.8612318 0.1992995 0.8554359 0.1997106 0.8596516 0.2088833 0.8522816 0.2118298 0.8596516 0.2088833 0.8554359 0.1997106 0.8554359 0.1997106 0.8612318 0.1992995 0.8660517 0.1906403 0.8522816 0.2118298 0.8446169 0.2012955 0.8424668 0.2035022 0.8446169 0.2012955 0.8375337 0.1976306 0.8424668 0.2035022 0.8446169 0.2012955 0.8522816 0.2118298 0.8554359 0.1997106 0.8446169 0.2012955 0.8554359 0.1997106 0.8435643 0.1919038 0.8375337 0.1976306 0.8446169 0.2012955 0.8435643 0.1919038 0.8375337 0.1976306 0.8314521 0.1953804 0.8356063 0.2010068 0.8285694 0.2090452 0.8356063 0.2010068 0.8314521 0.1953804 0.8660517 0.1906403 0.8843837 0.1908869 0.8672435 0.1804428 0.8843837 0.1908869 0.882992 0.1805408 0.8672435 0.1804428 0.8491614 0.1861109 0.8554359 0.1997106 0.8660517 0.1906403 0.8554359 0.1997106 0.8491614 0.1861109 0.8435643 0.1919038 0.8295112 0.1866915 0.8375337 0.1976306 0.8435643 0.1919038 0.8375337 0.1976306 0.8295112 0.1866915 0.8314521 0.1953804 0.8660517 0.1906403 0.8672435 0.1804428 0.8528843 0.1766528 0.8491614 0.1861109 0.8660517 0.1906403 0.8528843 0.1766528 0.8291326 0.1814844 0.8295112 0.1866915 0.8435643 0.1919038 0.8491614 0.1861109 0.8291326 0.1814844 0.8435643 0.1919038 0.8269854 0.2062345 0.8285694 0.2090452 0.8314521 0.1953804 0.8314521 0.1953804 0.8295112 0.1866915 0.825623 0.203796 0.8314521 0.1953804 0.825623 0.203796 0.8269854 0.2062345 0.8285694 0.2090452 0.8269854 0.2062345 0.8195062 0.2114102 0.8193936 0.2137382 0.8285694 0.2090452 0.8195062 0.2114102 0.8193936 0.2137382 0.8195062 0.2114102 0.8104048 0.2116717 0.8195062 0.2114102 0.8269854 0.2062345 0.8190456 0.2089567 0.8269854 0.2062345 0.825623 0.203796 0.8190456 0.2089567 0.8195062 0.2114102 0.8107925 0.2091693 0.8104048 0.2116717 0.8107925 0.2091693 0.8195062 0.2114102 0.8190456 0.2089567 0.8104048 0.2116717 0.8107925 0.2091693 0.8050792 0.2091507 0.8144744 0.2007958 0.8190456 0.2089567 0.825623 0.203796 0.8144744 0.2007958 0.8107925 0.2091693 0.8190456 0.2089567 0.8295112 0.1866915 0.82163 0.1968172 0.825623 0.203796 0.82163 0.1968172 0.8144744 0.2007958 0.825623 0.203796 0.8107925 0.2091693 0.8075345 0.2057523 0.8050792 0.2091507 0.8050792 0.2091507 0.8075345 0.2057523 0.8022339 0.2055966 0.8075345 0.2057523 0.8024254 0.2011375 0.8022339 0.2055966 0.8075345 0.2057523 0.8107045 0.1988453 0.8024254 0.2011375 0.8107925 0.2091693 0.8107045 0.1988453 0.8075345 0.2057523 0.8107925 0.2091693 0.8144744 0.2007958 0.8107045 0.1988453 0.8144744 0.2007958 0.8125796 0.1886874 0.8107045 0.1988453 0.8144744 0.2007958 0.82163 0.1968172 0.8125796 0.1886874 0.8204651 0.1897258 0.82163 0.1968172 0.8295112 0.1866915 0.82163 0.1968172 0.8204651 0.1897258 0.8125796 0.1886874 0.8204651 0.1897258 0.8295112 0.1866915 0.8291326 0.1814844 0.8125796 0.1886874 0.8204651 0.1897258 0.8212528 0.1796849 0.8212528 0.1796849 0.8204651 0.1897258 0.8291326 0.1814844 0.8212528 0.1796849 0.8291326 0.1814844 0.8304362 0.1745611 0.8198829 0.1596784 0.8212528 0.1796849 0.8304362 0.1745611 0.8491614 0.1861109 0.8304362 0.1745611 0.8291326 0.1814844 0.8198829 0.1596784 0.8304362 0.1745611 0.8272634 0.1540272 0.8198829 0.1596784 0.8272634 0.1540272 0.8185785 0.1321246 0.8304362 0.1745611 0.8491614 0.1861109 0.8369389 0.1665388 0.8304362 0.1745611 0.8369389 0.1665388 0.8272634 0.1540272 0.8491614 0.1861109 0.8528843 0.1766528 0.8369389 0.1665388 0.8185785 0.1321246 0.8272634 0.1540272 0.8296495 0.1299604 0.8272634 0.1540272 0.8369389 0.1665388 0.8369022 0.1482495 0.8272634 0.1540272 0.8369022 0.1482495 0.8296495 0.1299604 0.8369389 0.1665388 0.8528843 0.1766528 0.844394 0.1578757 0.8369389 0.1665388 0.844394 0.1578757 0.8369022 0.1482495 0.8185785 0.1321246 0.8296495 0.1299604 0.8300381 0.1183457 0.8187418 0.1168116 0.8185785 0.1321246 0.8300381 0.1183457 0.8528843 0.1766528 0.8573656 0.1659807 0.844394 0.1578757 0.8528843 0.1766528 0.8672435 0.1804428 0.8573656 0.1659807 0.8672435 0.1804428 0.8685579 0.1688385 0.8573656 0.1659807 0.8672435 0.1804428 0.882992 0.1805408 0.8685579 0.1688385 0.8573656 0.1659807 0.8685579 0.1688385 0.8810244 0.1689606 0.882992 0.1805408 0.8810244 0.1689606 0.8685579 0.1688385 0.844394 0.1578757 0.8573656 0.1659807 0.8810244 0.1689606 0.882992 0.1805408 0.8999119 0.175096 0.8810244 0.1689606 0.844394 0.1578757 0.8810244 0.1689606 0.8949783 0.1643459 0.8999119 0.175096 0.8949783 0.1643459 0.8810244 0.1689606 0.8369022 0.1482495 0.844394 0.1578757 0.8949783 0.1643459 0.8999119 0.175096 0.910075 0.1697567 0.8949783 0.1643459 0.910075 0.1697567 0.9026518 0.1603363 0.8949783 0.1643459 0.8369022 0.1482495 0.8949783 0.1643459 0.9026518 0.1603363 0.910075 0.1697567 0.9178939 0.1623404 0.9026518 0.1603363 0.8369022 0.1482495 0.9026518 0.1603363 0.9083734 0.1549742 0.9178939 0.1623404 0.9083734 0.1549742 0.9026518 0.1603363 0.8296495 0.1299604 0.8369022 0.1482495 0.9083734 0.1549742 0.9178939 0.1623404 0.927182 0.1462578 0.9083734 0.1549742 0.8296495 0.1299604 0.9083734 0.1549742 0.916323 0.1416758 0.927182 0.1462578 0.916323 0.1416758 0.9083734 0.1549742 0.927182 0.1462578 0.9307802 0.1319359 0.916323 0.1416758 0.8300381 0.1183457 0.8296495 0.1299604 0.916323 0.1416758 0.9307802 0.1319359 0.91923 0.1303563 0.916323 0.1416758 0.8300381 0.1183457 0.916323 0.1416758 0.91923 0.1303563 0.9307802 0.1319359 0.9308674 0.1166408 0.91923 0.1303563 0.8330324 0.1072582 0.8300381 0.1183457 0.91923 0.1303563 0.8187418 0.1168116 0.8300381 0.1183457 0.8330324 0.1072582 0.8227508 0.1024531 0.8187418 0.1168116 0.8330324 0.1072582 0.9308674 0.1166408 0.9195838 0.118606 0.91923 0.1303563 0.8330324 0.1072582 0.91923 0.1303563 0.9195838 0.118606 0.9308674 0.1166408 0.9243581 0.09891366 0.9195838 0.118606 0.8227508 0.1024531 0.8330324 0.1072582 0.84409 0.0913673 0.84409 0.0913673 0.8330324 0.1072582 0.9195838 0.118606 0.8360295 0.08344686 0.8227508 0.1024531 0.84409 0.0913673 0.9243581 0.09891366 0.9143875 0.1043542 0.9195838 0.118606 0.84409 0.0913673 0.9195838 0.118606 0.9143875 0.1043542 0.9243581 0.09891366 0.9122119 0.08246487 0.9143875 0.1043542 0.8360295 0.08344686 0.84409 0.0913673 0.8545084 0.08453559 0.8545084 0.08453559 0.84409 0.0913673 0.9143875 0.1043542 0.8493059 0.07440572 0.8360295 0.08344686 0.8545084 0.08453559 0.9122119 0.08246487 0.9046168 0.0907886 0.9143875 0.1043542 0.8545084 0.08453559 0.9143875 0.1043542 0.9046168 0.0907886 0.9122119 0.08246487 0.8961911 0.07223105 0.9046168 0.0907886 0.8493059 0.07440572 0.8545084 0.08453559 0.8681698 0.07977622 0.8681698 0.07977622 0.8545084 0.08453559 0.9046168 0.0907886 0.8661246 0.06844395 0.8493059 0.07440572 0.8681698 0.07977622 0.8961911 0.07223105 0.8917077 0.08271849 0.9046168 0.0907886 0.8681698 0.07977622 0.9046168 0.0907886 0.8917077 0.08271849 0.8961911 0.07223105 0.8818271 0.06847125 0.8917077 0.08271849 0.8661246 0.06844395 0.8681698 0.07977622 0.8805428 0.07988452 0.8917077 0.08271849 0.8805428 0.07988452 0.8681698 0.07977622 0.8818271 0.06847125 0.8661246 0.06844395 0.8805428 0.07988452 0.8818271 0.06847125 0.8805428 0.07988452 0.8917077 0.08271849 0.6760234 0.3322098 0.6752193 0.3317235 0.6757321 0.3333944 0.6764959 0.3331615 0.6760234 0.3322098 0.6757321 0.3333944 0.5739418 0.3189411 0.5646651 0.3189411 0.5739418 0.320473 0.5646651 0.3189411 0.5646651 0.320473 0.5739418 0.320473 0.5646651 0.3189411 0.5553954 0.3189411 0.5646651 0.320473 0.5553954 0.3189411 0.5553954 0.320473 0.5646651 0.320473 0.5553954 0.3189411 0.5469552 0.3189411 0.5553954 0.320473 0.5469552 0.3189411 0.5469552 0.320473 0.5553954 0.320473 0.5469552 0.3189411 0.540591 0.3189411 0.5469552 0.320473 0.540591 0.3189411 0.540591 0.320473 0.5469552 0.320473 0.540591 0.3189411 0.5361205 0.3189411 0.540591 0.320473 0.5361205 0.3189411 0.5361205 0.320473 0.540591 0.320473 0.5361205 0.3189411 0.5318512 0.3189411 0.5361205 0.320473 0.5318512 0.3189411 0.5318512 0.320473 0.5361205 0.320473 0.5318512 0.3189411 0.527521 0.3189411 0.5318512 0.320473 0.527521 0.3189411 0.527521 0.320473 0.5318512 0.320473 0.527521 0.3189411 0.5225477 0.3189411 0.527521 0.320473 0.5225477 0.3189411 0.5225477 0.320473 0.527521 0.320473 0.5225477 0.3189411 0.5133306 0.3189411 0.5225477 0.320473 0.5133306 0.3189411 0.5133306 0.320473 0.5225477 0.320473 0.5133306 0.3189411 0.5025146 0.3189411 0.5133306 0.320473 0.5025146 0.3189411 0.5025146 0.320473 0.5133306 0.320473 0.5025146 0.3189411 0.4929111 0.3189411 0.5025146 0.320473 0.4929111 0.3189411 0.4929111 0.320473 0.5025146 0.320473 0.4929111 0.3189411 0.482919 0.3189411 0.4929111 0.320473 0.482919 0.3189411 0.482919 0.320473 0.4929111 0.320473 0.482919 0.3189411 0.4744822 0.3189411 0.482919 0.320473 0.4744822 0.3189411 0.4744822 0.320473 0.482919 0.320473 0.4744822 0.3189411 0.4681195 0.3189411 0.4744822 0.320473 0.4681195 0.3189411 0.4681195 0.320473 0.4744822 0.320473 0.4681195 0.3189411 0.4636614 0.3189411 0.4681195 0.320473 0.4636614 0.3189411 0.4636614 0.320473 0.4681195 0.320473 0.4636614 0.3189411 0.459412 0.3189411 0.4636614 0.320473 0.459412 0.3189411 0.459412 0.320473 0.4636614 0.320473 0.459412 0.3189411 0.4551087 0.3189411 0.459412 0.320473 0.4551087 0.3189411 0.4551087 0.320473 0.459412 0.320473 0.4551087 0.3189411 0.4501684 0.3189411 0.4551087 0.320473 0.4501684 0.3189411 0.4501684 0.320473 0.4551087 0.320473 0.4501684 0.3189411 0.4409933 0.3189411 0.4501684 0.320473 0.4409933 0.3189411 0.4409933 0.320473 0.4501684 0.320473 0.4409933 0.3189411 0.4310873 0.3189411 0.4409933 0.320473 0.4310873 0.3189411 0.4310873 0.320473 0.4409933 0.320473 0.4310873 0.3189411 0.4261786 0.3189411 0.4310873 0.320473 0.4261786 0.3189411 0.4261786 0.320473 0.4310873 0.320473 0.4261786 0.3189411 0.4190462 0.3189411 0.4261786 0.320473 0.4190462 0.3189411 0.4190462 0.320473 0.4261786 0.320473 0.4190462 0.3189411 0.4090973 0.3189411 0.4190462 0.320473 0.4090973 0.3189411 0.4090973 0.320473 0.4190462 0.320473 0.4090973 0.3189411 0.4007057 0.3189411 0.4090973 0.320473 0.4007057 0.3189411 0.4007057 0.320473 0.4090973 0.320473 0.4007057 0.3189411 0.3943564 0.3189411 0.4007057 0.320473 0.3943564 0.3189411 0.3943564 0.320473 0.4007057 0.320473 0.3943564 0.3189411 0.3898951 0.3189411 0.3943564 0.320473 0.3898951 0.3189411 0.3898951 0.320473 0.3943564 0.320473 0.3898951 0.3189411 0.3856283 0.3189411 0.3898951 0.320473 0.3856283 0.3189411 0.3856283 0.320473 0.3898951 0.320473 0.3856283 0.3189411 0.3812972 0.3189411 0.3856283 0.320473 0.3812972 0.3189411 0.3812972 0.320473 0.3856283 0.320473 0.3812972 0.3189411 0.3763244 0.3189411 0.3812972 0.320473 0.3763244 0.3189411 0.3763244 0.320473 0.3812972 0.320473 0.3763244 0.3189411 0.3670902 0.3189411 0.3763244 0.320473 0.3670902 0.3189411 0.3670902 0.320473 0.3763244 0.320473 0.3670902 0.3189411 0.3564507 0.3189411 0.3670902 0.320473 0.3564507 0.3189411 0.3564507 0.320473 0.3670902 0.320473 0.3564507 0.3189411 0.3507643 0.3189411 0.3564507 0.320473 0.3507643 0.3189411 0.3507643 0.320473 0.3564507 0.320473 0.3507643 0.3189411 0.3442446 0.3189411 0.3507643 0.320473 0.3442446 0.3189411 0.3442446 0.320473 0.3507643 0.320473 0.3442446 0.3189411 0.3349441 0.3189411 0.3442446 0.320473 0.3349441 0.3189411 0.3349441 0.320473 0.3442446 0.320473 0.3349441 0.3189411 0.3264524 0.3189411 0.3349441 0.320473 0.3264524 0.3189411 0.3264524 0.320473 0.3349441 0.320473 0.3264524 0.3189411 0.3200144 0.3189411 0.3264524 0.320473 0.3200144 0.3189411 0.3200144 0.320473 0.3264524 0.320473 0.3200144 0.3189411 0.3154659 0.3189411 0.3200144 0.320473 0.3154659 0.3189411 0.3154659 0.320473 0.3200144 0.320473 0.3154659 0.3189411 0.3111239 0.3189411 0.3154659 0.320473 0.3111239 0.3189411 0.3111239 0.320473 0.3154659 0.320473 0.3111239 0.3189411 0.3067233 0.3189411 0.3111239 0.320473 0.3067233 0.3189411 0.3067233 0.320473 0.3111239 0.320473 0.3067233 0.3189411 0.3016809 0.3189411 0.3067233 0.320473 0.3016809 0.3189411 0.3016809 0.320473 0.3067233 0.320473 0.3016809 0.3189411 0.2923864 0.3189411 0.3016809 0.320473 0.2923864 0.3189411 0.2923864 0.320473 0.3016809 0.320473 0.2923864 0.3189411 0.2814617 0.3189411 0.2923864 0.320473 0.2814617 0.3189411 0.2814617 0.320473 0.2923864 0.320473 0.2814617 0.3189411 0.2727908 0.3189411 0.2814617 0.320473 0.2727908 0.3189411 0.2727908 0.320473 0.2814617 0.320473 0.2727908 0.3189411 0.262806 0.3189411 0.2727908 0.320473 0.262806 0.3189411 0.262806 0.320473 0.2727908 0.320473 0.262806 0.3189411 0.2543033 0.3189411 0.262806 0.320473 0.2543033 0.3189411 0.2543033 0.320473 0.262806 0.320473 0.2543033 0.3189411 0.2478694 0.3189411 0.2543033 0.320473 0.2478694 0.3189411 0.2478694 0.320473 0.2543033 0.320473 0.2478694 0.3189411 0.2433419 0.3189411 0.2478694 0.320473 0.2433419 0.3189411 0.2433419 0.320473 0.2478694 0.320473 0.2433419 0.3189411 0.2390351 0.3189411 0.2433419 0.320473 0.2390351 0.3189411 0.2390351 0.320473 0.2433419 0.320473 0.2390351 0.3189411 0.2346859 0.3189411 0.2390351 0.320473 0.2346859 0.3189411 0.2346859 0.320473 0.2390351 0.320473 0.2346859 0.3189411 0.2297105 0.3189411 0.2346859 0.320473 0.2297105 0.3189411 0.2297105 0.320473 0.2346859 0.320473 0.2297105 0.3189411 0.2191743 0.3189411 0.2297105 0.320473 0.2191743 0.3189411 0.2191743 0.320473 0.2297105 0.320473 0.2334654 0.3522952 0.2334654 0.3537968 0.2384592 0.3537968 0.2384592 0.3522952 0.2334654 0.3522952 0.2384592 0.3537968 0.2384592 0.3522952 0.2384592 0.3537968 0.249028 0.3537968 0.249028 0.3522952 0.2384592 0.3522952 0.249028 0.3537968 0.249028 0.3522952 0.249028 0.3537968 0.2581983 0.3537968 0.2581983 0.3522952 0.249028 0.3522952 0.2581983 0.3537968 0.2581983 0.3522952 0.2581983 0.3537968 0.2631347 0.3537968 0.2631347 0.3522952 0.2581983 0.3522952 0.2631347 0.3537968 0.2631347 0.3522952 0.2631347 0.3537968 0.2674301 0.3537968 0.2674301 0.3522952 0.2631347 0.3522952 0.2674301 0.3537968 0.2674301 0.3522952 0.2674301 0.3537968 0.2716597 0.3537968 0.2716597 0.3522952 0.2674301 0.3522952 0.2716597 0.3537968 0.2716597 0.3522952 0.2716597 0.3537968 0.2760761 0.3537968 0.2760761 0.3522952 0.2716597 0.3522952 0.2760761 0.3537968 0.2760761 0.3522952 0.2760761 0.3537968 0.2823847 0.3537968 0.2823847 0.3522952 0.2760761 0.3522952 0.2823847 0.3537968 0.2823847 0.3522952 0.2823847 0.3537968 0.2907448 0.3537968 0.2907448 0.3522952 0.2823847 0.3522952 0.2907448 0.3537968 0.2907448 0.3522952 0.2907448 0.3537968 0.300675 0.3537968 0.300675 0.3522952 0.2907448 0.3522952 0.300675 0.3537968 0.300675 0.3522952 0.300675 0.3537968 0.3077859 0.3537968 0.3077859 0.3522952 0.300675 0.3522952 0.3077859 0.3537968 0.3077859 0.3522952 0.3077859 0.3537968 0.3126626 0.3537968 0.3126626 0.3522952 0.3077859 0.3522952 0.3126626 0.3537968 0.3126626 0.3522952 0.3126626 0.3537968 0.3225439 0.3537968 0.3225439 0.3522952 0.3126626 0.3522952 0.3225439 0.3537968 0.3225439 0.3522952 0.3225439 0.3537968 0.3317005 0.3537968 0.3317005 0.3522952 0.3225439 0.3522952 0.3317005 0.3537968 0.3317005 0.3522952 0.3317005 0.3537968 0.3366259 0.3537968 0.3366259 0.3522952 0.3317005 0.3522952 0.3366259 0.3537968 0.3366259 0.3522952 0.3366259 0.3537968 0.3409152 0.3537968 0.3409152 0.3522952 0.3366259 0.3522952 0.3409152 0.3537968 0.3409152 0.3522952 0.3409152 0.3537968 0.3451508 0.3537968 0.3451508 0.3522952 0.3409152 0.3522952 0.3451508 0.3537968 0.3451508 0.3522952 0.3451508 0.3537968 0.349596 0.3537968 0.349596 0.3522952 0.3451508 0.3522952 0.349596 0.3537968 0.349596 0.3522952 0.349596 0.3537968 0.3559571 0.3537968 0.3559571 0.3522952 0.349596 0.3522952 0.3559571 0.3537968 0.3559571 0.3522952 0.3559571 0.3537968 0.364396 0.3537968 0.364396 0.3522952 0.3559571 0.3522952 0.364396 0.3537968 0.364396 0.3522952 0.364396 0.3537968 0.374381 0.3537968 0.374381 0.3522952 0.364396 0.3522952 0.374381 0.3537968 0.374381 0.3522952 0.374381 0.3537968 0.3839809 0.3537968 0.3839809 0.3522952 0.374381 0.3522952 0.3839809 0.3537968 0.3839809 0.3522952 0.3839809 0.3537968 0.3947924 0.3537968 0.3947924 0.3522952 0.3839809 0.3522952 0.3947924 0.3537968 0.3947924 0.3522952 0.3947924 0.3537968 0.4040119 0.3537968 0.4040119 0.3522952 0.3947924 0.3522952 0.4040119 0.3537968 0.4040119 0.3522952 0.4040119 0.3537968 0.4089877 0.3537968 0.4089877 0.3522952 0.4040119 0.3522952 0.4089877 0.3537968 0.4089877 0.3522952 0.4089877 0.3537968 0.4133235 0.3537968 0.4133235 0.3522952 0.4089877 0.3522952 0.4133235 0.3537968 0.4133235 0.3522952 0.4133235 0.3537968 0.4175998 0.3537968 0.4175998 0.3522952 0.4133235 0.3522952 0.4175998 0.3537968 0.4175998 0.3522952 0.4175998 0.3537968 0.4220798 0.3537968 0.4220798 0.3522952 0.4175998 0.3522952 0.4220798 0.3537968 0.4220798 0.3522952 0.4220798 0.3537968 0.428462 0.3537968 0.428462 0.3522952 0.4220798 0.3522952 0.428462 0.3537968 0.428462 0.3522952 0.428462 0.3537968 0.4369025 0.3537968 0.4369025 0.3522952 0.428462 0.3522952 0.4369025 0.3537968 0.4369025 0.3522952 0.4369025 0.3537968 0.4461587 0.3537968 0.4461587 0.3522952 0.4369025 0.3522952 0.4461587 0.3537968 0.4461587 0.3522952 0.4461587 0.3537968 0.4526381 0.3537968 0.4526381 0.3522952 0.4461587 0.3522952 0.4526381 0.3537968 0.4526381 0.3522952 0.4526381 0.3537968 0.458283 0.3537968 0.458283 0.3522952 0.4526381 0.3522952 0.458283 0.3537968 0.458283 0.3522952 0.458283 0.3537968 0.4688945 0.3537968 0.4688945 0.3522952 0.458283 0.3522952 0.4688945 0.3537968 0.4688945 0.3522952 0.4688945 0.3537968 0.4781044 0.3537968 0.4781044 0.3522952 0.4688945 0.3522952 0.4781044 0.3537968 0.4781044 0.3522952 0.4781044 0.3537968 0.4830414 0.3537968 0.4830414 0.3522952 0.4781044 0.3522952 0.4830414 0.3537968 0.4830414 0.3522952 0.4830414 0.3537968 0.4873378 0.3537968 0.4873378 0.3522952 0.4830414 0.3522952 0.4873378 0.3537968 0.4873378 0.3522952 0.4873378 0.3537968 0.4917234 0.3537968 0.4917234 0.3522952 0.4873378 0.3522952 0.4917234 0.3537968 0.2279297 0.3329401 0.2279297 0.3344633 0.2323334 0.3344633 0.2323334 0.3329401 0.2279297 0.3329401 0.2323334 0.3344633 0.2323334 0.3329401 0.2323334 0.3344633 0.240311 0.3344633 0.240311 0.3329401 0.2323334 0.3329401 0.240311 0.3344633 0.240311 0.3329401 0.240311 0.3344633 0.2488662 0.3344633 0.2488662 0.3329401 0.240311 0.3329401 0.2488662 0.3344633 0.2488662 0.3329401 0.2488662 0.3344633 0.2589963 0.3344633 0.2589963 0.3329401 0.2488662 0.3329401 0.2589963 0.3344633 0.2589963 0.3329401 0.2589963 0.3344633 0.266248 0.3344633 0.266248 0.3329401 0.2589963 0.3329401 0.266248 0.3344633 0.266248 0.3329401 0.266248 0.3344633 0.2712324 0.3344633 0.2712324 0.3329401 0.266248 0.3329401 0.2712324 0.3344633 0.2712324 0.3329401 0.2712324 0.3344633 0.2812851 0.3344633 0.2812851 0.3329401 0.2712324 0.3329401 0.2812851 0.3344633 0.2812851 0.3329401 0.2812851 0.3344633 0.2905935 0.3344633 0.2905935 0.3329401 0.2812851 0.3329401 0.2905935 0.3344633 0.2905935 0.3329401 0.2905935 0.3344633 0.2956023 0.3344633 0.2956023 0.3329401 0.2905935 0.3329401 0.2956023 0.3344633 0.2956023 0.3329401 0.2956023 0.3344633 0.2999611 0.3344633 0.2999611 0.3329401 0.2956023 0.3329401 0.2999611 0.3344633 0.2999611 0.3329401 0.2999611 0.3344633 0.3042624 0.3344633 0.3042624 0.3329401 0.2999611 0.3329401 0.3042624 0.3344633 0.3042624 0.3329401 0.3042624 0.3344633 0.3087757 0.3344633 0.3087757 0.3329401 0.3042624 0.3329401 0.3087757 0.3344633 0.3087757 0.3329401 0.3087757 0.3344633 0.3152242 0.3344633 0.3152242 0.3329401 0.3087757 0.3329401 0.3152242 0.3344633 0.3152242 0.3329401 0.3152242 0.3344633 0.3237815 0.3344633 0.3237815 0.3329401 0.3152242 0.3329401 0.3237815 0.3344633 0.3237815 0.3329401 0.3237815 0.3344633 0.3339206 0.3344633 0.3339206 0.3329401 0.3237815 0.3329401 0.3339206 0.3344633 0.3339206 0.3329401 0.3339206 0.3344633 0.3436669 0.3344633 0.3436669 0.3329401 0.3339206 0.3329401 0.3436669 0.3344633 0.3436669 0.3329401 0.3436669 0.3344633 0.3546462 0.3344633 0.3546462 0.3329401 0.3436669 0.3329401 0.3546462 0.3344633 0.3546462 0.3329401 0.3546462 0.3344633 0.3640057 0.3344633 0.3640057 0.3329401 0.3546462 0.3329401 0.3640057 0.3344633 0.3640057 0.3329401 0.3640057 0.3344633 0.3690635 0.3344633 0.3690635 0.3329401 0.3640057 0.3329401 0.3690635 0.3344633 0.3690635 0.3329401 0.3690635 0.3344633 0.3734758 0.3344633 0.3734758 0.3329401 0.3690635 0.3329401 0.3734758 0.3344633 0.3734758 0.3329401 0.3734758 0.3344633 0.377833 0.3344633 0.377833 0.3329401 0.3734758 0.3329401 0.377833 0.3344633 0.377833 0.3329401 0.377833 0.3344633 0.3824011 0.3344633 0.3824011 0.3329401 0.377833 0.3329401 0.3824011 0.3344633 0.3824011 0.3329401 0.3824011 0.3344633 0.3888941 0.3344633 0.3888941 0.3329401 0.3824011 0.3329401 0.3888941 0.3344633 0.3888941 0.3329401 0.3888941 0.3344633 0.3974841 0.3344633 0.3974841 0.3329401 0.3888941 0.3329401 0.3974841 0.3344633 0.3974841 0.3329401 0.3974841 0.3344633 0.4069185 0.3344633 0.4069185 0.3329401 0.3974841 0.3329401 0.4069185 0.3344633 0.4069185 0.3329401 0.4069185 0.3344633 0.4135407 0.3344633 0.4135407 0.3329401 0.4069185 0.3329401 0.4135407 0.3344633 0.4135407 0.3329401 0.4135407 0.3344633 0.4193088 0.3344633 0.4193088 0.3329401 0.4135407 0.3329401 0.4193088 0.3344633 0.4193088 0.3329401 0.4193088 0.3344633 0.4300968 0.3344633 0.4300968 0.3329401 0.4193088 0.3329401 0.4300968 0.3344633 0.4300968 0.3329401 0.4300968 0.3344633 0.4394697 0.3344633 0.4394697 0.3329401 0.4300968 0.3329401 0.4394697 0.3344633 0.4394697 0.3329401 0.4394697 0.3344633 0.4445305 0.3344633 0.4445305 0.3329401 0.4394697 0.3329401 0.4445305 0.3344633 0.4445305 0.3329401 0.4445305 0.3344633 0.448939 0.3344633 0.448939 0.3329401 0.4445305 0.3329401 0.448939 0.3344633 0.448939 0.3329401 0.448939 0.3344633 0.4532877 0.3344633 0.4532877 0.3329401 0.448939 0.3329401 0.4532877 0.3344633 0.4532877 0.3329401 0.4532877 0.3344633 0.457842 0.3344633 0.457842 0.3329401 0.4532877 0.3329401 0.457842 0.3344633 0.457842 0.3329401 0.457842 0.3344633 0.464314 0.3344633 0.464314 0.3329401 0.457842 0.3329401 0.464314 0.3344633 0.464314 0.3329401 0.464314 0.3344633 0.4728574 0.3344633 0.4728574 0.3329401 0.464314 0.3329401 0.4728574 0.3344633 0.4728574 0.3329401 0.4728574 0.3344633 0.4829772 0.3344633 0.4829772 0.3329401 0.4728574 0.3329401 0.4829772 0.3344633 0.4829772 0.3329401 0.4829772 0.3344633 0.4902409 0.3344633 0.4902409 0.3329401 0.4829772 0.3329401 0.4902409 0.3344633 0.4902409 0.3329401 0.4902409 0.3344633 0.4952625 0.3344633 0.4952625 0.3329401 0.4902409 0.3329401 0.4952625 0.3344633 0.4952625 0.3329401 0.4952625 0.3344633 0.5020273 0.3344633 0.5020273 0.3329401 0.4952625 0.3329401 0.5020273 0.3344633 0.7837722 0.1754952 0.7849093 0.1734664 0.7766514 0.1696209 0.7837722 0.1754952 0.7940714 0.1753627 0.7849093 0.1734664 0.7849093 0.1734664 0.7781179 0.1675581 0.7766514 0.1696209 0.7766514 0.1696209 0.7781179 0.1675581 0.7730265 0.1649704 0.7781179 0.1675581 0.7767482 0.1630387 0.7730265 0.1649704 0.7781179 0.1675581 0.7826843 0.1582897 0.7767482 0.1630387 0.7730265 0.1649704 0.7767482 0.1630387 0.7720838 0.1605157 0.7767482 0.1630387 0.7742605 0.1566182 0.7720838 0.1605157 0.7767482 0.1630387 0.7826843 0.1582897 0.7742605 0.1566182 0.7826843 0.1582897 0.7773686 0.1528182 0.7742605 0.1566182 0.7814205 0.1481232 0.7773686 0.1528182 0.7826843 0.1582897 0.7862425 0.1500661 0.7814205 0.1481232 0.7826843 0.1582897 0.788933 0.1500593 0.7862425 0.1500661 0.7826843 0.1582897 0.7872343 0.1369565 0.7814205 0.1481232 0.7862425 0.1500661 0.7903135 0.1371108 0.7872343 0.1369565 0.7862425 0.1500661 0.7862425 0.1500661 0.788933 0.1500593 0.7903135 0.1371108 0.7872343 0.1369565 0.7903135 0.1371108 0.7892623 0.1297373 0.7781179 0.1675581 0.7851527 0.1617305 0.7826843 0.1582897 0.7851527 0.1617305 0.788933 0.1500593 0.7826843 0.1582897 0.7781179 0.1675581 0.7849093 0.1734664 0.7855861 0.1710714 0.7851527 0.1617305 0.7781179 0.1675581 0.7855861 0.1710714 0.7849093 0.1734664 0.793915 0.1721128 0.7855861 0.1710714 0.7940714 0.1753627 0.793915 0.1721128 0.7849093 0.1734664 0.7851527 0.1617305 0.7855861 0.1710714 0.7937789 0.1693554 0.793915 0.1721128 0.7937789 0.1693554 0.7855861 0.1710714 0.793915 0.1721128 0.7940714 0.1753627 0.8033366 0.1680049 0.8033366 0.1680049 0.7937789 0.1693554 0.793915 0.1721128 0.7940714 0.1753627 0.8027105 0.1712612 0.8033366 0.1680049 0.8033366 0.1680049 0.8027105 0.1712612 0.8056722 0.1704014 0.7933326 0.1614465 0.7851527 0.1617305 0.7937789 0.1693554 0.7851527 0.1617305 0.7933326 0.1614465 0.788933 0.1500593 0.8033366 0.1680049 0.8078156 0.1627011 0.7937789 0.1693554 0.8078156 0.1627011 0.7933326 0.1614465 0.7937789 0.1693554 0.8073537 0.1682823 0.8033366 0.1680049 0.8056722 0.1704014 0.8073537 0.1682823 0.8078156 0.1627011 0.8033366 0.1680049 0.8073537 0.1682823 0.8056722 0.1704014 0.8081577 0.1766512 0.8052282 0.1776011 0.8081577 0.1766512 0.8056722 0.1704014 0.8081577 0.1766512 0.8052282 0.1776011 0.8101776 0.1899259 0.8101776 0.1899259 0.8125796 0.1886874 0.8081577 0.1766512 0.8125796 0.1886874 0.8101776 0.1899259 0.8107045 0.1988453 0.8052282 0.1776011 0.8049898 0.1903274 0.8101776 0.1899259 0.8101776 0.1899259 0.8049898 0.1903274 0.8107045 0.1988453 0.8049898 0.1903274 0.8034897 0.1963496 0.8107045 0.1988453 0.8107045 0.1988453 0.8034897 0.1963496 0.8024254 0.2011375 0.8110871 0.1757331 0.8073537 0.1682823 0.8081577 0.1766512 0.8125796 0.1886874 0.8110871 0.1757331 0.8081577 0.1766512 0.8078156 0.1627011 0.8073537 0.1682823 0.8136311 0.1672381 0.8073537 0.1682823 0.8110871 0.1757331 0.8136311 0.1672381 0.8078156 0.1627011 0.8050833 0.1518927 0.7933326 0.1614465 0.8050833 0.1518927 0.8078156 0.1627011 0.8136311 0.1672381 0.8198829 0.1596784 0.8050833 0.1518927 0.8136311 0.1672381 0.8136311 0.1672381 0.8110871 0.1757331 0.8212528 0.1796849 0.8110871 0.1757331 0.8125796 0.1886874 0.8212528 0.1796849 0.8198829 0.1596784 0.8136311 0.1672381 0.8212528 0.1796849 0.8050833 0.1518927 0.7954366 0.1546597 0.7933326 0.1614465 0.7933326 0.1614465 0.7954366 0.1546597 0.788933 0.1500593 0.8050833 0.1518927 0.8009544 0.1463909 0.7954366 0.1546597 0.788933 0.1500593 0.7954366 0.1546597 0.8009544 0.1463909 0.8009544 0.1463909 0.8050833 0.1518927 0.8198829 0.1596784 0.8087578 0.1339924 0.8009544 0.1463909 0.8198829 0.1596784 0.7935324 0.1378642 0.788933 0.1500593 0.8009544 0.1463909 0.7935324 0.1378642 0.8009544 0.1463909 0.8087578 0.1339924 0.788933 0.1500593 0.7935324 0.1378642 0.7903135 0.1371108 0.7935324 0.1378642 0.7932961 0.1302122 0.7903135 0.1371108 0.7932961 0.1302122 0.7935324 0.1378642 0.8087578 0.1339924 0.7932961 0.1302122 0.7892623 0.1297373 0.7903135 0.1371108 0.7932961 0.1302122 0.795547 0.1261079 0.7892623 0.1297373 0.7932961 0.1302122 0.8087578 0.1339924 0.8022113 0.1225687 0.795547 0.1261079 0.7932961 0.1302122 0.8022113 0.1225687 0.795547 0.1261079 0.7904859 0.1262154 0.7892623 0.1297373 0.7787147 0.1273293 0.7892623 0.1297373 0.7904859 0.1262154 0.795547 0.1261079 0.7951107 0.118438 0.7904859 0.1262154 0.795547 0.1261079 0.8022113 0.1225687 0.7951107 0.118438 0.7803326 0.124512 0.7787147 0.1273293 0.7904859 0.1262154 0.7904859 0.1262154 0.7951107 0.118438 0.7803326 0.124512 0.7787147 0.1273293 0.7803326 0.124512 0.7720833 0.1206142 0.7700253 0.1216998 0.7787147 0.1273293 0.7720833 0.1206142 0.7700253 0.1216998 0.7720833 0.1206142 0.7672393 0.112896 0.7720833 0.1206142 0.7695894 0.1119533 0.7672393 0.112896 0.7672393 0.112896 0.7695894 0.1119533 0.7667005 0.1070268 0.7720833 0.1206142 0.7803326 0.124512 0.7739449 0.1189622 0.7695894 0.1119533 0.7720833 0.1206142 0.7739449 0.1189622 0.7803326 0.124512 0.7816918 0.122051 0.7739449 0.1189622 0.7951107 0.118438 0.7816918 0.122051 0.7803326 0.124512 0.7786567 0.1108583 0.7739449 0.1189622 0.7816918 0.122051 0.7786567 0.1108583 0.7695894 0.1119533 0.7739449 0.1189622 0.7695894 0.1119533 0.7786567 0.1108583 0.7784343 0.1066012 0.7786567 0.1108583 0.7881174 0.1030534 0.7784343 0.1066012 0.7695894 0.1119533 0.7708778 0.1074073 0.7667005 0.1070268 0.7695894 0.1119533 0.7784343 0.1066012 0.7708778 0.1074073 0.7667005 0.1070268 0.7708778 0.1074073 0.7683048 0.1027677 0.7708778 0.1074073 0.7722349 0.1006563 0.7683048 0.1027677 0.7708778 0.1074073 0.7784343 0.1066012 0.7722349 0.1006563 0.7784343 0.1066012 0.7769063 0.09911334 0.7722349 0.1006563 0.7828922 0.09730833 0.7769063 0.09911334 0.7784343 0.1066012 0.785677 0.1150096 0.7786567 0.1108583 0.7816918 0.122051 0.7951107 0.118438 0.785677 0.1150096 0.7816918 0.122051 0.7786567 0.1108583 0.785677 0.1150096 0.7881174 0.1030534 0.7858472 0.1015934 0.7828922 0.09730833 0.7784343 0.1066012 0.7881174 0.1030534 0.7858472 0.1015934 0.7784343 0.1066012 0.7941198 0.0910179 0.7828922 0.09730833 0.7858472 0.1015934 0.7963023 0.09318411 0.7941198 0.0910179 0.7858472 0.1015934 0.7858472 0.1015934 0.7881174 0.1030534 0.7963023 0.09318411 0.7941198 0.0910179 0.7963023 0.09318411 0.8002732 0.08960759 0.7951107 0.118438 0.8008127 0.1117236 0.785677 0.1150096 0.8022113 0.1225687 0.8008127 0.1117236 0.7951107 0.118438 0.8020678 0.08820867 0.8002732 0.08960759 0.7963023 0.09318411 0.8002732 0.08960759 0.8020678 0.08820867 0.7986734 0.0864188 0.785677 0.1150096 0.7911975 0.1103399 0.7881174 0.1030534 0.8008127 0.1117236 0.7911975 0.1103399 0.785677 0.1150096 0.8022113 0.1225687 0.8095968 0.1164183 0.8008127 0.1117236 0.8087578 0.1339924 0.8095968 0.1164183 0.8022113 0.1225687 0.8008127 0.1117236 0.800345 0.1060218 0.7911975 0.1103399 0.7881174 0.1030534 0.7911975 0.1103399 0.800345 0.1060218 0.800345 0.1060218 0.8008127 0.1117236 0.8095968 0.1164183 0.7881174 0.1030534 0.7985458 0.09529876 0.7963023 0.09318411 0.7985458 0.09529876 0.8020678 0.08820867 0.7963023 0.09318411 0.7985458 0.09529876 0.7881174 0.1030534 0.800345 0.1060218 0.7985458 0.09529876 0.800345 0.1060218 0.807941 0.09406799 0.8020678 0.08820867 0.7985458 0.09529876 0.807941 0.09406799 0.8020678 0.08820867 0.8041823 0.0821225 0.7986734 0.0864188 0.7904232 0.07967537 0.7986734 0.0864188 0.8041823 0.0821225 0.8139796 0.09953778 0.800345 0.1060218 0.8095968 0.1164183 0.800345 0.1060218 0.8139796 0.09953778 0.807941 0.09406799 0.8128343 0.07997465 0.8020678 0.08820867 0.807941 0.09406799 0.8020678 0.08820867 0.8128343 0.07997465 0.8041823 0.0821225 0.8139796 0.09953778 0.8180466 0.0796616 0.807941 0.09406799 0.8180466 0.0796616 0.8128343 0.07997465 0.807941 0.09406799 0.8095968 0.1164183 0.8087578 0.1339924 0.8187418 0.1168116 0.8139796 0.09953778 0.8095968 0.1164183 0.8227508 0.1024531 0.8095968 0.1164183 0.8187418 0.1168116 0.8227508 0.1024531 0.8087578 0.1339924 0.8185785 0.1321246 0.8187418 0.1168116 0.8087578 0.1339924 0.8198829 0.1596784 0.8185785 0.1321246 0.7931855 0.07801592 0.7904232 0.07967537 0.8041823 0.0821225 0.8041823 0.0821225 0.8128343 0.07997465 0.7955864 0.07659828 0.8041823 0.0821225 0.7955864 0.07659828 0.7931855 0.07801592 0.7904232 0.07967537 0.7931855 0.07801592 0.7878077 0.0706849 0.78548 0.0706312 0.7904232 0.07967537 0.7878077 0.0706849 0.78548 0.0706312 0.7878077 0.0706849 0.7873292 0.06159329 0.7878077 0.0706849 0.7931855 0.07801592 0.790251 0.07016503 0.7931855 0.07801592 0.7955864 0.07659828 0.790251 0.07016503 0.7878077 0.0706849 0.7898407 0.06191956 0.7873292 0.06159329 0.7898407 0.06191956 0.7878077 0.0706849 0.790251 0.07016503 0.7873292 0.06159329 0.7898407 0.06191956 0.7897148 0.0562067 0.7982907 0.06542181 0.790251 0.07016503 0.7955864 0.07659828 0.7982907 0.06542181 0.7898407 0.06191956 0.790251 0.07016503 0.7898407 0.06191956 0.7982907 0.06542181 0.8001599 0.0615735 0.7982907 0.06542181 0.8103354 0.06309962 0.8001599 0.0615735 0.7898407 0.06191956 0.7931745 0.05857604 0.7897148 0.0562067 0.7898407 0.06191956 0.8001599 0.0615735 0.7931745 0.05857604 0.7897148 0.0562067 0.7931745 0.05857604 0.7931943 0.05327183 0.7931745 0.05857604 0.7976549 0.05334872 0.7931943 0.05327183 0.7931745 0.05857604 0.8001599 0.0615735 0.7976549 0.05334872 0.8001599 0.0615735 0.8024638 0.05428093 0.7976549 0.05334872 0.8085456 0.05559259 0.8024638 0.05428093 0.8001599 0.0615735 0.8024702 0.07244837 0.7982907 0.06542181 0.7955864 0.07659828 0.7982907 0.06542181 0.8024702 0.07244837 0.8103354 0.06309962 0.8128343 0.07997465 0.8024702 0.07244837 0.7955864 0.07659828 0.809073 0.06075614 0.8085456 0.05559259 0.8001599 0.0615735 0.8103354 0.06309962 0.809073 0.06075614 0.8001599 0.0615735 0.8213065 0.05553227 0.8085456 0.05559259 0.809073 0.06075614 0.8094876 0.07104337 0.8024702 0.07244837 0.8128343 0.07997465 0.8024702 0.07244837 0.8094876 0.07104337 0.8103354 0.06309962 0.8094876 0.07104337 0.8128343 0.07997465 0.8180466 0.0796616 0.8223376 0.05843853 0.8213065 0.05553227 0.809073 0.06075614 0.809073 0.06075614 0.8103354 0.06309962 0.8223376 0.05843853 0.8213065 0.05553227 0.8223376 0.05843853 0.8285606 0.05572068 0.8194256 0.07159471 0.8094876 0.07104337 0.8180466 0.0796616 0.8103354 0.06309962 0.8094876 0.07104337 0.8194256 0.07159471 0.8103354 0.06309962 0.8233228 0.06137192 0.8223376 0.05843853 0.8233228 0.06137192 0.8103354 0.06309962 0.8194256 0.07159471 0.8307347 0.05739039 0.8285606 0.05572068 0.8223376 0.05843853 0.8233228 0.06137192 0.8307347 0.05739039 0.8223376 0.05843853 0.8294077 0.07716357 0.8194256 0.07159471 0.8180466 0.0796616 0.8194256 0.07159471 0.8294077 0.07716357 0.8449943 0.06697666 0.8139796 0.09953778 0.8294077 0.07716357 0.8180466 0.0796616 0.8319645 0.06375986 0.8233228 0.06137192 0.8194256 0.07159471 0.8307347 0.05739039 0.8233228 0.06137192 0.8319645 0.06375986 0.8319645 0.06375986 0.8194256 0.07159471 0.8449943 0.06697666 0.8307347 0.05739039 0.8310771 0.05330955 0.8285606 0.05572068 0.8310771 0.05330955 0.8278132 0.05266481 0.8285606 0.05572068 0.8238938 0.04393088 0.8278132 0.05266481 0.8310771 0.05330955 0.8294077 0.07716357 0.8139796 0.09953778 0.8360295 0.08344686 0.8139796 0.09953778 0.8227508 0.1024531 0.8360295 0.08344686 0.8363881 0.0577622 0.8307347 0.05739039 0.8319645 0.06375986 0.8307347 0.05739039 0.8363881 0.0577622 0.8310771 0.05330955 0.8449943 0.06697666 0.8473144 0.05492484 0.8319645 0.06375986 0.8473144 0.05492484 0.8363881 0.0577622 0.8319645 0.06375986 0.8294077 0.07716357 0.8360295 0.08344686 0.8493059 0.07440572 0.8449943 0.06697666 0.8294077 0.07716357 0.8493059 0.07440572 0.8271527 0.04380971 0.8238938 0.04393088 0.8310771 0.05330955 0.8310771 0.05330955 0.8363881 0.0577622 0.8299224 0.04368394 0.8310771 0.05330955 0.8299224 0.04368394 0.8271527 0.04380971 0.8238938 0.04393088 0.8271527 0.04380971 0.8258572 0.03479403 0.8238304 0.03364616 0.8238938 0.04393088 0.8258572 0.03479403 0.8238304 0.03364616 0.8258572 0.03479403 0.8297176 0.02654683 0.8258572 0.03479403 0.8271527 0.04380971 0.8282509 0.03548002 0.8271527 0.04380971 0.8299224 0.04368394 0.8282509 0.03548002 0.8258572 0.03479403 0.8317783 0.02801752 0.8297176 0.02654683 0.8317783 0.02801752 0.8258572 0.03479403 0.8282509 0.03548002 0.8297176 0.02654683 0.8317783 0.02801752 0.8343661 0.02292788 0.8363881 0.0577622 0.8378704 0.04323923 0.8299224 0.04368394 0.8363881 0.0577622 0.8473144 0.05492484 0.8378704 0.04323923 0.8375981 0.03506046 0.8282509 0.03548002 0.8299224 0.04368394 0.8375981 0.03506046 0.8317783 0.02801752 0.8282509 0.03548002 0.8378704 0.04323923 0.8375981 0.03506046 0.8299224 0.04368394 0.8317783 0.02801752 0.8375981 0.03506046 0.8410487 0.03258728 0.8375981 0.03506046 0.8378704 0.04323923 0.8492863 0.038809 0.8375981 0.03506046 0.8492863 0.038809 0.8410487 0.03258728 0.8317783 0.02801752 0.836297 0.02665042 0.8343661 0.02292788 0.8317783 0.02801752 0.8410487 0.03258728 0.836297 0.02665042 0.8343661 0.02292788 0.836297 0.02665042 0.8388186 0.02198529 0.836297 0.02665042 0.8427153 0.02416044 0.8388186 0.02198529 0.836297 0.02665042 0.8410487 0.03258728 0.8427153 0.02416044 0.8410487 0.03258728 0.8465171 0.02726185 0.8427153 0.02416044 0.8512275 0.03130054 0.8465171 0.02726185 0.8410487 0.03258728 0.8492913 0.03612571 0.8512275 0.03130054 0.8410487 0.03258728 0.8492863 0.038809 0.8492913 0.03612571 0.8410487 0.03258728 0.8624504 0.03707033 0.8512275 0.03130054 0.8492913 0.03612571 0.8622823 0.04015266 0.8624504 0.03707033 0.8492913 0.03612571 0.8492913 0.03612571 0.8492863 0.038809 0.8622823 0.04015266 0.8624504 0.03707033 0.8622823 0.04015266 0.8696313 0.03924232 0.8378704 0.04323923 0.8446694 0.04531872 0.8492863 0.038809 0.8473144 0.05492484 0.8446694 0.04531872 0.8378704 0.04323923 0.8473144 0.05492484 0.852941 0.05078911 0.8446694 0.04531872 0.8492863 0.038809 0.8446694 0.04531872 0.852941 0.05078911 0.852941 0.05078911 0.8473144 0.05492484 0.8449943 0.06697666 0.8647561 0.05959343 0.852941 0.05078911 0.8449943 0.06697666 0.8615117 0.04336345 0.8492863 0.038809 0.852941 0.05078911 0.8492863 0.038809 0.8615117 0.04336345 0.8622823 0.04015266 0.8615117 0.04336345 0.852941 0.05078911 0.8647561 0.05959343 0.8615117 0.04336345 0.8692165 0.04314517 0.8622823 0.04015266 0.8692165 0.04314517 0.8696313 0.03924232 0.8622823 0.04015266 0.8692165 0.04314517 0.8615117 0.04336345 0.8647561 0.05959343 0.8647561 0.05959343 0.8449943 0.06697666 0.8661246 0.06844395 0.8449943 0.06697666 0.8493059 0.07440572 0.8661246 0.06844395 0.8692165 0.04314517 0.8733142 0.04546713 0.8696313 0.03924232 0.8647561 0.05959343 0.8767383 0.05220687 0.8692165 0.04314517 0.8767383 0.05220687 0.8733142 0.04546713 0.8692165 0.04314517 0.8733142 0.04546713 0.8732174 0.04040139 0.8696313 0.03924232 0.8722451 0.02862089 0.8696313 0.03924232 0.8732174 0.04040139 0.8733142 0.04546713 0.8809617 0.04512387 0.8732174 0.04040139 0.8733142 0.04546713 0.8767383 0.05220687 0.8809617 0.04512387 0.8750429 0.03027534 0.8722451 0.02862089 0.8732174 0.04040139 0.8732174 0.04040139 0.8809617 0.04512387 0.8750429 0.03027534 0.8722451 0.02862089 0.8750429 0.03027534 0.8790245 0.02206218 0.8779659 0.01999175 0.8722451 0.02862089 0.8790245 0.02206218 0.8779659 0.01999175 0.8790245 0.02206218 0.8868032 0.01729041 0.8790245 0.02206218 0.8877175 0.01964861 0.8868032 0.01729041 0.8868032 0.01729041 0.8877175 0.01964861 0.8926888 0.01681894 0.8790245 0.02206218 0.8750429 0.03027534 0.8806443 0.02394455 0.8877175 0.01964861 0.8790245 0.02206218 0.8806443 0.02394455 0.8750429 0.03027534 0.8774886 0.03166699 0.8806443 0.02394455 0.8809617 0.04512387 0.8774886 0.03166699 0.8750429 0.03027534 0.8887019 0.02872627 0.8806443 0.02394455 0.8774886 0.03166699 0.8887019 0.02872627 0.8877175 0.01964861 0.8806443 0.02394455 0.8877175 0.01964861 0.8887019 0.02872627 0.8929589 0.0285539 0.8887019 0.02872627 0.896395 0.03827553 0.8929589 0.0285539 0.8877175 0.01964861 0.892257 0.02098876 0.8926888 0.01681894 0.8877175 0.01964861 0.8929589 0.0285539 0.892257 0.02098876 0.8926888 0.01681894 0.892257 0.02098876 0.8969307 0.01848053 0.892257 0.02098876 0.8989914 0.02244102 0.8969307 0.01848053 0.892257 0.02098876 0.8929589 0.0285539 0.8989914 0.02244102 0.8929589 0.0285539 0.9004665 0.02712625 0.8989914 0.02244102 0.9021957 0.03311765 0.9004665 0.02712625 0.8929589 0.0285539 0.8844817 0.03571671 0.8887019 0.02872627 0.8774886 0.03166699 0.8809617 0.04512387 0.8844817 0.03571671 0.8774886 0.03166699 0.8887019 0.02872627 0.8844817 0.03571671 0.896395 0.03827553 0.8978787 0.03602337 0.9021957 0.03311765 0.8929589 0.0285539 0.896395 0.03827553 0.8978787 0.03602337 0.8929589 0.0285539 0.9083648 0.04439872 0.9021957 0.03311765 0.8978787 0.03602337 0.9061761 0.04655849 0.9083648 0.04439872 0.8978787 0.03602337 0.8978787 0.03602337 0.896395 0.03827553 0.9061761 0.04655849 0.9083648 0.04439872 0.9061761 0.04655849 0.9097092 0.05055367 0.8809617 0.04512387 0.8875604 0.05091524 0.8844817 0.03571671 0.8767383 0.05220687 0.8875604 0.05091524 0.8809617 0.04512387 0.9110789 0.0523594 0.9097092 0.05055367 0.9061761 0.04655849 0.9097092 0.05055367 0.9110789 0.0523594 0.912916 0.04892194 0.8844817 0.03571671 0.8890715 0.04128319 0.896395 0.03827553 0.8875604 0.05091524 0.8890715 0.04128319 0.8844817 0.03571671 0.8767383 0.05220687 0.8829751 0.05975234 0.8875604 0.05091524 0.8647561 0.05959343 0.8829751 0.05975234 0.8767383 0.05220687 0.8875604 0.05091524 0.8932667 0.05045604 0.8890715 0.04128319 0.896395 0.03827553 0.8890715 0.04128319 0.8932667 0.05045604 0.8932667 0.05045604 0.8875604 0.05091524 0.8829751 0.05975234 0.896395 0.03827553 0.9040423 0.04878216 0.9061761 0.04655849 0.9040423 0.04878216 0.9110789 0.0523594 0.9061761 0.04655849 0.9040423 0.04878216 0.896395 0.03827553 0.8932667 0.05045604 0.9040423 0.04878216 0.8932667 0.05045604 0.9051437 0.0581867 0.9110789 0.0523594 0.9040423 0.04878216 0.9051437 0.0581867 0.9110789 0.0523594 0.9171894 0.05443817 0.912916 0.04892194 0.9197571 0.04069423 0.912916 0.04892194 0.9171894 0.05443817 0.8829751 0.05975234 0.8647561 0.05959343 0.8818271 0.06847125 0.8647561 0.05959343 0.8661246 0.06844395 0.8818271 0.06847125 0.8997836 0.06420528 0.8932667 0.05045604 0.8829751 0.05975234 0.8932667 0.05045604 0.8997836 0.06420528 0.9051437 0.0581867 0.9192681 0.06307429 0.9110789 0.0523594 0.9051437 0.0581867 0.9110789 0.0523594 0.9192681 0.06307429 0.9171894 0.05443817 0.8829751 0.05975234 0.8818271 0.06847125 0.8961911 0.07223105 0.8997836 0.06420528 0.8829751 0.05975234 0.8961911 0.07223105 0.9195159 0.06825894 0.9192681 0.06307429 0.9051437 0.0581867 0.8997836 0.06420528 0.9195159 0.06825894 0.9051437 0.0581867 0.9213939 0.04346436 0.9197571 0.04069423 0.9171894 0.05443817 0.9171894 0.05443817 0.9192681 0.06307429 0.9227922 0.045861 0.9171894 0.05443817 0.9227922 0.045861 0.9213939 0.04346436 0.9197571 0.04069423 0.9213939 0.04346436 0.9288011 0.03816688 0.9288731 0.03584152 0.9197571 0.04069423 0.9288011 0.03816688 0.9288731 0.03584152 0.9288011 0.03816688 0.9379046 0.0377584 0.9288011 0.03816688 0.9213939 0.04346436 0.929306 0.04060393 0.9213939 0.04346436 0.9227922 0.045861 0.929306 0.04060393 0.9288011 0.03816688 0.9375582 0.04026514 0.9379046 0.0377584 0.9375582 0.04026514 0.9288011 0.03816688 0.929306 0.04060393 0.9379046 0.0377584 0.9375582 0.04026514 0.943274 0.04019868 0.9340053 0.04868674 0.929306 0.04060393 0.9227922 0.045861 0.9340053 0.04868674 0.9375582 0.04026514 0.929306 0.04060393 0.9375582 0.04026514 0.9340053 0.04868674 0.9378078 0.05058681 0.9340053 0.04868674 0.9361072 0.06075274 0.9378078 0.05058681 0.9375582 0.04026514 0.9408708 0.04363393 0.943274 0.04019868 0.9375582 0.04026514 0.9378078 0.05058681 0.9408708 0.04363393 0.943274 0.04019868 0.9408708 0.04363393 0.9461749 0.04370975 0.9408708 0.04363393 0.9460518 0.04817068 0.9461749 0.04370975 0.9408708 0.04363393 0.9378078 0.05058681 0.9460518 0.04817068 0.9378078 0.05058681 0.9450626 0.05297327 0.9460518 0.04817068 0.9436622 0.05902272 0.9450626 0.05297327 0.9378078 0.05058681 0.9268878 0.05274164 0.9340053 0.04868674 0.9227922 0.045861 0.9340053 0.04868674 0.9268878 0.05274164 0.9361072 0.06075274 0.9192681 0.06307429 0.9268878 0.05274164 0.9227922 0.045861 0.9384844 0.05950111 0.9436622 0.05902272 0.9378078 0.05058681 0.9361072 0.06075274 0.9384844 0.05950111 0.9378078 0.05058681 0.9436176 0.07175385 0.9436622 0.05902272 0.9384844 0.05950111 0.9281879 0.05976885 0.9268878 0.05274164 0.9192681 0.06307429 0.9268878 0.05274164 0.9281879 0.05976885 0.9361072 0.06075274 0.9281879 0.05976885 0.9192681 0.06307429 0.9195159 0.06825894 0.9407058 0.07276189 0.9436176 0.07175385 0.9384844 0.05950111 0.9384844 0.05950111 0.9361072 0.06075274 0.9407058 0.07276189 0.9436176 0.07175385 0.9407058 0.07276189 0.943382 0.07897382 0.9275522 0.0696876 0.9281879 0.05976885 0.9195159 0.06825894 0.9361072 0.06075274 0.9281879 0.05976885 0.9275522 0.0696876 0.9361072 0.06075274 0.9377692 0.07372218 0.9407058 0.07276189 0.9377692 0.07372218 0.9361072 0.06075274 0.9275522 0.0696876 0.9417188 0.08113998 0.943382 0.07897382 0.9407058 0.07276189 0.9377692 0.07372218 0.9417188 0.08113998 0.9407058 0.07276189 0.918592 0.07582664 0.9275522 0.0696876 0.9195159 0.06825894 0.9275522 0.0696876 0.918592 0.07582664 0.9324494 0.09533935 0.8997836 0.06420528 0.918592 0.07582664 0.9195159 0.06825894 0.9353399 0.08229857 0.9377692 0.07372218 0.9275522 0.0696876 0.9417188 0.08113998 0.9377692 0.07372218 0.9353399 0.08229857 0.9353399 0.08229857 0.9275522 0.0696876 0.9324494 0.09533935 0.9417188 0.08113998 0.945802 0.08141142 0.943382 0.07897382 0.945802 0.08141142 0.9464233 0.07814699 0.943382 0.07897382 0.955159 0.07416075 0.9464233 0.07814699 0.945802 0.08141142 0.918592 0.07582664 0.8997836 0.06420528 0.9122119 0.08246487 0.8997836 0.06420528 0.8961911 0.07223105 0.9122119 0.08246487 0.9413774 0.08677798 0.9417188 0.08113998 0.9353399 0.08229857 0.9417188 0.08113998 0.9413774 0.08677798 0.945802 0.08141142 0.9324494 0.09533935 0.944335 0.09769189 0.9353399 0.08229857 0.944335 0.09769189 0.9413774 0.08677798 0.9353399 0.08229857 0.918592 0.07582664 0.9122119 0.08246487 0.9243581 0.09891366 0.9324494 0.09533935 0.918592 0.07582664 0.9243581 0.09891366 0.9552899 0.07740885 0.955159 0.07416075 0.945802 0.08141142 0.945802 0.08141142 0.9413774 0.08677798 0.95542 0.08018189 0.945802 0.08141142 0.95542 0.08018189 0.9552899 0.07740885 0.955159 0.07416075 0.9552899 0.07740885 0.9643204 0.07615625 0.9654625 0.07412219 0.955159 0.07416075 0.9643204 0.07615625 0.9654625 0.07412219 0.9643204 0.07615625 0.97259 0.07997363 0.9643204 0.07615625 0.9552899 0.07740885 0.9636352 0.07854133 0.9552899 0.07740885 0.95542 0.08018189 0.9636352 0.07854133 0.9643204 0.07615625 0.971127 0.08203804 0.97259 0.07997363 0.971127 0.08203804 0.9643204 0.07615625 0.9636352 0.07854133 0.97259 0.07997363 0.971127 0.08203804 0.9762271 0.08461111 0.9413774 0.08677798 0.9559012 0.08812916 0.95542 0.08018189 0.9413774 0.08677798 0.944335 0.09769189 0.9559012 0.08812916 0.9640918 0.08786737 0.9636352 0.07854133 0.95542 0.08018189 0.9640918 0.08786737 0.971127 0.08203804 0.9636352 0.07854133 0.9559012 0.08812916 0.9640918 0.08786737 0.95542 0.08018189 0.971127 0.08203804 0.9640918 0.08786737 0.9665823 0.09131199 0.9640918 0.08786737 0.9559012 0.08812916 0.960392 0.09956455 0.9640918 0.08786737 0.960392 0.09956455 0.9665823 0.09131199 0.971127 0.08203804 0.9725096 0.08655136 0.9762271 0.08461111 0.971127 0.08203804 0.9665823 0.09131199 0.9725096 0.08655136 0.9762271 0.08461111 0.9725096 0.08655136 0.9771814 0.08906233 0.9725096 0.08655136 0.9750154 0.09296327 0.9771814 0.08906233 0.9725096 0.08655136 0.9665823 0.09131199 0.9750154 0.09296327 0.9665823 0.09131199 0.9719257 0.09676516 0.9750154 0.09296327 0.9679074 0.1014748 0.9719257 0.09676516 0.9665823 0.09131199 0.9630737 0.0995596 0.9679074 0.1014748 0.9665823 0.09131199 0.960392 0.09956455 0.9630737 0.0995596 0.9665823 0.09131199 0.9622009 0.1127067 0.9679074 0.1014748 0.9630737 0.0995596 0.959121 0.1125634 0.9622009 0.1127067 0.9630737 0.0995596 0.9630737 0.0995596 0.960392 0.09956455 0.959121 0.1125634 0.9622009 0.1127067 0.959121 0.1125634 0.9601252 0.1198889 0.9559012 0.08812916 0.9538818 0.09497201 0.960392 0.09956455 0.944335 0.09769189 0.9538818 0.09497201 0.9559012 0.08812916 0.944335 0.09769189 0.9484246 0.103329 0.9538818 0.09497201 0.960392 0.09956455 0.9538818 0.09497201 0.9484246 0.103329 0.9484246 0.103329 0.944335 0.09769189 0.9324494 0.09533935 0.9408069 0.1159641 0.9484246 0.103329 0.9324494 0.09533935 0.9559004 0.1118189 0.960392 0.09956455 0.9484246 0.103329 0.960392 0.09956455 0.9559004 0.1118189 0.959121 0.1125634 0.9559004 0.1118189 0.9484246 0.103329 0.9408069 0.1159641 0.9559004 0.1118189 0.9562135 0.1195179 0.959121 0.1125634 0.9562135 0.1195179 0.9601252 0.1198889 0.959121 0.1125634 0.9562135 0.1195179 0.9559004 0.1118189 0.9408069 0.1159641 0.9408069 0.1159641 0.9324494 0.09533935 0.9308674 0.1166408 0.9324494 0.09533935 0.9243581 0.09891366 0.9308674 0.1166408 0.9562135 0.1195179 0.9540031 0.1236869 0.9601252 0.1198889 0.9562135 0.1195179 0.9408069 0.1159641 0.9473753 0.1272313 0.9540031 0.1236869 0.9562135 0.1195179 0.9473753 0.1272313 0.9540031 0.1236869 0.9590533 0.1235037 0.9601252 0.1198889 0.9707885 0.1222739 0.9601252 0.1198889 0.9590533 0.1235037 0.9540031 0.1236869 0.954519 0.1313827 0.9590533 0.1235037 0.9540031 0.1236869 0.9473753 0.1272313 0.954519 0.1313827 0.9692047 0.1251207 0.9707885 0.1222739 0.9590533 0.1235037 0.9590533 0.1235037 0.954519 0.1313827 0.9692047 0.1251207 0.9707885 0.1222739 0.9692047 0.1251207 0.9775021 0.128875 0.9795456 0.1277507 0.9707885 0.1222739 0.9775021 0.128875 0.9795456 0.1277507 0.9775021 0.128875 0.9824538 0.1364784 0.9775021 0.128875 0.9801161 0.1374752 0.9824538 0.1364784 0.9824538 0.1364784 0.9801161 0.1374752 0.9831269 0.1422832 0.9775021 0.128875 0.9692047 0.1251207 0.9756641 0.1305702 0.9801161 0.1374752 0.9775021 0.128875 0.9756641 0.1305702 0.9692047 0.1251207 0.9678784 0.1276223 0.9756641 0.1305702 0.954519 0.1313827 0.9678784 0.1276223 0.9692047 0.1251207 0.9710803 0.1387574 0.9756641 0.1305702 0.9678784 0.1276223 0.9710803 0.1387574 0.9801161 0.1374752 0.9756641 0.1305702 0.9801161 0.1374752 0.9710803 0.1387574 0.9713972 0.1430832 0.9710803 0.1387574 0.961848 0.1468734 0.9713972 0.1430832 0.9801161 0.1374752 0.9789243 0.1420112 0.9831269 0.1422832 0.9801161 0.1374752 0.9713972 0.1430832 0.9789243 0.1420112 0.9831269 0.1422832 0.9789243 0.1420112 0.9816754 0.1465667 0.9789243 0.1420112 0.9778407 0.1487924 0.9816754 0.1465667 0.9789243 0.1420112 0.9713972 0.1430832 0.9778407 0.1487924 0.9713972 0.1430832 0.9732108 0.1505316 0.9778407 0.1487924 0.9671939 0.1525162 0.9732108 0.1505316 0.9713972 0.1430832 0.9639795 0.1347514 0.9710803 0.1387574 0.9678784 0.1276223 0.954519 0.1313827 0.9639795 0.1347514 0.9678784 0.1276223 0.9710803 0.1387574 0.9639795 0.1347514 0.961848 0.1468734 0.9641314 0.1483013 0.9671939 0.1525162 0.9713972 0.1430832 0.961848 0.1468734 0.9641314 0.1483013 0.9713972 0.1430832 0.9560709 0.1590574 0.9671939 0.1525162 0.9641314 0.1483013 0.9538145 0.1569592 0.9560709 0.1590574 0.9641314 0.1483013 0.9641314 0.1483013 0.961848 0.1468734 0.9538145 0.1569592 0.9560709 0.1590574 0.9538145 0.1569592 0.9499614 0.1607697 0.954519 0.1313827 0.9489417 0.1381522 0.9639795 0.1347514 0.9473753 0.1272313 0.9489417 0.1381522 0.954519 0.1313827 0.948103 0.162162 0.9499614 0.1607697 0.9538145 0.1569592 0.9499614 0.1607697 0.948103 0.162162 0.9515681 0.1641948 0.9639795 0.1347514 0.9586046 0.1396009 0.961848 0.1468734 0.9489417 0.1381522 0.9586046 0.1396009 0.9639795 0.1347514 0.9473753 0.1272313 0.9401753 0.133605 0.9489417 0.1381522 0.9401753 0.133605 0.9473753 0.1272313 0.9408069 0.1159641 0.9489417 0.1381522 0.9495864 0.1440147 0.9586046 0.1396009 0.961848 0.1468734 0.9586046 0.1396009 0.9495864 0.1440147 0.9495864 0.1440147 0.9489417 0.1381522 0.9401753 0.133605 0.961848 0.1468734 0.9515064 0.1548693 0.9538145 0.1569592 0.9515064 0.1548693 0.948103 0.162162 0.9538145 0.1569592 0.9515064 0.1548693 0.961848 0.1468734 0.9495864 0.1440147 0.9515064 0.1548693 0.9495864 0.1440147 0.9421215 0.1561843 0.948103 0.162162 0.9515064 0.1548693 0.9421215 0.1561843 0.948103 0.162162 0.9459751 0.1684158 0.9515681 0.1641948 0.9596119 0.1713472 0.9515681 0.1641948 0.9459751 0.1684158 0.9401753 0.133605 0.9408069 0.1159641 0.9307802 0.1319359 0.9408069 0.1159641 0.9308674 0.1166408 0.9307802 0.1319359 0.9361849 0.1506619 0.9495864 0.1440147 0.9401753 0.133605 0.9495864 0.1440147 0.9361849 0.1506619 0.9421215 0.1561843 0.9373622 0.1705585 0.948103 0.162162 0.9421215 0.1561843 0.948103 0.162162 0.9373622 0.1705585 0.9459751 0.1684158 0.9401753 0.133605 0.9307802 0.1319359 0.927182 0.1462578 0.9361849 0.1506619 0.9401753 0.133605 0.927182 0.1462578 0.9323647 0.1711129 0.9373622 0.1705585 0.9421215 0.1561843 0.9361849 0.1506619 0.9323647 0.1711129 0.9421215 0.1561843 0.9568048 0.1729491 0.9596119 0.1713472 0.9459751 0.1684158 0.9459751 0.1684158 0.9373622 0.1705585 0.9543853 0.1743466 0.9459751 0.1684158 0.9543853 0.1743466 0.9568048 0.1729491 0.9596119 0.1713472 0.9568048 0.1729491 0.9620066 0.180428 0.9643347 0.1805201 0.9596119 0.1713472 0.9620066 0.180428 0.9643347 0.1805201 0.9620066 0.180428 0.9623566 0.189527 0.9620066 0.180428 0.9568048 0.1729491 0.9595652 0.1809175 0.9568048 0.1729491 0.9543853 0.1743466 0.9595652 0.1809175 0.9620066 0.180428 0.9598475 0.189172 0.9623566 0.189527 0.9598475 0.189172 0.9620066 0.180428 0.9595652 0.1809175 0.9623566 0.189527 0.9598475 0.189172 0.9599099 0.1948825 0.9514403 0.1855933 0.9595652 0.1809175 0.9543853 0.1743466 0.9514403 0.1855933 0.9598475 0.189172 0.9595652 0.1809175 0.9598475 0.189172 0.9514403 0.1855933 0.949512 0.189413 0.9514403 0.1855933 0.9393537 0.1877797 0.949512 0.189413 0.9598475 0.189172 0.9564748 0.1924763 0.9599099 0.1948825 0.9598475 0.189172 0.949512 0.189413 0.9564748 0.1924763 0.9599099 0.1948825 0.9564748 0.1924763 0.9564021 0.1977803 0.9564748 0.1924763 0.9519436 0.1976594 0.9564021 0.1977803 0.9564748 0.1924763 0.949512 0.189413 0.9519436 0.1976594 0.949512 0.189413 0.9471455 0.1966847 0.9519436 0.1976594 0.9410818 0.1953364 0.9471455 0.1966847 0.949512 0.189413 0.9474504 0.1784403 0.9514403 0.1855933 0.9543853 0.1743466 0.9514403 0.1855933 0.9474504 0.1784403 0.9393537 0.1877797 0.9373622 0.1705585 0.9474504 0.1784403 0.9543853 0.1743466 0.9405589 0.1901574 0.9410818 0.1953364 0.949512 0.189413 0.9393537 0.1877797 0.9405589 0.1901574 0.949512 0.189413 0.9283037 0.1955316 0.9410818 0.1953364 0.9405589 0.1901574 0.9404266 0.1797764 0.9474504 0.1784403 0.9373622 0.1705585 0.9474504 0.1784403 0.9404266 0.1797764 0.9393537 0.1877797 0.9393537 0.1877797 0.9404266 0.1797764 0.9304462 0.1796515 0.9404266 0.1797764 0.9373622 0.1705585 0.9323647 0.1711129 0.9304462 0.1796515 0.9404266 0.1797764 0.9323647 0.1711129 0.9272609 0.1926336 0.9283037 0.1955316 0.9405589 0.1901574 0.9405589 0.1901574 0.9393537 0.1877797 0.9272609 0.1926336 0.9283037 0.1955316 0.9272609 0.1926336 0.920965 0.1953896 0.9393537 0.1877797 0.926275 0.1897134 0.9272609 0.1926336 0.926275 0.1897134 0.9393537 0.1877797 0.9304462 0.1796515 0.9187608 0.1936677 0.920965 0.1953896 0.9272609 0.1926336 0.926275 0.1897134 0.9187608 0.1936677 0.9272609 0.1926336 0.9304462 0.1796515 0.9323647 0.1711129 0.9256442 0.1697093 0.9361849 0.1506619 0.9256442 0.1697093 0.9323647 0.1711129 0.9187608 0.1936677 0.9182377 0.1977747 0.920965 0.1953896 0.9182377 0.1977747 0.9214916 0.1985332 0.920965 0.1953896 0.9250515 0.207419 0.9214916 0.1985332 0.9182377 0.1977747 0.9187608 0.1936677 0.926275 0.1897134 0.9174781 0.1872469 0.9174781 0.1872469 0.926275 0.1897134 0.9304462 0.1796515 0.9174781 0.1872469 0.9304462 0.1796515 0.9043939 0.1839905 0.9130075 0.1931969 0.9187608 0.1936677 0.9174781 0.1872469 0.9187608 0.1936677 0.9130075 0.1931969 0.9182377 0.1977747 0.9164865 0.1780434 0.9304462 0.1796515 0.9256442 0.1697093 0.9304462 0.1796515 0.9164865 0.1780434 0.9043939 0.1839905 0.9256442 0.1697093 0.9361849 0.1506619 0.9178939 0.1623404 0.9361849 0.1506619 0.927182 0.1462578 0.9178939 0.1623404 0.9164865 0.1780434 0.9256442 0.1697093 0.910075 0.1697567 0.9256442 0.1697093 0.9178939 0.1623404 0.910075 0.1697567 0.9018808 0.1958493 0.9130075 0.1931969 0.9174781 0.1872469 0.9043939 0.1839905 0.9018808 0.1958493 0.9174781 0.1872469 0.9164865 0.1780434 0.910075 0.1697567 0.8999119 0.175096 0.9043939 0.1839905 0.9164865 0.1780434 0.8999119 0.175096 0.9217863 0.2074283 0.9250515 0.207419 0.9182377 0.1977747 0.9182377 0.1977747 0.9130075 0.1931969 0.9190085 0.2074686 0.9182377 0.1977747 0.9190085 0.2074686 0.9217863 0.2074283 0.9250515 0.207419 0.9217863 0.2074283 0.922807 0.2164819 0.9248004 0.2176908 0.9250515 0.207419 0.922807 0.2164819 0.9248004 0.2176908 0.922807 0.2164819 0.9187231 0.2246211 0.922807 0.2164819 0.9217863 0.2074283 0.920435 0.2157247 0.9217863 0.2074283 0.9190085 0.2074686 0.920435 0.2157247 0.922807 0.2164819 0.9167037 0.223094 0.9187231 0.2246211 0.9167037 0.223094 0.922807 0.2164819 0.920435 0.2157247 0.9187231 0.2246211 0.9167037 0.223094 0.9139831 0.2281154 0.9130075 0.1931969 0.9110355 0.2076945 0.9190085 0.2074686 0.9130075 0.1931969 0.9018808 0.1958493 0.9110355 0.2076945 0.9110804 0.2158882 0.920435 0.2157247 0.9190085 0.2074686 0.9110804 0.2158882 0.9167037 0.223094 0.920435 0.2157247 0.9110355 0.2076945 0.9110804 0.2158882 0.9190085 0.2074686 0.9167037 0.223094 0.9110804 0.2158882 0.907562 0.21828 0.9110804 0.2158882 0.9110355 0.2076945 0.8994761 0.2118694 0.9110804 0.2158882 0.8994761 0.2118694 0.907562 0.21828 0.9167037 0.223094 0.9121523 0.2243428 0.9139831 0.2281154 0.9167037 0.223094 0.907562 0.21828 0.9121523 0.2243428 0.9139831 0.2281154 0.9121523 0.2243428 0.9095082 0.2289406 0.9121523 0.2243428 0.9056726 0.2266644 0.9095082 0.2289406 0.9121523 0.2243428 0.907562 0.21828 0.9056726 0.2266644 0.907562 0.21828 0.9019616 0.2234717 0.9056726 0.2266644 0.8973632 0.2193326 0.9019616 0.2234717 0.907562 0.21828 0.8994055 0.2145497 0.8973632 0.2193326 0.907562 0.21828 0.8994761 0.2118694 0.8994055 0.2145497 0.907562 0.21828 0.8862677 0.2133526 0.8973632 0.2193326 0.8994055 0.2145497 0.8864911 0.2102764 0.8862677 0.2133526 0.8994055 0.2145497 0.8994055 0.2145497 0.8994761 0.2118694 0.8864911 0.2102764 0.8862677 0.2133526 0.8864911 0.2102764 0.879127 0.2110795 0.9110355 0.2076945 0.9042482 0.2054744 0.8994761 0.2118694 0.9018808 0.1958493 0.9042482 0.2054744 0.9110355 0.2076945 0.9018808 0.1958493 0.8960471 0.199814 0.9042482 0.2054744 0.8994761 0.2118694 0.9042482 0.2054744 0.8960471 0.199814 0.8960471 0.199814 0.9018808 0.1958493 0.9043939 0.1839905 0.8843837 0.1908869 0.8960471 0.199814 0.9043939 0.1839905 0.8873236 0.2070795 0.8994761 0.2118694 0.8960471 0.199814 0.8994761 0.2118694 0.8873236 0.2070795 0.8864911 0.2102764 0.8873236 0.2070795 0.8960471 0.199814 0.8843837 0.1908869 0.8873236 0.2070795 0.8795893 0.2071835 0.8864911 0.2102764 0.8795893 0.2071835 0.879127 0.2110795 0.8864911 0.2102764 0.8795893 0.2071835 0.8873236 0.2070795 0.8843837 0.1908869 0.8843837 0.1908869 0.9043939 0.1839905 0.882992 0.1805408 0.9043939 0.1839905 0.8999119 0.175096 0.882992 0.1805408 0.8795893 0.2071835 0.8755028 0.204817 0.879127 0.2110795 0.8843837 0.1908869 0.8721497 0.1980504 0.8795893 0.2071835 0.8721497 0.1980504 0.8755028 0.204817 0.8795893 0.2071835 0.8755028 0.204817 0.8755493 0.2098877 0.879127 0.2110795 0.8764148 0.2216772 0.879127 0.2110795 0.8755493 0.2098877 0.8755028 0.204817 0.8678379 0.205103 0.8755493 0.2098877 0.8755028 0.204817 0.8721497 0.1980504 0.8678379 0.205103 0.873631 0.2199991 0.8764148 0.2216772 0.8755493 0.2098877 0.8755493 0.2098877 0.8678379 0.205103 0.873631 0.2199991 0.8764148 0.2216772 0.873631 0.2199991 0.8695691 0.2281712 0.8706136 0.2302503 0.8764148 0.2216772 0.8695691 0.2281712 0.8706136 0.2302503 0.8695691 0.2281712 0.8617585 0.2328701 0.8695691 0.2281712 0.8608606 0.230503 0.8617585 0.2328701 0.8617585 0.2328701 0.8608606 0.230503 0.8558774 0.2333003 0.8695691 0.2281712 0.873631 0.2199991 0.8679547 0.2262784 0.8608606 0.230503 0.8695691 0.2281712 0.8679547 0.2262784 0.873631 0.2199991 0.8711944 0.2185924 0.8679547 0.2262784 0.8678379 0.205103 0.8711944 0.2185924 0.873631 0.2199991 0.859941 0.2214143 0.8679547 0.2262784 0.8711944 0.2185924 0.859941 0.2214143 0.8608606 0.230503 0.8679547 0.2262784 0.8608606 0.230503 0.859941 0.2214143 0.8556781 0.2215597 0.859941 0.2214143 0.8522816 0.2118298 0.8556781 0.2215597 0.8608606 0.230503 0.8563359 0.2291324 0.8558774 0.2333003 0.8608606 0.230503 0.8556781 0.2215597 0.8563359 0.2291324 0.8558774 0.2333003 0.8563359 0.2291324 0.8516483 0.2316139 0.8563359 0.2291324 0.8496115 0.227642 0.8516483 0.2316139 0.8563359 0.2291324 0.8556781 0.2215597 0.8496115 0.227642 0.8556781 0.2215597 0.8481617 0.2229516 0.8496115 0.227642 0.8464506 0.2169544 0.8481617 0.2229516 0.8556781 0.2215597 0.8642302 0.2144755 0.859941 0.2214143 0.8711944 0.2185924 0.8678379 0.205103 0.8642302 0.2144755 0.8711944 0.2185924 0.859941 0.2214143 0.8642302 0.2144755 0.8522816 0.2118298 0.8507786 0.2140616 0.8464506 0.2169544 0.8556781 0.2215597 0.8522816 0.2118298 0.8507786 0.2140616 0.8556781 0.2215597 0.8402791 0.2056617 0.8464506 0.2169544 0.8507786 0.2140616 0.8424668 0.2035022 0.8402791 0.2056617 0.8507786 0.2140616 0.8507786 0.2140616 0.8522816 0.2118298 0.8424668 0.2035022 0.8402791 0.2056617 0.8424668 0.2035022 0.8388996 0.1994829 0.8678379 0.205103 0.8612318 0.1992995 0.8642302 0.2144755 0.8721497 0.1980504 0.8612318 0.1992995 0.8678379 0.205103 0.8375337 0.1976306 0.8388996 0.1994829 0.8424668 0.2035022 0.8388996 0.1994829 0.8375337 0.1976306 0.8356063 0.2010068 0.8642302 0.2144755 0.8596516 0.2088833 0.8522816 0.2118298 0.8612318 0.1992995 0.8596516 0.2088833 0.8642302 0.2144755 0.8721497 0.1980504 0.8660517 0.1906403 0.8612318 0.1992995 0.8843837 0.1908869 0.8660517 0.1906403 0.8721497 0.1980504 0.8612318 0.1992995 0.8554359 0.1997106 0.8596516 0.2088833 0.8522816 0.2118298 0.8596516 0.2088833 0.8554359 0.1997106 0.8554359 0.1997106 0.8612318 0.1992995 0.8660517 0.1906403 0.8522816 0.2118298 0.8446169 0.2012955 0.8424668 0.2035022 0.8446169 0.2012955 0.8375337 0.1976306 0.8424668 0.2035022 0.8446169 0.2012955 0.8522816 0.2118298 0.8554359 0.1997106 0.8446169 0.2012955 0.8554359 0.1997106 0.8435643 0.1919038 0.8375337 0.1976306 0.8446169 0.2012955 0.8435643 0.1919038 0.8375337 0.1976306 0.8314521 0.1953804 0.8356063 0.2010068 0.8285694 0.2090452 0.8356063 0.2010068 0.8314521 0.1953804 0.8660517 0.1906403 0.8843837 0.1908869 0.8672435 0.1804428 0.8843837 0.1908869 0.882992 0.1805408 0.8672435 0.1804428 0.8491614 0.1861109 0.8554359 0.1997106 0.8660517 0.1906403 0.8554359 0.1997106 0.8491614 0.1861109 0.8435643 0.1919038 0.8295112 0.1866915 0.8375337 0.1976306 0.8435643 0.1919038 0.8375337 0.1976306 0.8295112 0.1866915 0.8314521 0.1953804 0.8660517 0.1906403 0.8672435 0.1804428 0.8528843 0.1766528 0.8491614 0.1861109 0.8660517 0.1906403 0.8528843 0.1766528 0.8291326 0.1814844 0.8295112 0.1866915 0.8435643 0.1919038 0.8491614 0.1861109 0.8291326 0.1814844 0.8435643 0.1919038 0.8269854 0.2062345 0.8285694 0.2090452 0.8314521 0.1953804 0.8314521 0.1953804 0.8295112 0.1866915 0.825623 0.203796 0.8314521 0.1953804 0.825623 0.203796 0.8269854 0.2062345 0.8285694 0.2090452 0.8269854 0.2062345 0.8195062 0.2114102 0.8193936 0.2137382 0.8285694 0.2090452 0.8195062 0.2114102 0.8193936 0.2137382 0.8195062 0.2114102 0.8104048 0.2116717 0.8195062 0.2114102 0.8269854 0.2062345 0.8190456 0.2089567 0.8269854 0.2062345 0.825623 0.203796 0.8190456 0.2089567 0.8195062 0.2114102 0.8107925 0.2091693 0.8104048 0.2116717 0.8107925 0.2091693 0.8195062 0.2114102 0.8190456 0.2089567 0.8104048 0.2116717 0.8107925 0.2091693 0.8050792 0.2091507 0.8144744 0.2007958 0.8190456 0.2089567 0.825623 0.203796 0.8144744 0.2007958 0.8107925 0.2091693 0.8190456 0.2089567 0.8295112 0.1866915 0.82163 0.1968172 0.825623 0.203796 0.82163 0.1968172 0.8144744 0.2007958 0.825623 0.203796 0.8107925 0.2091693 0.8075345 0.2057523 0.8050792 0.2091507 0.8050792 0.2091507 0.8075345 0.2057523 0.8022339 0.2055966 0.8075345 0.2057523 0.8024254 0.2011375 0.8022339 0.2055966 0.8075345 0.2057523 0.8107045 0.1988453 0.8024254 0.2011375 0.8107925 0.2091693 0.8107045 0.1988453 0.8075345 0.2057523 0.8107925 0.2091693 0.8144744 0.2007958 0.8107045 0.1988453 0.8144744 0.2007958 0.8125796 0.1886874 0.8107045 0.1988453 0.8144744 0.2007958 0.82163 0.1968172 0.8125796 0.1886874 0.8204651 0.1897258 0.82163 0.1968172 0.8295112 0.1866915 0.82163 0.1968172 0.8204651 0.1897258 0.8125796 0.1886874 0.8204651 0.1897258 0.8295112 0.1866915 0.8291326 0.1814844 0.8125796 0.1886874 0.8204651 0.1897258 0.8212528 0.1796849 0.8212528 0.1796849 0.8204651 0.1897258 0.8291326 0.1814844 0.8212528 0.1796849 0.8291326 0.1814844 0.8304362 0.1745611 0.8198829 0.1596784 0.8212528 0.1796849 0.8304362 0.1745611 0.8491614 0.1861109 0.8304362 0.1745611 0.8291326 0.1814844 0.8198829 0.1596784 0.8304362 0.1745611 0.8272634 0.1540272 0.8198829 0.1596784 0.8272634 0.1540272 0.8185785 0.1321246 0.8304362 0.1745611 0.8491614 0.1861109 0.8369389 0.1665388 0.8304362 0.1745611 0.8369389 0.1665388 0.8272634 0.1540272 0.8272634 0.1540272 0.8369389 0.1665388 0.8369022 0.1482495 0.8491614 0.1861109 0.8528843 0.1766528 0.8369389 0.1665388 0.8185785 0.1321246 0.8272634 0.1540272 0.8296495 0.1299604 0.8272634 0.1540272 0.8369022 0.1482495 0.8296495 0.1299604 0.8369389 0.1665388 0.8528843 0.1766528 0.844394 0.1578757 0.8369389 0.1665388 0.844394 0.1578757 0.8369022 0.1482495 0.8185785 0.1321246 0.8296495 0.1299604 0.8300381 0.1183457 0.8187418 0.1168116 0.8185785 0.1321246 0.8300381 0.1183457 0.8528843 0.1766528 0.8573656 0.1659807 0.844394 0.1578757 0.8528843 0.1766528 0.8672435 0.1804428 0.8573656 0.1659807 0.844394 0.1578757 0.8573656 0.1659807 0.8810244 0.1689606 0.8369022 0.1482495 0.844394 0.1578757 0.8810244 0.1689606 0.8672435 0.1804428 0.8685579 0.1688385 0.8573656 0.1659807 0.8573656 0.1659807 0.8685579 0.1688385 0.8810244 0.1689606 0.8672435 0.1804428 0.882992 0.1805408 0.8685579 0.1688385 0.882992 0.1805408 0.8810244 0.1689606 0.8685579 0.1688385 0.882992 0.1805408 0.8999119 0.175096 0.8810244 0.1689606 0.8999119 0.175096 0.8949783 0.1643459 0.8810244 0.1689606 0.8369022 0.1482495 0.8810244 0.1689606 0.8949783 0.1643459 0.8999119 0.175096 0.910075 0.1697567 0.8949783 0.1643459 0.910075 0.1697567 0.9026518 0.1603363 0.8949783 0.1643459 0.8369022 0.1482495 0.8949783 0.1643459 0.9026518 0.1603363 0.910075 0.1697567 0.9178939 0.1623404 0.9026518 0.1603363 0.8369022 0.1482495 0.9026518 0.1603363 0.9083734 0.1549742 0.9178939 0.1623404 0.9083734 0.1549742 0.9026518 0.1603363 0.8296495 0.1299604 0.8369022 0.1482495 0.9083734 0.1549742 0.9178939 0.1623404 0.927182 0.1462578 0.9083734 0.1549742 0.8300381 0.1183457 0.8296495 0.1299604 0.9083734 0.1549742 0.927182 0.1462578 0.916323 0.1416758 0.9083734 0.1549742 0.8300381 0.1183457 0.9083734 0.1549742 0.916323 0.1416758 0.927182 0.1462578 0.9307802 0.1319359 0.916323 0.1416758 0.8330324 0.1072582 0.8300381 0.1183457 0.916323 0.1416758 0.8187418 0.1168116 0.8300381 0.1183457 0.8330324 0.1072582 0.8227508 0.1024531 0.8187418 0.1168116 0.8330324 0.1072582 0.9307802 0.1319359 0.91923 0.1303563 0.916323 0.1416758 0.8330324 0.1072582 0.916323 0.1416758 0.91923 0.1303563 0.9307802 0.1319359 0.9308674 0.1166408 0.91923 0.1303563 0.9308674 0.1166408 0.9195838 0.118606 0.91923 0.1303563 0.8330324 0.1072582 0.91923 0.1303563 0.9195838 0.118606 0.9308674 0.1166408 0.9243581 0.09891366 0.9195838 0.118606 0.8227508 0.1024531 0.8330324 0.1072582 0.84409 0.0913673 0.84409 0.0913673 0.8330324 0.1072582 0.9195838 0.118606 0.8360295 0.08344686 0.8227508 0.1024531 0.84409 0.0913673 0.9243581 0.09891366 0.9143875 0.1043542 0.9195838 0.118606 0.84409 0.0913673 0.9195838 0.118606 0.9143875 0.1043542 0.9243581 0.09891366 0.9122119 0.08246487 0.9143875 0.1043542 0.8360295 0.08344686 0.84409 0.0913673 0.8545084 0.08453559 0.8545084 0.08453559 0.84409 0.0913673 0.9143875 0.1043542 0.8493059 0.07440572 0.8360295 0.08344686 0.8545084 0.08453559 0.9122119 0.08246487 0.9046168 0.0907886 0.9143875 0.1043542 0.8545084 0.08453559 0.9143875 0.1043542 0.9046168 0.0907886 0.9122119 0.08246487 0.8961911 0.07223105 0.9046168 0.0907886 0.8493059 0.07440572 0.8545084 0.08453559 0.8681698 0.07977622 0.8681698 0.07977622 0.8545084 0.08453559 0.9046168 0.0907886 0.8661246 0.06844395 0.8493059 0.07440572 0.8681698 0.07977622 0.8661246 0.06844395 0.8681698 0.07977622 0.8805428 0.07988452 0.8805428 0.07988452 0.8681698 0.07977622 0.9046168 0.0907886 0.8818271 0.06847125 0.8661246 0.06844395 0.8805428 0.07988452 0.8961911 0.07223105 0.8818271 0.06847125 0.8917077 0.08271849 0.8961911 0.07223105 0.8917077 0.08271849 0.9046168 0.0907886 0.9046168 0.0907886 0.8917077 0.08271849 0.8805428 0.07988452 0.8818271 0.06847125 0.8805428 0.07988452 0.8917077 0.08271849</float_array>
          <technique_common>
            <accessor source="#Wheel_Rubber_Sleeve_03-mesh-map-0-array" count="7998" stride="2">
              <param name="S" type="float"/>
              <param name="T" type="float"/>
            </accessor>
          </technique_common>
        </source>
        <source id="Wheel_Rubber_Sleeve_03-mesh-colors-Col" name="Col">
          <float_array id="Wheel_Rubber_Sleeve_03-mesh-colors-Col-array" count="31992">1 1 1 1 1 1 1 1 1 1 1 1 1 1 1 1 1 1 1 1 1 1 1 1 1 1 1 1 1 1 1 1 1 1 1 1 1 1 1 1 1 1 1 1 1 1 1 1 1 1 1 1 1 1 1 1 1 1 1 1 1 1 1 1 1 1 1 1 1 1 1 1 1 1 1 1 1 1 1 1 1 1 1 1 1 1 1 1 1 1 1 1 1 1 1 1 1 1 1 1 1 1 1 1 1 1 1 1 1 1 1 1 1 1 1 1 1 1 1 1 1 1 1 1 1 1 1 1 1 1 1 1 1 1 1 1 1 1 1 1 1 1 1 1 1 1 1 1 1 1 1 1 1 1 1 1 1 1 1 1 1 1 1 1 1 1 1 1 1 1 1 1 1 1 1 1 1 1 1 1 1 1 1 1 1 1 1 1 1 1 1 1 1 1 1 1 1 1 1 1 1 1 1 1 1 1 1 1 1 1 1 1 1 1 1 1 1 1 1 1 1 1 1 1 1 1 1 1 1 1 1 1 1 1 1 1 1 1 1 1 1 1 1 1 1 1 1 1 1 1 1 1 1 1 1 1 1 1 1 1 1 1 1 1 1 1 1 1 1 1 1 1 1 1 1 1 1 1 1 1 1 1 1 1 1 1 1 1 1 1 1 1 1 1 1 1 1 1 1 1 1 1 1 1 1 1 1 1 1 1 1 1 1 1 1 1 1 1 1 1 1 1 1 1 1 1 1 1 1 1 1 1 1 1 1 1 1 1 1 1 1 1 1 1 1 1 1 1 1 1 1 1 1 1 1 1 1 1 1 1 1 1 1 1 1 1 1 1 1 1 1 1 1 1 1 1 1 1 1 1 1 1 1 1 1 1 1 1 1 1 1 1 1 1 1 1 1 1 1 1 1 1 1 1 1 1 1 1 1 1 1 1 1 1 1 1 1 1 1 1 1 1 1 1 1 1 1 1 1 1 1 1 1 1 1 1 1 1 1 1 1 1 1 1 1 1 1 1 1 1 1 1 1 1 1 1 1 1 1 1 1 1 1 1 1 1 1 1 1 1 1 1 1 1 1 1 1 1 1 1 1 1 1 1 1 1 1 1 1 1 1 1 1 1 1 1 1 1 1 1 1 1 1 1 1 1 1 1 1 1 1 1 1 1 1 1 1 1 1 1 1 1 1 1 1 1 1 1 1 1 1 1 1 1 1 1 1 1 1 1 1 1 1 1 1 1 1 1 1 1 1 1 1 1 1 1 1 1 1 1 1 1 1 1 1 1 1 1 1 1 1 1 1 1 1 1 1 1 1 1 1 1 1 1 1 1 1 1 1 1 1 1 1 1 1 1 1 1 1 1 1 1 1 1 1 1 1 1 1 1 1 1 1 1 1 1 1 1 1 1 1 1 1 1 1 1 1 1 1 1 1 1 1 1 1 1 1 1 1 1 1 1 1 1 1 1 1 1 1 1 1 1 1 1 1 1 1 1 1 1 1 1 1 1 1 1 1 1 1 1 1 1 1 1 1 1 1 1 1 1 1 1 1 1 1 1 1 1 1 1 1 1 1 1 1 1 1 1 1 1 1 1 1 1 1 1 1 1 1 1 1 1 1 1 1 1 1 1 1 1 1 1 1 1 1 1 1 1 1 1 1 1 1 1 1 1 1 1 1 1 1 1 1 1 1 1 1 1 1 1 1 1 1 1 1 1 1 1 1 1 1 1 1 1 1 1 1 1 1 1 1 1 1 1 1 1 1 1 1 1 1 1 1 1 1 1 1 1 1 1 1 1 1 1 1 1 1 1 1 1 1 1 1 1 1 1 1 1 1 1 1 1 1 1 1 1 1 1 1 1 1 1 1 1 1 1 1 1 1 1 1 1 1 1 1 1 1 1 1 1 1 1 1 1 1 1 1 1 1 1 1 1 1 1 1 1 1 1 1 1 1 1 1 1 1 1 1 1 1 1 1 1 1 1 1 1 1 1 1 1 1 1 1 1 1 1 1 1 1 1 1 1 1 1 1 1 1 1 1 1 1 1 1 1 1 1 1 1 1 1 1 1 1 1 1 1 1 1 1 1 1 1 1 1 1 1 1 1 1 1 1 1 1 1 1 1 1 1 1 1 1 1 1 1 1 1 1 1 1 1 1 1 1 1 1 1 1 1 1 1 1 1 1 1 1 1 1 1 1 1 1 1 1 1 1 1 1 1 1 1 1 1 1 1 1 1 1 1 1 1 1 1 1 1 1 1 1 1 1 1 1 1 1 1 1 1 1 1 1 1 1 1 1 1 1 1 1 1 1 1 1 1 1 1 1 1 1 1 1 1 1 1 1 1 1 1 1 1 1 1 1 1 1 1 1 1 1 1 1 1 1 1 1 1 1 1 1 1 1 1 1 1 1 1 1 1 1 1 1 1 1 1 1 1 1 1 1 1 1 1 1 1 1 1 1 1 1 1 1 1 1 1 1 1 1 1 1 1 1 1 1 1 1 1 1 1 1 1 1 1 1 1 1 1 1 1 1 1 1 1 1 1 1 1 1 1 1 1 1 1 1 1 1 1 1 1 1 1 1 1 1 1 1 1 1 1 1 1 1 1 1 1 1 1 1 1 1 1 1 1 1 1 1 1 1 1 1 1 1 1 1 1 1 1 1 1 1 1 1 1 1 1 1 1 1 1 1 1 1 1 1 1 1 1 1 1 1 1 1 1 1 1 1 1 1 1 1 1 1 1 1 1 1 1 1 1 1 1 1 1 1 1 1 1 1 1 1 1 1 1 1 1 1 1 1 1 1 1 1 1 1 1 1 1 1 1 1 1 1 1 1 1 1 1 1 1 1 1 1 1 1 1 1 1 1 1 1 1 1 1 1 1 1 1 1 1 1 1 1 1 1 1 1 1 1 1 1 1 1 1 1 1 1 1 1 1 1 1 1 1 1 1 1 1 1 1 1 1 1 1 1 1 1 1 1 1 1 1 1 1 1 1 1 1 1 1 1 1 1 1 1 1 1 1 1 1 1 1 1 1 1 1 1 1 1 1 1 1 1 1 1 1 1 1 1 1 1 1 1 1 1 1 1 1 1 1 1 1 1 1 1 1 1 1 1 1 1 1 1 1 1 1 1 1 1 1 1 1 1 1 1 1 1 1 1 1 1 1 1 1 1 1 1 1 1 1 1 1 1 1 1 1 1 1 1 1 1 1 1 1 1 1 1 1 1 1 1 1 1 1 1 1 1 1 1 1 1 1 1 1 1 1 1 1 1 1 1 1 1 1 1 1 1 1 1 1 1 1 1 1 1 1 1 1 1 1 1 1 1 1 1 1 1 1 1 1 1 1 1 1 1 1 1 1 1 1 1 1 1 1 1 1 1 1 1 1 1 1 1 1 1 1 1 1 1 1 1 1 1 1 1 1 1 1 1 1 1 1 1 1 1 1 1 1 1 1 1 1 1 1 1 1 1 1 1 1 1 1 1 1 1 1 1 1 1 1 1 1 1 1 1 1 1 1 1 1 1 1 1 1 1 1 1 1 1 1 1 1 1 1 1 1 1 1 1 1 1 1 1 1 1 1 1 1 1 1 1 1 1 1 1 1 1 1 1 1 1 1 1 1 1 1 1 1 1 1 1 1 1 1 1 1 1 1 1 1 1 1 1 1 1 1 1 1 1 1 1 1 1 1 1 1 1 1 1 1 1 1 1 1 1 1 1 1 1 1 1 1 1 1 1 1 1 1 1 1 1 1 1 1 1 1 1 1 1 1 1 1 1 1 1 1 1 1 1 1 1 1 1 1 1 1 1 1 1 1 1 1 1 1 1 1 1 1 1 1 1 1 1 1 1 1 1 1 1 1 1 1 1 1 1 1 1 1 1 1 1 1 1 1 1 1 1 1 1 1 1 1 1 1 1 1 1 1 1 1 1 1 1 1 1 1 1 1 1 1 1 1 1 1 1 1 1 1 1 1 1 1 1 1 1 1 1 1 1 1 1 1 1 1 1 1 1 1 1 1 1 1 1 1 1 1 1 1 1 1 1 1 1 1 1 1 1 1 1 1 1 1 1 1 1 1 1 1 1 1 1 1 1 1 1 1 1 1 1 1 1 1 1 1 1 1 1 1 1 1 1 1 1 1 1 1 1 1 1 1 1 1 1 1 1 1 1 1 1 1 1 1 1 1 1 1 1 1 1 1 1 1 1 1 1 1 1 1 1 1 1 1 1 1 1 1 1 1 1 1 1 1 1 1 1 1 1 1 1 1 1 1 1 1 1 1 1 1 1 1 1 1 1 1 1 1 1 1 1 1 1 1 1 1 1 1 1 1 1 1 1 1 1 1 1 1 1 1 1 1 1 1 1 1 1 1 1 1 1 1 1 1 1 1 1 1 1 1 1 1 1 1 1 1 1 1 1 1 1 1 1 1 1 1 1 1 1 1 1 1 1 1 1 1 1 1 1 1 1 1 1 1 1 1 1 1 1 1 1 1 1 1 1 1 1 1 1 1 1 1 1 1 1 1 1 1 1 1 1 1 1 1 1 1 1 1 1 1 1 1 1 1 1 1 1 1 1 1 1 1 1 1 1 1 1 1 1 1 1 1 1 1 1 1 1 1 1 1 1 1 1 1 1 1 1 1 1 1 1 1 1 1 1 1 1 1 1 1 1 1 1 1 1 1 1 1 1 1 1 1 1 1 1 1 1 1 1 1 1 1 1 1 1 1 1 1 1 1 1 1 1 1 1 1 1 1 1 1 1 1 1 1 1 1 1 1 1 1 1 1 1 1 1 1 1 1 1 1 1 1 1 1 1 1 1 1 1 1 1 1 1 1 1 1 1 1 1 1 1 1 1 1 1 1 1 1 1 1 1 1 1 1 1 1 1 1 1 1 1 1 1 1 1 1 1 1 1 1 1 1 1 1 1 1 1 1 1 1 1 1 1 1 1 1 1 1 1 1 1 1 1 1 1 1 1 1 1 1 1 1 1 1 1 1 1 1 1 1 1 1 1 1 1 1 1 1 1 1 1 1 1 1 1 1 1 1 1 1 1 1 1 1 1 1 1 1 1 1 1 1 1 1 1 1 1 1 1 1 1 1 1 1 1 1 1 1 1 1 1 1 1 1 1 1 1 1 1 1 1 1 1 1 1 1 1 1 1 1 1 1 1 1 1 1 1 1 1 1 1 1 1 1 1 1 1 1 1 1 1 1 1 1 1 1 1 1 1 1 1 1 1 1 1 1 1 1 1 1 1 1 1 1 1 1 1 1 1 1 1 1 1 1 1 1 1 1 1 1 1 1 1 1 1 1 1 1 1 1 1 1 1 1 1 1 1 1 1 1 1 1 1 1 1 1 1 1 1 1 1 1 1 1 1 1 1 1 1 1 1 1 1 1 1 1 1 1 1 1 1 1 1 1 1 1 1 1 1 1 1 1 1 1 1 1 1 1 1 1 1 1 1 1 1 1 1 1 1 1 1 1 1 1 1 1 1 1 1 1 1 1 1 1 1 1 1 1 1 1 1 1 1 1 1 1 1 1 1 1 1 1 1 1 1 1 1 1 1 1 1 1 1 1 1 1 1 1 1 1 1 1 1 1 1 1 1 1 1 1 1 1 1 1 1 1 1 1 1 1 1 1 1 1 1 1 1 1 1 1 1 1 1 1 1 1 1 1 1 1 1 1 1 1 1 1 1 1 1 1 1 1 1 1 1 1 1 1 1 1 1 1 1 1 1 1 1 1 1 1 1 1 1 1 1 1 1 1 1 1 1 1 1 1 1 1 1 1 1 1 1 1 1 1 1 1 1 1 1 1 1 1 1 1 1 1 1 1 1 1 1 1 1 1 1 1 1 1 1 1 1 1 1 1 1 1 1 1 1 1 1 1 1 1 1 1 1 1 1 1 1 1 1 1 1 1 1 1 1 1 1 1 1 1 1 1 1 1 1 1 1 1 1 1 1 1 1 1 1 1 1 1 1 1 1 1 1 1 1 1 1 1 1 1 1 1 1 1 1 1 1 1 1 1 1 1 1 1 1 1 1 1 1 1 1 1 1 1 1 1 1 1 1 1 1 1 1 1 1 1 1 1 1 1 1 1 1 1 1 1 1 1 1 1 1 1 1 1 1 1 1 1 1 1 1 1 1 1 1 1 1 1 1 1 1 1 1 1 1 1 1 1 1 1 1 1 1 1 1 1 1 1 1 1 1 1 1 1 1 1 1 1 1 1 1 1 1 1 1 1 1 1 1 1 1 1 1 1 1 1 1 1 1 1 1 1 1 1 1 1 1 1 1 1 1 1 1 1 1 1 1 1 1 1 1 1 1 1 1 1 1 1 1 1 1 1 1 1 1 1 1 1 1 1 1 1 1 1 1 1 1 1 1 1 1 1 1 1 1 1 1 1 1 1 1 1 1 1 1 1 1 1 1 1 1 1 1 1 1 1 1 1 1 1 1 1 1 1 1 1 1 1 1 1 1 1 1 1 1 1 1 1 1 1 1 1 1 1 1 1 1 1 1 1 1 1 1 1 1 1 1 1 1 1 1 1 1 1 1 1 1 1 1 1 1 1 1 1 1 1 1 1 1 1 1 1 1 1 1 1 1 1 1 1 1 1 1 1 1 1 1 1 1 1 1 1 1 1 1 1 1 1 1 1 1 1 1 1 1 1 1 1 1 1 1 1 1 1 1 1 1 1 1 1 1 1 1 1 1 1 1 1 1 1 1 1 1 1 1 1 1 1 1 1 1 1 1 1 1 1 1 1 1 1 1 1 1 1 1 1 1 1 1 1 1 1 1 1 1 1 1 1 1 1 1 1 1 1 1 1 1 1 1 1 1 1 1 1 1 1 1 1 1 1 1 1 1 1 1 1 1 1 1 1 1 1 1 1 1 1 1 1 1 1 1 1 1 1 1 1 1 1 1 1 1 1 1 1 1 1 1 1 1 1 1 1 1 1 1 1 1 1 1 1 1 1 1 1 1 1 1 1 1 1 1 1 1 1 1 1 1 1 1 1 1 1 1 1 1 1 1 1 1 1 1 1 1 1 1 1 1 1 1 1 1 1 1 1 1 1 1 1 1 1 1 1 1 1 1 1 1 1 1 1 1 1 1 1 1 1 1 1 1 1 1 1 1 1 1 1 1 1 1 1 1 1 1 1 1 1 1 1 1 1 1 1 1 1 1 1 1 1 1 1 1 1 1 1 1 1 1 1 1 1 1 1 1 1 1 1 1 1 1 1 1 1 1 1 1 1 1 1 1 1 1 1 1 1 1 1 1 1 1 1 1 1 1 1 1 1 1 1 1 1 1 1 1 1 1 1 1 1 1 1 1 1 1 1 1 1 1 1 1 1 1 1 1 1 1 1 1 1 1 1 1 1 1 1 1 1 1 1 1 1 1 1 1 1 1 1 1 1 1 1 1 1 1 1 1 1 1 1 1 1 1 1 1 1 1 1 1 1 1 1 1 1 1 1 1 1 1 1 1 1 1 1 1 1 1 1 1 1 1 1 1 1 1 1 1 1 1 1 1 1 1 1 1 1 1 1 1 1 1 1 1 1 1 1 1 1 1 1 1 1 1 1 1 1 1 1 1 1 1 1 1 1 1 1 1 1 1 1 1 1 1 1 1 1 1 1 1 1 1 1 1 1 1 1 1 1 1 1 1 1 1 1 1 1 1 1 1 1 1 1 1 1 1 1 1 1 1 1 1 1 1 1 1 1 1 1 1 1 1 1 1 1 1 1 1 1 1 1 1 1 1 1 1 1 1 1 1 1 1 1 1 1 1 1 1 1 1 1 1 1 1 1 1 1 1 1 1 1 1 1 1 1 1 1 1 1 1 1 1 1 1 1 1 1 1 1 1 1 1 1 1 1 1 1 1 1 1 1 1 1 1 1 1 1 1 1 1 1 1 1 1 1 1 1 1 1 1 1 1 1 1 1 1 1 1 1 1 1 1 1 1 1 1 1 1 1 1 1 1 1 1 1 1 1 1 1 1 1 1 1 1 1 1 1 1 1 1 1 1 1 1 1 1 1 1 1 1 1 1 1 1 1 1 1 1 1 1 1 1 1 1 1 1 1 1 1 1 1 1 1 1 1 1 1 1 1 1 1 1 1 1 1 1 1 1 1 1 1 1 1 1 1 1 1 1 1 1 1 1 1 1 1 1 1 1 1 1 1 1 1 1 1 1 1 1 1 1 1 1 1 1 1 1 1 1 1 1 1 1 1 1 1 1 1 1 1 1 1 1 1 1 1 1 1 1 1 1 1 1 1 1 1 1 1 1 1 1 1 1 1 1 1 1 1 1 1 1 1 1 1 1 1 1 1 1 1 1 1 1 1 1 1 1 1 1 1 1 1 1 1 1 1 1 1 1 1 1 1 1 1 1 1 1 1 1 1 1 1 1 1 1 1 1 1 1 1 1 1 1 1 1 1 1 1 1 1 1 1 1 1 1 1 1 1 1 1 1 1 1 1 1 1 1 1 1 1 1 1 1 1 1 1 1 1 1 1 1 1 1 1 1 1 1 1 1 1 1 1 1 1 1 1 1 1 1 1 1 1 1 1 1 1 1 1 1 1 1 1 1 1 1 1 1 1 1 1 1 1 1 1 1 1 1 1 1 1 1 1 1 1 1 1 1 1 1 1 1 1 1 1 1 1 1 1 1 1 1 1 1 1 1 1 1 1 1 1 1 1 1 1 1 1 1 1 1 1 1 1 1 1 1 1 1 1 1 1 1 1 1 1 1 1 1 1 1 1 1 1 1 1 1 1 1 1 1 1 1 1 1 1 1 1 1 1 1 1 1 1 1 1 1 1 1 1 1 1 1 1 1 1 1 1 1 1 1 1 1 1 1 1 1 1 1 1 1 1 1 1 1 1 1 1 1 1 1 1 1 1 1 1 1 1 1 1 1 1 1 1 1 1 1 1 1 1 1 1 1 1 1 1 1 1 1 1 1 1 1 1 1 1 1 1 1 1 1 1 1 1 1 1 1 1 1 1 1 1 1 1 1 1 1 1 1 1 1 1 1 1 1 1 1 1 1 1 1 1 1 1 1 1 1 1 1 1 1 1 1 1 1 1 1 1 1 1 1 1 1 1 1 1 1 1 1 1 1 1 1 1 1 1 1 1 1 1 1 1 1 1 1 1 1 1 1 1 1 1 1 1 1 1 1 1 1 1 1 1 1 1 1 1 1 1 1 1 1 1 1 1 1 1 1 1 1 1 1 1 1 1 1 1 1 1 1 1 1 1 1 1 1 1 1 1 1 1 1 1 1 1 1 1 1 1 1 1 1 1 1 1 1 1 1 1 1 1 1 1 1 1 1 1 1 1 1 1 1 1 1 1 1 1 1 1 1 1 1 1 1 1 1 1 1 1 1 1 1 1 1 1 1 1 1 1 1 1 1 1 1 1 1 1 1 1 1 1 1 1 1 1 1 1 1 1 1 1 1 1 1 1 1 1 1 1 1 1 1 1 1 1 1 1 1 1 1 1 1 1 1 1 1 1 1 1 1 1 1 1 1 1 1 1 1 1 1 1 1 1 1 1 1 1 1 1 1 1 1 1 1 1 1 1 1 1 1 1 1 1 1 1 1 1 1 1 1 1 1 1 1 1 1 1 1 1 1 1 1 1 1 1 1 1 1 1 1 1 1 1 1 1 1 1 1 1 1 1 1 1 1 1 1 1 1 1 1 1 1 1 1 1 1 1 1 1 1 1 1 1 1 1 1 1 1 1 1 1 1 1 1 1 1 1 1 1 1 1 1 1 1 1 1 1 1 1 1 1 1 1 1 1 1 1 1 1 1 1 1 1 1 1 1 1 1 1 1 1 1 1 1 1 1 1 1 1 1 1 1 1 1 1 1 1 1 1 1 1 1 1 1 1 1 1 1 1 1 1 1 1 1 1 1 1 1 1 1 1 1 1 1 1 1 1 1 1 1 1 1 1 1 1 1 1 1 1 1 1 1 1 1 1 1 1 1 1 1 1 1 1 1 1 1 1 1 1 1 1 1 1 1 1 1 1 1 1 1 1 1 1 1 1 1 1 1 1 1 1 1 1 1 1 1 1 1 1 1 1 1 1 1 1 1 1 1 1 1 1 1 1 1 1 1 1 1 1 1 1 1 1 1 1 1 1 1 1 1 1 1 1 1 1 1 1 1 1 1 1 1 1 1 1 1 1 1 1 1 1 1 1 1 1 1 1 1 1 1 1 1 1 1 1 1 1 1 1 1 1 1 1 1 1 1 1 1 1 1 1 1 1 1 1 1 1 1 1 1 1 1 1 1 1 1 1 1 1 1 1 1 1 1 1 1 1 1 1 1 1 1 1 1 1 1 1 1 1 1 1 1 1 1 1 1 1 1 1 1 1 1 1 1 1 1 1 1 1 1 1 1 1 1 1 1 1 1 1 1 1 1 1 1 1 1 1 1 1 1 1 1 1 1 1 1 1 1 1 1 1 1 1 1 1 1 1 1 1 1 1 1 1 1 1 1 1 1 1 1 1 1 1 1 1 1 1 1 1 1 1 1 1 1 1 1 1 1 1 1 1 1 1 1 1 1 1 1 1 1 1 1 1 1 1 1 1 1 1 1 1 1 1 1 1 1 1 1 1 1 1 1 1 1 1 1 1 1 1 1 1 1 1 1 1 1 1 1 1 1 1 1 1 1 1 1 1 1 1 1 1 1 1 1 1 1 1 1 1 1 1 1 1 1 1 1 1 1 1 1 1 1 1 1 1 1 1 1 1 1 1 1 1 1 1 1 1 1 1 1 1 1 1 1 1 1 1 1 1 1 1 1 1 1 1 1 1 1 1 1 1 1 1 1 1 1 1 1 1 1 1 1 1 1 1 1 1 1 1 1 1 1 1 1 1 1 1 1 1 1 1 1 1 1 1 1 1 1 1 1 1 1 1 1 1 1 1 1 1 1 1 1 1 1 1 1 1 1 1 1 1 1 1 1 1 1 1 1 1 1 1 1 1 1 1 1 1 1 1 1 1 1 1 1 1 1 1 1 1 1 1 1 1 1 1 1 1 1 1 1 1 1 1 1 1 1 1 1 1 1 1 1 1 1 1 1 1 1 1 1 1 1 1 1 1 1 1 1 1 1 1 1 1 1 1 1 1 1 1 1 1 1 1 1 1 1 1 1 1 1 1 1 1 1 1 1 1 1 1 1 1 1 1 1 1 1 1 1 1 1 1 1 1 1 1 1 1 1 1 1 1 1 1 1 1 1 1 1 1 1 1 1 1 1 1 1 1 1 1 1 1 1 1 1 1 1 1 1 1 1 1 1 1 1 1 1 1 1 1 1 1 1 1 1 1 1 1 1 1 1 1 1 1 1 1 1 1 1 1 1 1 1 1 1 1 1 1 1 1 1 1 1 1 1 1 1 1 1 1 1 1 1 1 1 1 1 1 1 1 1 1 1 1 1 1 1 1 1 1 1 1 1 1 1 1 1 1 1 1 1 1 1 1 1 1 1 1 1 1 1 1 1 1 1 1 1 1 1 1 1 1 1 1 1 1 1 1 1 1 1 1 1 1 1 1 1 1 1 1 1 1 1 1 1 1 1 1 1 1 1 1 1 1 1 1 1 1 1 1 1 1 1 1 1 1 1 1 1 1 1 1 1 1 1 1 1 1 1 1 1 1 1 1 1 1 1 1 1 1 1 1 1 1 1 1 1 1 1 1 1 1 1 1 1 1 1 1 1 1 1 1 1 1 1 1 1 1 1 1 1 1 1 1 1 1 1 1 1 1 1 1 1 1 1 1 1 1 1 1 1 1 1 1 1 1 1 1 1 1 1 1 1 1 1 1 1 1 1 1 1 1 1 1 1 1 1 1 1 1 1 1 1 1 1 1 1 1 1 1 1 1 1 1 1 1 1 1 1 1 1 1 1 1 1 1 1 1 1 1 1 1 1 1 1 1 1 1 1 1 1 1 1 1 1 1 1 1 1 1 1 1 1 1 1 1 1 1 1 1 1 1 1 1 1 1 1 1 1 1 1 1 1 1 1 1 1 1 1 1 1 1 1 1 1 1 1 1 1 1 1 1 1 1 1 1 1 1 1 1 1 1 1 1 1 1 1 1 1 1 1 1 1 1 1 1 1 1 1 1 1 1 1 1 1 1 1 1 1 1 1 1 1 1 1 1 1 1 1 1 1 1 1 1 1 1 1 1 1 1 1 1 1 1 1 1 1 1 1 1 1 1 1 1 1 1 1 1 1 1 1 1 1 1 1 1 1 1 1 1 1 1 1 1 1 1 1 1 1 1 1 1 1 1 1 1 1 1 1 1 1 1 1 1 1 1 1 1 1 1 1 1 1 1 1 1 1 1 1 1 1 1 1 1 1 1 1 1 1 1 1 1 1 1 1 1 1 1 1 1 1 1 1 1 1 1 1 1 1 1 1 1 1 1 1 1 1 1 1 1 1 1 1 1 1 1 1 1 1 1 1 1 1 1 1 1 1 1 1 1 1 1 1 1 1 1 1 1 1 1 1 1 1 1 1 1 1 1 1 1 1 1 1 1 1 1 1 1 1 1 1 1 1 1 1 1 1 1 1 1 1 1 1 1 1 1 1 1 1 1 1 1 1 1 1 1 1 1 1 1 1 1 1 1 1 1 1 1 1 1 1 1 1 1 1 1 1 1 1 1 1 1 1 1 1 1 1 1 1 1 1 1 1 1 1 1 1 1 1 1 1 1 1 1 1 1 1 1 1 1 1 1 1 1 1 1 1 1 1 1 1 1 1 1 1 1 1 1 1 1 1 1 1 1 1 1 1 1 1 1 1 1 1 1 1 1 1 1 1 1 1 1 1 1 1 1 1 1 1 1 1 1 1 1 1 1 1 1 1 1 1 1 1 1 1 1 1 1 1 1 1 1 1 1 1 1 1 1 1 1 1 1 1 1 1 1 1 1 1 1 1 1 1 1 1 1 1 1 1 1 1 1 1 1 1 1 1 1 1 1 1 1 1 1 1 1 1 1 1 1 1 1 1 1 1 1 1 1 1 1 1 1 1 1 1 1 1 1 1 1 1 1 1 1 1 1 1 1 1 1 1 1 1 1 1 1 1 1 1 1 1 1 1 1 1 1 1 1 1 1 1 1 1 1 1 1 1 1 1 1 1 1 1 1 1 1 1 1 1 1 1 1 1 1 1 1 1 1 1 1 1 1 1 1 1 1 1 1 1 1 1 1 1 1 1 1 1 1 1 1 1 1 1 1 1 1 1 1 1 1 1 1 1 1 1 1 1 1 1 1 1 1 1 1 1 1 1 1 1 1 1 1 1 1 1 1 1 1 1 1 1 1 1 1 1 1 1 1 1 1 1 1 1 1 1 1 1 1 1 1 1 1 1 1 1 1 1 1 1 1 1 1 1 1 1 1 1 1 1 1 1 1 1 1 1 1 1 1 1 1 1 1 1 1 1 1 1 1 1 1 1 1 1 1 1 1 1 1 1 1 1 1 1 1 1 1 1 1 1 1 1 1 1 1 1 1 1 1 1 1 1 1 1 1 1 1 1 1 1 1 1 1 1 1 1 1 1 1 1 1 1 1 1 1 1 1 1 1 1 1 1 1 1 1 1 1 1 1 1 1 1 1 1 1 1 1 1 1 1 1 1 1 1 1 1 1 1 1 1 1 1 1 1 1 1 1 1 1 1 1 1 1 1 1 1 1 1 1 1 1 1 1 1 1 1 1 1 1 1 1 1 1 1 1 1 1 1 1 1 1 1 1 1 1 1 1 1 1 1 1 1 1 1 1 1 1 1 1 1 1 1 1 1 1 1 1 1 1 1 1 1 1 1 1 1 1 1 1 1 1 1 1 1 1 1 1 1 1 1 1 1 1 1 1 1 1 1 1 1 1 1 1 1 1 1 1 1 1 1 1 1 1 1 1 1 1 1 1 1 1 1 1 1 1 1 1 1 1 1 1 1 1 1 1 1 1 1 1 1 1 1 1 1 1 1 1 1 1 1 1 1 1 1 1 1 1 1 1 1 1 1 1 1 1 1 1 1 1 1 1 1 1 1 1 1 1 1 1 1 1 1 1 1 1 1 1 1 1 1 1 1 1 1 1 1 1 1 1 1 1 1 1 1 1 1 1 1 1 1 1 1 1 1 1 1 1 1 1 1 1 1 1 1 1 1 1 1 1 1 1 1 1 1 1 1 1 1 1 1 1 1 1 1 1 1 1 1 1 1 1 1 1 1 1 1 1 1 1 1 1 1 1 1 1 1 1 1 1 1 1 1 1 1 1 1 1 1 1 1 1 1 1 1 1 1 1 1 1 1 1 1 1 1 1 1 1 1 1 1 1 1 1 1 1 1 1 1 1 1 1 1 1 1 1 1 1 1 1 1 1 1 1 1 1 1 1 1 1 1 1 1 1 1 1 1 1 1 1 1 1 1 1 1 1 1 1 1 1 1 1 1 1 1 1 1 1 1 1 1 1 1 1 1 1 1 1 1 1 1 1 1 1 1 1 1 1 1 1 1 1 1 1 1 1 1 1 1 1 1 1 1 1 1 1 1 1 1 1 1 1 1 1 1 1 1 1 1 1 1 1 1 1 1 1 1 1 1 1 1 1 1 1 1 1 1 1 1 1 1 1 1 1 1 1 1 1 1 1 1 1 1 1 1 1 1 1 1 1 1 1 1 1 1 1 1 1 1 1 1 1 1 1 1 1 1 1 1 1 1 1 1 1 1 1 1 1 1 1 1 1 1 1 1 1 1 1 1 1 1 1 1 1 1 1 1 1 1 1 1 1 1 1 1 1 1 1 1 1 1 1 1 1 1 1 1 1 1 1 1 1 1 1 1 1 1 1 1 1 1 1 1 1 1 1 1 1 1 1 1 1 1 1 1 1 1 1 1 1 1 1 1 1 1 1 1 1 1 1 1 1 1 1 1 1 1 1 1 1 1 1 1 1 1 1 1 1 1 1 1 1 1 1 1 1 1 1 1 1 1 1 1 1 1 1 1 1 1 1 1 1 1 1 1 1 1 1 1 1 1 1 1 1 1 1 1 1 1 1 1 1 1 1 1 1 1 1 1 1 1 1 1 1 1 1 1 1 1 1 1 1 1 1 1 1 1 1 1 1 1 1 1 1 1 1 1 1 1 1 1 1 1 1 1 1 1 1 1 1 1 1 1 1 1 1 1 1 1 1 1 1 1 1 1 1 1 1 1 1 1 1 1 1 1 1 1 1 1 1 1 1 1 1 1 1 1 1 1 1 1 1 1 1 1 1 1 1 1 1 1 1 1 1 1 1 1 1 1 1 1 1 1 1 1 1 1 1 1 1 1 1 1 1 1 1 1 1 1 1 1 1 1 1 1 1 1 1 1 1 1 1 1 1 1 1 1 1 1 1 1 1 1 1 1 1 1 1 1 1 1 1 1 1 1 1 1 1 1 1 1 1 1 1 1 1 1 1 1 1 1 1 1 1 1 1 1 1 1 1 1 1 1 1 1 1 1 1 1 1 1 1 1 1 1 1 1 1 1 1 1 1 1 1 1 1 1 1 1 1 1 1 1 1 1 1 1 1 1 1 1 1 1 1 1 1 1 1 1 1 1 1 1 1 1 1 1 1 1 1 1 1 1 1 1 1 1 1 1 1 1 1 1 1 1 1 1 1 1 1 1 1 1 1 1 1 1 1 1 1 1 1 1 1 1 1 1 1 1 1 1 1 1 1 1 1 1 1 1 1 1 1 1 1 1 1 1 1 1 1 1 1 1 1 1 1 1 1 1 1 1 1 1 1 1 1 1 1 1 1 1 1 1 1 1 1 1 1 1 1 1 1 1 1 1 1 1 1 1 1 1 1 1 1 1 1 1 1 1 1 1 1 1 1 1 1 1 1 1 1 1 1 1 1 1 1 1 1 1 1 1 1 1 1 1 1 1 1 1 1 1 1 1 1 1 1 1 1 1 1 1 1 1 1 1 1 1 1 1 1 1 1 1 1 1 1 1 1 1 1 1 1 1 1 1 1 1 1 1 1 1 1 1 1 1 1 1 1 1 1 1 1 1 1 1 1 1 1 1 1 1 1 1 1 1 1 1 1 1 1 1 1 1 1 1 1 1 1 1 1 1 1 1 1 1 1 1 1 1 1 1 1 1 1 1 1 1 1 1 1 1 1 1 1 1 1 1 1 1 1 1 1 1 1 1 1 1 1 1 1 1 1 1 1 1 1 1 1 1 1 1 1 1 1 1 1 1 1 1 1 1 1 1 1 1 1 1 1 1 1 1 1 1 1 1 1 1 1 1 1 1 1 1 1 1 1 1 1 1 1 1 1 1 1 1 1 1 1 1 1 1 1 1 1 1 1 1 1 1 1 1 1 1 1 1 1 1 1 1 1 1 1 1 1 1 1 1 1 1 1 1 1 1 1 1 1 1 1 1 1 1 1 1 1 1 1 1 1 1 1 1 1 1 1 1 1 1 1 1 1 1 1 1 1 1 1 1 1 1 1 1 1 1 1 1 1 1 1 1 1 1 1 1 1 1 1 1 1 1 1 1 1 1 1 1 1 1 1 1 1 1 1 1 1 1 1 1 1 1 1 1 1 1 1 1 1 1 1 1 1 1 1 1 1 1 1 1 1 1 1 1 1 1 1 1 1 1 1 1 1 1 1 1 1 1 1 1 1 1 1 1 1 1 1 1 1 1 1 1 1 1 1 1 1 1 1 1 1 1 1 1 1 1 1 1 1 1 1 1 1 1 1 1 1 1 1 1 1 1 1 1 1 1 1 1 1 1 1 1 1 1 1 1 1 1 1 1 1 1 1 1 1 1 1 1 1 1 1 1 1 1 1 1 1 1 1 1 1 1 1 1 1 1 1 1 1 1 1 1 1 1 1 1 1 1 1 1 1 1 1 1 1 1 1 1 1 1 1 1 1 1 1 1 1 1 1 1 1 1 1 1 1 1 1 1 1 1 1 1 1 1 1 1 1 1 1 1 1 1 1 1 1 1 1 1 1 1 1 1 1 1 1 1 1 1 1 1 1 1 1 1 1 1 1 1 1 1 1 1 1 1 1 1 1 1 1 1 1 1 1 1 1 1 1 1 1 1 1 1 1 1 1 1 1 1 1 1 1 1 1 1 1 1 1 1 1 1 1 1 1 1 1 1 1 1 1 1 1 1 1 1 1 1 1 1 1 1 1 1 1 1 1 1 1 1 1 1 1 1 1 1 1 1 1 1 1 1 1 1 1 1 1 1 1 1 1 1 1 1 1 1 1 1 1 1 1 1 1 1 1 1 1 1 1 1 1 1 1 1 1 1 1 1 1 1 1 1 1 1 1 1 1 1 1 1 1 1 1 1 1 1 1 1 1 1 1 1 1 1 1 1 1 1 1 1 1 1 1 1 1 1 1 1 1 1 1 1 1 1 1 1 1 1 1 1 1 1 1 1 1 1 1 1 1 1 1 1 1 1 1 1 1 1 1 1 1 1 1 1 1 1 1 1 1 1 1 1 1 1 1 1 1 1 1 1 1 1 1 1 1 1 1 1 1 1 1 1 1 1 1 1 1 1 1 1 1 1 1 1 1 1 1 1 1 1 1 1 1 1 1 1 1 1 1 1 1 1 1 1 1 1 1 1 1 1 1 1 1 1 1 1 1 1 1 1 1 1 1 1 1 1 1 1 1 1 1 1 1 1 1 1 1 1 1 1 1 1 1 1 1 1 1 1 1 1 1 1 1 1 1 1 1 1 1 1 1 1 1 1 1 1 1 1 1 1 1 1 1 1 1 1 1 1 1 1 1 1 1 1 1 1 1 1 1 1 1 1 1 1 1 1 1 1 1 1 1 1 1 1 1 1 1 1 1 1 1 1 1 1 1 1 1 1 1 1 1 1 1 1 1 1 1 1 1 1 1 1 1 1 1 1 1 1 1 1 1 1 1 1 1 1 1 1 1 1 1 1 1 1 1 1 1 1 1 1 1 1 1 1 1 1 1 1 1 1 1 1 1 1 1 1 1 1 1 1 1 1 1 1 1 1 1 1 1 1 1 1 1 1 1 1 1 1 1 1 1 1 1 1 1 1 1 1 1 1 1 1 1 1 1 1 1 1 1 1 1 1 1 1 1 1 1 1 1 1 1 1 1 1 1 1 1 1 1 1 1 1 1 1 1 1 1 1 1 1 1 1 1 1 1 1 1 1 1 1 1 1 1 1 1 1 1 1 1 1 1 1 1 1 1 1 1 1 1 1 1 1 1 1 1 1 1 1 1 1 1 1 1 1 1 1 1 1 1 1 1 1 1 1 1 1 1 1 1 1 1 1 1 1 1 1 1 1 1 1 1 1 1 1 1 1 1 1 1 1 1 1 1 1 1 1 1 1 1 1 1 1 1 1 1 1 1 1 1 1 1 1 1 1 1 1 1 1 1 1 1 1 1 1 1 1 1 1 1 1 1 1 1 1 1 1 1 1 1 1 1 1 1 1 1 1 1 1 1 1 1 1 1 1 1 1 1 1 1 1 1 1 1 1 1 1 1 1 1 1 1 1 1 1 1 1 1 1 1 1 1 1 1 1 1 1 1 1 1 1 1 1 1 1 1 1 1 1 1 1 1 1 1 1 1 1 1 1 1 1 1 1 1 1 1 1 1 1 1 1 1 1 1 1 1 1 1 1 1 1 1 1 1 1 1 1 1 1 1 1 1 1 1 1 1 1 1 1 1 1 1 1 1 1 1 1 1 1 1 1 1 1 1 1 1 1 1 1 1 1 1 1 1 1 1 1 1 1 1 1 1 1 1 1 1 1 1 1 1 1 1 1 1 1 1 1 1 1 1 1 1 1 1 1 1 1 1 1 1 1 1 1 1 1 1 1 1 1 1 1 1 1 1 1 1 1 1 1 1 1 1 1 1 1 1 1 1 1 1 1 1 1 1 1 1 1 1 1 1 1 1 1 1 1 1 1 1 1 1 1 1 1 1 1 1 1 1 1 1 1 1 1 1 1 1 1 1 1 1 1 1 1 1 1 1 1 1 1 1 1 1 1 1 1 1 1 1 1 1 1 1 1 1 1 1 1 1 1 1 1 1 1 1 1 1 1 1 1 1 1 1 1 1 1 1 1 1 1 1 1 1 1 1 1 1 1 1 1 1 1 1 1 1 1 1 1 1 1 1 1 1 1 1 1 1 1 1 1 1 1 1 1 1 1 1 1 1 1 1 1 1 1 1 1 1 1 1 1 1 1 1 1 1 1 1 1 1 1 1 1 1 1 1 1 1 1 1 1 1 1 1 1 1 1 1 1 1 1 1 1 1 1 1 1 1 1 1 1 1 1 1 1 1 1 1 1 1 1 1 1 1 1 1 1 1 1 1 1 1 1 1 1 1 1 1 1 1 1 1 1 1 1 1 1 1 1 1 1 1 1 1 1 1 1 1 1 1 1 1 1 1 1 1 1 1 1 1 1 1 1 1 1 1 1 1 1 1 1 1 1 1 1 1 1 1 1 1 1 1 1 1 1 1 1 1 1 1 1 1 1 1 1 1 1 1 1 1 1 1 1 1 1 1 1 1 1 1 1 1 1 1 1 1 1 1 1 1 1 1 1 1 1 1 1 1 1 1 1 1 1 1 1 1 1 1 1 1 1 1 1 1 1 1 1 1 1 1 1 1 1 1 1 1 1 1 1 1 1 1 1 1 1 1 1 1 1 1 1 1 1 1 1 1 1 1 1 1 1 1 1 1 1 1 1 1 1 1 1 1 1 1 1 1 1 1 1 1 1 1 1 1 1 1 1 1 1 1 1 1 1 1 1 1 1 1 1 1 1 1 1 1 1 1 1 1 1 1 1 1 1 1 1 1 1 1 1 1 1 1 1 1 1 1 1 1 1 1 1 1 1 1 1 1 1 1 1 1 1 1 1 1 1 1 1 1 1 1 1 1 1 1 1 1 1 1 1 1 1 1 1 1 1 1 1 1 1 1 1 1 1 1 1 1 1 1 1 1 1 1 1 1 1 1 1 1 1 1 1 1 1 1 1 1 1 1 1 1 1 1 1 1 1 1 1 1 1 1 1 1 1 1 1 1 1 1 1 1 1 1 1 1 1 1 1 1 1 1 1 1 1 1 1 1 1 1 1 1 1 1 1 1 1 1 1 1 1 1 1 1 1 1 1 1 1 1 1 1 1 1 1 1 1 1 1 1 1 1 1 1 1 1 1 1 1 1 1 1 1 1 1 1 1 1 1 1 1 1 1 1 1 1 1 1 1 1 1 1 1 1 1 1 1 1 1 1 1 1 1 1 1 1 1 1 1 1 1 1 1 1 1 1 1 1 1 1 1 1 1 1 1 1 1 1 1 1 1 1 1 1 1 1 1 1 1 1 1 1 1 1 1 1 1 1 1 1 1 1 1 1 1 1 1 1 1 1 1 1 1 1 1 1 1 1 1 1 1 1 1 1 1 1 1 1 1 1 1 1 1 1 1 1 1 1 1 1 1 1 1 1 1 1 1 1 1 1 1 1 1 1 1 1 1 1 1 1 1 1 1 1 1 1 1 1 1 1 1 1 1 1 1 1 1 1 1 1 1 1 1 1 1 1 1 1 1 1 1 1 1 1 1 1 1 1 1 1 1 1 1 1 1 1 1 1 1 1 1 1 1 1 1 1 1 1 1 1 1 1 1 1 1 1 1 1 1 1 1 1 1 1 1 1 1 1 1 1 1 1 1 1 1 1 1 1 1 1 1 1 1 1 1 1 1 1 1 1 1 1 1 1 1 1 1 1 1 1 1 1 1 1 1 1 1 1 1 1 1 1 1 1 1 1 1 1 1 1 1 1 1 1 1 1 1 1 1 1 1 1 1 1 1 1 1 1 1 1 1 1 1 1 1 1 1 1 1 1 1 1 1 1 1 1 1 1 1 1 1 1 1 1 1 1 1 1 1 1 1 1 1 1 1 1 1 1 1 1 1 1 1 1 1 1 1 1 1 1 1 1 1 1 1 1 1 1 1 1 1 1 1 1 1 1 1 1 1 1 1 1 1 1 1 1 1 1 1 1 1 1 1 1 1 1 1 1 1 1 1 1 1 1 1 1 1 1 1 1 1 1 1 1 1 1 1 1 1 1 1 1 1 1 1 1 1 1 1 1 1 1 1 1 1 1 1 1 1 1 1 1 1 1 1 1 1 1 1 1 1 1 1 1 1 1 1 1 1 1 1 1 1 1 1 1 1 1 1 1 1 1 1 1 1 1 1 1 1 1 1 1 1 1 1 1 1 1 1 1 1 1 1 1 1 1 1 1 1 1 1 1 1 1 1 1 1 1 1 1 1 1 1 1 1 1 1 1 1 1 1 1 1 1 1 1 1 1 1 1 1 1 1 1 1 1 1 1 1 1 1 1 1 1 1 1 1 1 1 1 1 1 1 1 1 1 1 1 1 1 1 1 1 1 1 1 1 1 1 1 1 1 1 1 1 1 1 1 1 1 1 1 1 1 1 1 1 1 1 1 1 1 1 1 1 1 1 1 1 1 1 1 1 1 1 1 1 1 1 1 1 1 1 1 1 1 1 1 1 1 1 1 1 1 1 1 1 1 1 1 1 1 1 1 1 1 1 1 1 1 1 1 1 1 1 1 1 1 1 1 1 1 1 1 1 1 1 1 1 1 1 1 1 1 1 1 1 1 1 1 1 1 1 1 1 1 1 1 1 1 1 1 1 1 1 1 1 1 1 1 1 1 1 1 1 1 1 1 1 1 1 1 1 1 1 1 1 1 1 1 1 1 1 1 1 1 1 1 1 1 1 1 1 1 1 1 1 1 1 1 1 1 1 1 1 1 1 1 1 1 1 1 1 1 1 1 1 1 1 1 1 1 1 1 1 1 1 1 1 1 1 1 1 1 1 1 1 1 1 1 1 1 1 1 1 1 1 1 1 1 1 1 1 1 1 1 1 1 1 1 1 1 1 1 1 1 1 1 1 1 1 1 1 1 1 1 1 1 1 1 1 1 1 1 1 1 1 1 1 1 1 1 1 1 1 1 1 1 1 1 1 1 1 1 1 1 1 1 1 1 1 1 1 1 1 1 1 1 1 1 1 1 1 1 1 1 1 1 1 1 1 1 1 1 1 1 1 1 1 1 1 1 1 1 1 1 1 1 1 1 1 1 1 1 1 1 1 1 1 1 1 1 1 1 1 1 1 1 1 1 1 1 1 1 1 1 1 1 1 1 1 1 1 1 1 1 1 1 1 1 1 1 1 1 1 1 1 1 1 1 1 1 1 1 1 1 1 1 1 1 1 1 1 1 1 1 1 1 1 1 1 1 1 1 1 1 1 1 1 1 1 1 1 1 1 1 1 1 1 1 1 1 1 1 1 1 1 1 1 1 1 1 1 1 1 1 1 1 1 1 1 1 1 1 1 1 1 1 1 1 1 1 1 1 1 1 1 1 1 1 1 1 1 1 1 1 1 1 1 1 1 1 1 1 1 1 1 1 1 1 1 1 1 1 1 1 1 1 1 1 1 1 1 1 1 1 1 1 1 1 1 1 1 1 1 1 1 1 1 1 1 1 1 1 1 1 1 1 1 1 1 1 1 1 1 1 1 1 1 1 1 1 1 1 1 1 1 1 1 1 1 1 1 1 1 1 1 1 1 1 1 1 1 1 1 1 1 1 1 1 1 1 1 1 1 1 1 1 1 1 1 1 1 1 1 1 1 1 1 1 1 1 1 1 1 1 1 1 1 1 1 1 1 1 1 1 1 1 1 1 1 1 1 1 1 1 1 1 1 1 1 1 1 1 1 1 1 1 1 1 1 1 1 1 1 1 1 1 1 1 1 1 1 1 1 1 1 1 1 1 1 1 1 1 1 1 1 1 1 1 1 1 1 1 1 1 1 1 1 1 1 1 1 1 1 1 1 1 1 1 1 1 1 1 1 1 1 1 1 1 1 1 1 1 1 1 1 1 1 1 1 1 1 1 1 1 1 1 1 1 1 1 1 1 1 1 1 1 1 1 1 1 1 1 1 1 1 1 1 1 1 1 1 1 1 1 1 1 1 1 1 1 1 1 1 1 1 1 1 1 1 1 1 1 1 1 1 1 1 1 1 1 1 1 1 1 1 1 1 1 1 1 1 1 1 1 1 1 1 1 1 1 1 1 1 1 1 1 1 1 1 1 1 1 1 1 1 1 1 1 1 1 1 1 1 1 1 1 1 1 1 1 1 1 1 1 1 1 1 1 1 1 1 1 1 1 1 1 1 1 1 1 1 1 1 1 1 1 1 1 1 1 1 1 1 1 1 1 1 1 1 1 1 1 1 1 1 1 1 1 1 1 1 1 1 1 1 1 1 1 1 1 1 1 1 1 1 1 1 1 1 1 1 1 1 1 1 1 1 1 1 1 1 1 1 1 1 1 1 1 1 1 1 1 1 1 1 1 1 1 1 1 1 1 1 1 1 1 1 1 1 1 1 1 1 1 1 1 1 1 1 1 1 1 1 1 1 1 1 1 1 1 1 1 1 1 1 1 1 1 1 1 1 1 1 1 1 1 1 1 1 1 1 1 1 1 1 1 1 1 1 1 1 1 1 1 1 1 1 1 1 1 1 1 1 1 1 1 1 1 1 1 1 1 1 1 1 1 1 1 1 1 1 1 1 1 1 1 1 1 1 1 1 1 1 1 1 1 1 1 1 1 1 1 1 1 1 1 1 1 1 1 1 1 1 1 1 1 1 1 1 1 1 1 1 1 1 1 1 1 1 1 1 1 1 1 1 1 1 1 1 1 1 1 1 1 1 1 1 1 1 1 1 1 1 1 1 1 1 1 1 1 1 1 1 1 1 1 1 1 1 1 1 1 1 1 1 1 1 1 1 1 1 1 1 1 1 1 1 1 1 1 1 1 1 1 1 1 1 1 1 1 1 1 1 1 1 1 1 1 1 1 1 1 1 1 1 1 1 1 1 1 1 1 1 1 1 1 1 1 1 1 1 1 1 1 1 1 1 1 1 1 1 1 1 1 1 1 1 1 1 1 1 1 1 1 1 1 1 1 1 1 1 1 1 1 1 1 1 1 1 1 1 1 1 1 1 1 1 1 1 1 1 1 1 1 1 1 1 1 1 1 1 1 1 1 1 1 1 1 1 1 1 1 1 1 1 1 1 1 1 1 1 1 1 1 1 1 1 1 1 1 1 1 1 1 1 1 1 1 1 1 1 1 1 1 1 1 1 1 1 1 1 1 1 1 1 1 1 1 1 1 1 1 1 1 1 1 1 1 1 1 1 1 1 1 1 1 1 1 1 1 1 1 1 1 1 1 1 1 1 1 1 1 1 1 1 1 1 1 1 1 1 1 1 1 1 1 1 1 1 1 1 1 1 1 1 1 1 1 1 1 1 1 1 1 1 1 1 1 1 1 1 1 1 1 1 1 1 1 1 1 1 1 1 1 1 1 1 1 1 1 1 1 1 1 1 1 1 1 1 1 1 1 1 1 1 1 1 1 1 1 1 1 1 1 1 1 1 1 1 1 1 1 1 1 1 1 1 1 1 1 1 1 1 1 1 1 1 1 1 1 1 1 1 1 1 1 1 1 1 1 1 1 1 1 1 1 1 1 1 1 1 1 1 1 1 1 1 1 1 1 1 1 1 1 1 1 1 1 1 1 1 1 1 1 1 1 1 1 1 1 1 1 1 1 1 1 1 1 1 1 1 1 1 1 1 1 1 1 1 1 1 1 1 1 1 1 1 1 1 1 1 1 1 1 1 1 1 1 1 1 1 1 1 1 1 1 1 1 1 1 1 1 1 1 1 1 1 1 1 1 1 1 1 1 1 1 1 1 1 1 1 1 1 1 1 1 1 1 1 1 1 1 1 1 1 1 1 1 1 1 1 1 1 1 1 1 1 1 1 1 1 1 1 1 1 1 1 1 1 1 1 1 1 1 1 1 1 1 1 1 1 1 1 1 1 1 1 1 1 1 1 1 1 1 1 1 1 1 1 1 1 1 1 1 1 1 1 1 1 1 1 1 1 1 1 1 1 1 1 1 1 1 1 1 1 1 1 1 1 1 1 1 1 1 1 1 1 1 1 1 1 1 1 1 1 1 1 1 1 1 1 1 1 1 1 1 1 1 1 1 1 1 1 1 1 1 1 1 1 1 1 1 1 1 1 1 1 1 1 1 1 1 1 1 1 1 1 1 1 1 1 1 1 1 1 1 1 1 1 1 1 1 1 1 1 1 1 1 1 1 1 1 1 1 1 1 1 1 1 1 1 1 1 1 1 1 1 1 1 1 1 1 1 1 1 1 1 1 1 1 1 1 1 1 1 1 1 1 1 1 1 1 1 1 1 1 1 1 1 1 1 1 1 1 1 1 1 1 1 1 1 1 1 1 1 1 1 1 1 1 1 1 1 1 1 1 1 1 1 1 1 1 1 1 1 1 1 1 1 1 1 1 1 1 1 1 1 1 1 1 1 1 1 1 1 1 1 1 1 1 1 1 1 1 1 1 1 1 1 1 1 1 1 1 1 1 1 1 1 1 1 1 1 1 1 1 1 1 1 1 1 1 1 1 1 1 1 1 1 1 1 1 1 1 1 1 1 1 1 1 1 1 1 1 1 1 1 1 1 1 1 1 1 1 1 1 1 1 1 1 1 1 1 1 1 1 1 1 1 1 1 1 1 1 1 1 1 1 1 1 1 1 1 1 1 1 1 1 1 1 1 1 1 1 1 1 1 1 1 1 1 1 1 1 1 1 1 1 1 1 1 1 1 1 1 1 1 1 1 1 1 1 1 1 1 1 1 1 1 1 1 1 1 1 1 1 1 1 1 1 1 1 1 1 1 1 1 1 1 1 1 1 1 1 1 1 1 1 1 1 1 1 1 1 1 1 1 1 1 1 1 1 1 1 1 1 1 1 1 1 1 1 1 1 1 1 1 1 1 1 1 1 1 1 1 1 1 1 1 1 1 1 1 1 1 1 1 1 1 1 1 1 1 1 1 1 1 1 1 1 1 1 1 1 1 1 1 1 1 1 1 1 1 1 1 1 1 1 1 1 1 1 1 1 1 1 1 1 1 1 1 1 1 1 1 1 1 1 1 1 1 1 1 1 1 1 1 1 1 1 1 1 1 1 1 1 1 1 1 1 1 1 1 1 1 1 1 1 1 1 1 1 1 1 1 1 1 1 1 1 1 1 1 1 1 1 1 1 1 1 1 1 1 1 1 1 1 1 1 1 1 1 1 1 1 1 1 1 1 1 1 1 1 1 1 1 1 1 1 1 1 1 1 1 1 1 1 1 1 1 1 1 1 1 1 1 1 1 1 1 1 1 1 1 1 1 1 1 1 1 1 1 1 1 1 1 1 1 1 1 1 1 1 1 1 1 1 1 1 1 1 1 1 1 1 1 1 1 1 1 1 1 1 1 1 1 1 1 1 1 1 1 1 1 1 1 1 1 1 1 1 1 1 1 1 1 1 1 1 1 1 1 1 1 1 1 1 1 1 1 1 1 1 1 1 1 1 1 1 1 1 1 1 1 1 1 1 1 1 1 1 1 1 1 1 1 1 1 1 1 1 1 1 1 1 1 1 1 1 1 1 1 1 1 1 1 1 1 1 1 1 1 1 1 1 1 1 1 1 1 1 1 1 1 1 1 1 1 1 1 1 1 1 1 1 1 1 1 1 1 1 1 1 1 1 1 1 1 1 1 1 1 1 1 1 1 1 1 1 1 1 1 1 1 1 1 1 1 1 1 1 1 1 1 1 1 1 1 1 1 1 1 1 1 1 1 1 1 1 1 1 1 1 1 1 1 1 1 1 1 1 1 1 1 1 1 1 1 1 1 1 1 1 1 1 1 1 1 1 1 1 1 1 1 1 1 1 1 1 1 1 1 1 1 1 1 1 1 1 1 1 1 1 1 1 1 1 1 1 1 1 1 1 1 1 1 1 1 1 1 1 1 1 1 1 1 1 1 1 1 1 1 1 1 1 1 1 1 1 1 1 1 1 1 1 1 1 1 1 1 1 1 1 1 1 1 1 1 1 1 1 1 1 1 1 1 1 1 1 1 1 1 1 1 1 1 1 1 1 1 1 1 1 1 1 1 1 1 1 1 1 1 1 1 1 1 1 1 1 1 1 1 1 1 1 1 1 1 1 1 1 1 1 1 1 1 1 1 1 1 1 1 1 1 1 1 1 1 1 1 1 1 1 1 1 1 1 1 1 1 1 1 1 1 1 1 1 1 1 1 1 1 1 1 1 1 1 1 1 1 1 1 1 1 1 1 1 1 1 1 1 1 1 1 1 1 1 1 1 1 1 1 1 1 1 1 1 1 1 1 1 1 1 1 1 1 1 1 1 1 1 1 1 1 1 1 1 1 1 1 1 1 1 1 1 1 1 1 1 1 1 1 1 1 1 1 1 1 1 1 1 1 1 1 1 1 1 1 1 1 1 1 1 1 1 1 1 1 1 1 1 1 1 1 1 1 1 1 1 1 1 1 1 1 1 1 1 1 1 1 1 1 1 1 1 1 1 1 1 1 1 1 1 1 1 1 1 1 1 1 1 1 1 1 1 1 1 1 1 1 1 1 1 1 1 1 1 1 1 1 1 1 1 1 1 1 1 1 1 1 1 1 1 1 1 1 1 1 1 1 1 1 1 1 1 1 1 1 1 1 1 1 1 1 1 1 1 1 1 1 1 1 1 1 1 1 1 1 1 1 1 1 1 1 1 1 1 1 1 1 1 1 1 1 1 1 1 1 1 1 1 1 1 1 1 1 1 1 1 1 1 1 1 1 1 1 1 1 1 1 1 1 1 1 1 1 1 1 1 1 1 1 1 1 1 1 1 1 1 1 1 1 1 1 1 1 1 1 1 1 1 1 1 1 1 1 1 1 1 1 1 1 1 1 1 1 1 1 1 1 1 1 1 1 1 1 1 1 1 1 1 1 1 1 1 1 1 1 1 1 1 1 1 1 1 1 1 1 1 1 1 1 1 1 1 1 1 1 1 1 1 1 1 1 1 1 1 1 1 1 1 1 1 1 1 1 1 1 1 1 1 1 1 1 1 1 1 1 1 1 1 1 1 1 1 1 1 1 1 1 1 1 1 1 1 1 1 1 1 1 1 1 1 1 1 1 1 1 1 1 1 1 1 1 1 1 1 1 1 1 1 1 1 1 1 1 1 1 1 1 1 1 1 1 1 1 1 1 1 1 1 1 1 1 1 1 1 1 1 1 1 1 1 1 1 1 1 1 1 1 1 1 1 1 1 1 1 1 1 1 1 1 1 1 1 1 1 1 1 1 1 1 1 1 1 1 1 1 1 1 1 1 1 1 1 1 1 1 1 1 1 1 1 1 1 1 1 1 1 1 1 1 1 1 1 1 1 1 1 1 1 1 1 1 1 1 1 1 1 1 1 1 1 1 1 1 1 1 1 1 1 1 1 1 1 1 1 1 1 1 1 1 1 1 1 1 1 1 1 1 1 1 1 1 1 1 1 1 1 1 1 1 1 1 1 1 1 1 1 1 1 1 1 1 1 1 1 1 1 1 1 1 1 1 1 1 1 1 1 1 1 1 1 1 1 1 1 1 1 1 1 1 1 1 1 1 1 1 1 1 1 1 1 1 1 1 1 1 1 1 1 1 1 1 1 1 1 1 1 1 1 1 1 1 1 1 1 1 1 1 1 1 1 1 1 1 1 1 1 1 1 1 1 1 1 1 1 1 1 1 1 1 1 1 1 1 1 1 1 1 1 1 1 1 1 1 1 1 1 1 1 1 1 1 1 1 1 1 1 1 1 1 1 1 1 1 1 1 1 1 1 1 1 1 1 1 1 1 1 1 1 1 1 1 1 1 1 1 1 1 1 1 1 1 1 1 1 1 1 1 1 1 1 1 1 1 1 1 1 1 1 1 1 1 1 1 1 1 1 1 1 1 1 1 1 1 1 1 1 1 1 1 1 1 1 1 1 1 1 1 1 1 1 1 1 1 1 1 1 1 1 1 1 1 1 1 1 1 1 1 1 1 1 1 1 1 1 1 1 1 1 1 1 1 1 1 1 1 1 1 1 1 1 1 1 1 1 1 1 1 1 1 1 1 1 1 1 1 1 1 1 1 1 1 1 1 1 1 1 1 1 1 1 1 1 1 1 1 1 1 1 1 1 1 1 1 1 1 1 1 1 1 1 1 1 1 1 1 1 1 1 1 1 1 1 1 1 1 1 1 1 1 1 1 1 1 1 1 1 1 1 1 1 1 1 1 1 1 1 1 1 1 1 1 1 1 1 1 1 1 1 1 1 1 1 1 1 1 1 1 1 1 1 1 1 1 1 1 1 1 1 1 1 1 1 1 1 1 1 1 1 1 1 1 1 1 1 1 1 1 1 1 1 1 1 1 1 1 1 1 1 1 1 1 1 1 1 1 1 1 1 1 1 1 1 1 1 1 1 1 1 1 1 1 1 1 1 1 1 1 1 1 1 1 1 1 1 1 1 1 1 1 1 1 1 1 1 1 1 1 1 1 1 1 1 1 1 1 1 1 1 1 1 1 1 1 1 1 1 1 1 1 1 1 1 1 1 1 1 1 1 1 1 1 1 1 1 1 1 1 1 1 1 1 1 1 1 1 1 1 1 1 1 1 1 1 1 1 1 1 1 1 1 1 1 1 1 1 1 1 1 1 1 1 1 1 1 1 1 1 1 1 1 1 1 1 1 1 1 1 1 1 1 1 1 1 1 1 1 1 1 1 1 1 1 1 1 1 1 1 1 1 1 1 1 1 1 1 1 1 1 1 1 1 1 1 1 1 1 1 1 1 1 1 1 1 1 1 1 1 1 1 1 1 1 1 1 1 1 1 1 1 1 1 1 1 1 1 1 1 1 1 1 1 1 1 1 1 1 1 1 1 1 1 1 1 1 1 1 1 1 1 1 1 1 1 1 1 1 1 1 1 1 1 1 1 1 1 1 1 1 1 1 1 1 1 1 1 1 1 1 1 1 1 1 1 1 1 1 1 1 1 1 1 1 1 1 1 1 1 1 1 1 1 1 1 1 1 1 1 1 1 1 1 1 1 1 1 1 1 1 1 1 1 1 1 1 1 1 1 1 1 1 1 1 1 1 1 1 1 1 1 1 1 1 1 1 1 1 1 1 1 1 1 1 1 1 1 1 1 1 1 1 1 1 1 1 1 1 1 1 1 1 1 1 1 1 1 1 1 1 1 1 1 1 1 1 1 1 1 1 1 1 1 1 1 1 1 1 1 1 1 1 1 1 1 1 1 1 1 1 1 1 1 1 1 1 1 1 1 1 1 1 1 1 1 1 1 1 1 1 1 1 1 1 1 1 1 1 1 1 1 1 1 1 1 1 1 1 1 1 1 1 1 1 1 1 1 1 1 1 1 1 1 1 1 1 1 1 1 1 1 1 1 1 1 1 1 1 1 1 1 1 1 1 1 1 1 1 1 1 1 1 1 1 1 1 1 1 1 1 1 1 1 1 1 1 1 1 1 1 1 1 1 1 1 1 1 1 1 1 1 1 1 1 1 1 1 1 1 1 1 1 1 1 1 1 1 1 1 1 1 1 1 1 1 1 1 1 1 1 1 1 1 1 1 1 1 1 1 1 1 1 1 1 1 1 1 1 1 1 1 1 1 1 1 1 1 1 1 1 1 1 1 1 1 1 1 1 1 1 1 1 1 1 1 1 1 1 1 1 1 1 1 1 1 1 1 1 1 1 1 1 1 1 1 1 1 1 1 1 1 1 1 1 1 1 1 1 1 1 1 1 1 1 1 1 1 1 1 1 1 1 1 1 1 1 1 1 1 1 1 1 1 1 1 1 1 1 1 1 1 1 1 1 1 1 1 1 1 1 1 1 1 1 1 1 1 1 1 1 1 1 1 1 1 1 1 1 1 1 1 1 1 1 1 1 1 1 1 1 1 1 1 1 1 1 1 1 1 1 1 1 1 1 1 1 1 1 1 1 1 1 1 1 1 1 1 1 1 1 1 1 1 1 1 1 1 1 1 1 1 1 1 1 1 1 1 1 1 1 1 1 1 1 1 1 1 1 1 1 1 1 1 1 1 1 1 1 1 1 1 1 1 1 1 1 1 1 1 1 1 1 1 1 1 1 1 1 1 1 1 1 1 1 1 1 1 1 1 1 1 1 1 1 1 1 1 1 1 1 1 1 1 1 1 1 1 1 1 1 1 1 1 1 1 1 1 1 1 1 1 1 1 1 1 1 1 1 1 1 1 1 1 1 1 1 1 1 1 1 1 1 1 1 1 1 1 1 1 1 1 1 1 1 1 1 1 1 1 1 1 1 1 1 1 1 1 1 1 1 1 1 1 1 1 1 1 1 1 1 1 1 1 1 1 1 1 1 1 1 1 1 1 1 1 1 1 1 1 1 1 1 1 1 1 1 1 1 1 1 1 1 1 1 1 1 1 1 1 1 1 1 1 1 1 1 1 1 1 1 1 1 1 1 1 1 1 1 1 1 1 1 1 1 1 1 1 1 1 1 1 1 1 1 1 1 1 1 1 1 1 1 1 1 1 1 1 1 1 1 1 1 1 1 1 1 1 1 1 1 1 1 1 1 1 1 1 1 1 1 1 1 1 1 1 1 1 1 1 1 1 1 1 1 1 1 1 1 1 1 1 1 1 1 1 1 1 1 1 1 1 1 1 1 1 1 1 1 1 1 1 1 1 1 1 1 1 1 1 1 1 1 1 1 1 1 1 1 1 1 1 1 1 1 1 1 1 1 1 1 1 1 1 1 1 1 1 1 1 1 1 1 1 1 1 1 1 1 1 1 1 1 1 1 1 1 1 1 1 1 1 1 1 1 1 1 1 1 1 1 1 1 1 1 1 1 1 1 1 1 1 1 1 1 1 1 1 1 1 1 1 1 1 1 1 1 1 1 1 1 1 1 1 1 1 1 1 1 1 1 1 1 1 1 1 1 1 1 1 1 1 1 1 1 1 1 1 1 1 1 1 1 1 1 1 1 1 1 1 1 1 1 1 1 1 1 1 1 1 1 1 1 1 1 1 1 1 1 1 1 1 1 1 1 1 1 1 1 1 1 1 1 1 1 1 1 1 1 1 1 1 1 1 1 1 1 1 1 1 1 1 1 1 1 1 1 1 1 1 1 1 1 1 1 1 1 1 1 1 1 1 1 1 1 1 1 1 1 1 1 1 1 1 1 1 1 1 1 1 1 1 1 1 1 1 1 1 1 1 1 1 1 1 1 1 1 1 1 1 1 1 1 1 1 1 1 1 1 1 1 1 1 1 1 1 1 1 1 1 1 1 1 1 1 1 1 1 1 1 1 1 1 1 1 1 1 1 1 1 1 1 1 1 1 1 1 1 1 1 1 1 1 1 1 1 1 1 1 1 1 1 1 1 1 1 1 1 1 1 1 1 1 1 1 1 1 1 1 1 1 1 1 1 1 1 1 1 1 1 1 1 1 1 1 1 1 1 1 1 1 1 1 1 1 1 1 1 1 1 1 1 1 1 1 1 1 1 1 1 1 1 1 1 1 1 1 1 1 1 1 1 1 1 1 1 1 1 1 1 1 1 1 1 1 1 1 1 1 1 1 1 1 1 1 1 1 1 1 1 1 1 1 1 1 1 1 1 1 1 1 1 1 1 1 1 1 1 1 1 1 1 1 1 1 1 1 1 1 1 1 1 1 1 1 1 1 1 1 1 1 1 1 1 1 1 1 1 1 1 1 1 1 1 1 1 1 1 1 1 1 1 1 1 1 1 1 1 1 1 1 1 1 1 1 1 1 1 1 1 1 1 1 1 1 1 1 1 1 1 1 1 1 1 1 1 1 1 1 1 1 1 1 1 1 1 1 1 1 1 1 1 1 1 1 1 1 1 1 1 1 1 1 1 1 1 1 1 1 1 1 1 1 1 1 1 1 1 1 1 1 1 1 1 1 1 1 1 1 1 1 1 1 1 1 1 1 1 1 1 1 1 1 1 1 1 1 1 1 1 1 1 1 1 1 1 1 1 1 1 1 1 1 1 1 1 1 1 1 1 1 1 1 1 1 1 1 1 1 1 1 1 1 1 1 1 1 1 1 1 1 1 1 1 1 1 1 1 1 1 1 1 1 1 1 1 1 1 1 1 1 1 1 1 1 1 1 1 1 1 1 1 1 1 1 1 1 1 1 1 1 1 1 1 1 1 1 1 1 1 1 1 1 1 1 1 1 1 1 1 1 1 1 1 1 1 1 1 1 1 1 1 1 1 1 1 1 1 1 1 1 1 1 1 1 1 1 1 1 1 1 1 1 1 1 1 1 1 1 1 1 1 1 1 1 1 1 1 1 1 1 1 1 1 1 1 1 1 1 1 1 1 1 1 1 1 1 1 1 1 1 1 1 1 1 1 1 1 1 1 1 1 1 1 1 1 1 1 1 1 1 1 1 1 1 1 1 1 1 1 1 1 1 1 1 1 1 1 1 1 1 1 1 1 1 1 1 1 1 1 1 1 1 1 1 1 1 1 1 1 1 1 1 1 1 1 1 1 1 1 1 1 1 1 1 1 1 1 1 1 1 1 1 1 1 1 1 1 1 1 1 1 1 1 1 1 1 1 1 1 1 1 1 1 1 1 1 1 1 1 1 1 1 1 1 1 1 1 1 1 1 1 1 1 1 1 1 1 1 1 1 1 1 1 1 1 1 1 1 1 1 1 1 1 1 1 1 1 1 1 1 1 1 1 1 1 1 1 1 1 1 1 1 1 1 1 1 1 1 1 1 1 1 1 1 1 1 1 1 1 1 1 1 1 1 1 1 1 1 1 1 1 1 1 1 1 1 1 1 1 1 1 1 1 1 1 1 1 1 1 1 1 1 1 1 1 1 1 1 1 1 1 1 1 1 1 1 1 1 1 1 1 1 1 1 1 1 1 1 1 1 1 1 1 1 1 1 1 1 1 1 1 1 1 1 1 1 1 1 1 1 1 1 1 1 1 1 1 1 1 1 1 1 1 1 1 1 1 1 1 1 1 1 1 1 1 1 1 1 1 1 1 1 1 1 1 1 1 1 1 1 1 1 1 1 1 1 1 1 1 1 1 1 1 1 1 1 1 1 1 1 1 1 1 1 1 1 1 1 1 1 1 1 1 1 1 1 1 1 1 1 1 1 1 1 1 1 1 1 1 1 1 1 1 1 1 1 1 1 1 1 1 1 1 1 1 1 1 1 1 1 1 1 1 1 1 1 1 1 1 1 1 1 1 1 1 1 1 1 1 1 1 1 1 1 1 1 1 1 1 1 1 1 1 1 1 1 1 1 1 1 1 1 1 1 1 1 1 1 1 1 1 1 1 1 1 1 1 1 1 1 1 1 1 1 1 1 1 1 1 1 1 1 1 1 1 1 1 1 1 1 1 1 1 1 1 1 1 1 1 1 1 1 1 1 1 1 1 1 1 1 1 1 1 1 1 1 1 1 1 1 1 1 1 1 1 1 1 1 1 1 1 1 1 1 1 1 1 1 1 1 1 1 1 1 1 1 1 1 1 1 1 1 1 1 1 1 1 1 1 1 1 1 1 1 1 1 1 1 1 1 1 1 1 1 1 1 1 1 1 1 1 1 1 1 1 1 1 1 1 1 1 1 1 1 1 1 1 1 1 1 1 1 1 1 1 1 1 1 1 1 1 1 1 1 1 1 1 1 1 1 1 1 1 1 1 1 1 1 1 1 1 1 1 1 1 1 1 1 1 1 1 1 1 1 1 1 1 1 1 1 1 1 1 1 1 1 1 1 1 1 1 1 1 1 1 1 1 1 1 1 1 1 1 1 1 1 1 1 1 1 1 1 1 1 1 1 1 1 1 1 1 1 1 1 1 1 1 1 1 1 1 1 1 1 1 1 1 1 1 1 1 1 1 1 1 1 1 1 1 1 1 1 1 1 1 1 1 1 1 1 1 1 1 1 1 1 1 1 1 1 1 1 1 1 1 1 1 1 1 1 1 1 1 1 1 1 1 1 1 1 1 1 1 1 1 1 1 1 1 1 1 1 1 1 1 1 1 1 1 1 1 1 1 1 1 1 1 1 1 1 1 1 1 1 1 1 1 1 1 1 1 1 1 1 1 1 1 1 1 1 1 1 1 1 1 1 1 1 1 1 1 1 1 1 1 1 1 1 1 1 1 1 1 1 1 1 1 1 1 1 1 1 1 1 1 1 1 1 1 1 1 1 1 1 1 1 1 1 1 1 1 1 1 1 1 1 1 1 1 1 1 1 1 1 1 1 1 1 1 1 1 1 1 1 1 1 1 1 1 1 1 1 1 1 1 1 1 1 1 1 1 1 1 1 1 1 1 1 1 1 1 1 1 1 1 1 1 1 1 1 1 1 1 1 1 1 1 1 1 1 1 1 1 1 1 1 1 1 1 1 1 1 1 1 1 1 1 1 1 1 1 1 1 1 1 1 1 1 1 1 1 1 1 1 1 1 1 1 1 1 1 1 1 1 1 1 1 1 1 1 1 1 1 1 1 1 1 1 1 1 1 1 1 1 1 1 1 1 1 1 1 1 1 1 1 1 1 1 1 1 1 1 1 1 1 1 1 1 1 1 1 1 1 1 1 1 1 1 1 1 1 1 1 1 1 1 1 1 1 1 1 1 1 1 1 1 1 1 1 1 1 1 1 1 1 1 1 1 1 1 1 1 1 1 1 1 1 1 1 1 1 1 1 1 1 1 1 1 1 1 1 1 1 1 1 1 1 1 1 1 1 1 1 1 1 1 1 1 1 1 1 1 1 1 1 1 1 1 1 1 1 1 1 1 1 1 1 1 1 1 1 1 1 1 1 1 1 1 1 1 1 1 1 1 1 1 1 1 1 1 1 1 1 1 1 1 1 1 1 1 1 1 1 1 1 1 1 1 1 1 1 1 1 1 1 1 1 1 1 1 1 1 1 1 1 1 1 1 1 1 1 1 1 1 1 1 1 1 1 1 1 1 1 1 1 1 1 1 1 1 1 1 1 1 1 1 1 1 1 1 1 1 1 1 1 1 1 1 1 1 1 1 1 1 1 1 1 1 1 1 1 1 1 1 1 1 1 1 1 1 1 1 1 1 1 1 1 1 1 1 1 1 1 1 1 1 1 1 1 1 1 1 1 1 1 1 1 1 1 1 1 1 1 1 1 1 1 1 1 1 1 1 1 1 1 1 1 1 1 1 1 1 1 1 1 1 1 1 1 1 1 1 1 1 1 1 1 1 1 1 1 1 1 1 1 1 1 1 1 1 1 1 1 1 1 1 1 1 1 1 1 1 1 1 1 1 1 1 1 1 1 1 1 1 1 1 1 1 1 1 1 1 1 1 1 1 1 1 1 1 1 1 1 1 1 1 1 1 1 1 1 1 1 1 1 1 1 1 1 1 1 1 1 1 1 1 1 1 1 1 1 1 1 1 1 1 1 1 1 1 1 1 1 1 1 1 1 1 1 1 1 1 1 1 1 1 1 1 1 1 1 1 1 1 1 1 1 1 1 1 1 1 1 1 1 1 1 1 1 1 1 1 1 1 1 1 1 1 1 1 1 1 1 1 1 1 1 1 1 1 1 1 1 1 1 1 1 1 1 1 1 1 1 1 1 1 1 1 1 1 1 1 1 1 1 1 1 1 1 1 1 1 1 1 1 1 1 1 1 1 1 1 1 1 1 1 1 1 1 1 1 1 1 1 1 1 1 1 1 1 1 1 1 1 1 1 1 1 1 1 1 1 1 1 1 1 1 1 1 1 1 1 1 1 1 1 1 1 1 1 1 1 1 1 1 1 1 1 1 1 1 1 1 1 1 1 1 1 1 1 1 1 1 1 1 1 1 1 1 1 1 1 1 1 1 1 1 1 1 1 1 1 1 1 1 1 1 1 1 1 1 1 1 1 1 1 1 1 1 1 1 1 1 1 1 1 1 1 1 1 1 1 1 1 1 1 1 1 1 1 1 1 1 1 1 1 1 1 1 1 1 1 1 1 1 1 1 1 1 1 1 1 1 1 1 1 1 1 1 1 1 1 1 1 1 1 1 1 1 1 1 1 1 1 1 1 1 1 1 1 1 1 1 1 1 1 1 1 1 1 1 1 1 1 1 1 1 1 1 1 1 1 1 1 1 1 1 1 1 1 1 1 1 1 1 1 1 1 1 1 1 1 1 1 1 1 1 1 1 1 1 1 1 1 1 1 1 1 1 1 1 1 1 1 1 1 1 1 1 1 1 1 1 1 1 1 1 1 1 1 1 1 1 1 1 1 1 1 1 1 1 1 1 1 1 1 1 1 1 1 1 1 1 1 1 1 1 1 1 1 1 1 1 1 1 1 1 1 1 1 1 1 1 1 1 1 1 1 1 1 1 1 1 1 1 1 1 1 1 1 1 1 1 1 1 1 1 1 1 1 1 1 1 1 1 1 1 1 1 1 1 1 1 1 1 1 1 1 1 1 1 1 1 1 1 1 1 1 1 1 1 1 1 1 1 1 1 1 1 1 1 1 1 1 1 1 1 1 1 1 1 1 1 1 1 1 1 1 1 1 1 1 1 1 1 1 1 1 1 1 1 1 1 1 1 1 1 1 1 1 1 1 1 1 1 1 1 1 1 1 1 1 1 1 1 1 1 1 1 1 1 1 1 1 1 1 1 1 1 1 1 1 1 1 1 1 1 1 1 1 1 1 1 1 1 1 1 1 1 1 1 1 1 1 1 1 1 1 1 1 1 1 1 1 1 1 1 1 1 1 1 1 1 1 1 1 1 1 1 1 1 1 1 1 1 1 1 1 1 1 1 1 1 1 1 1 1 1 1 1 1 1 1 1 1 1 1 1 1 1 1 1 1 1 1 1 1 1 1 1 1 1 1 1 1 1 1 1 1 1 1 1 1 1 1 1 1 1 1 1 1 1 1 1 1 1 1 1 1 1 1 1 1 1 1 1 1 1 1 1 1 1 1 1 1 1 1 1 1 1 1 1 1 1 1 1 1 1 1 1 1 1 1 1 1 1 1 1 1 1 1 1 1 1 1 1 1 1 1 1 1 1 1 1 1 1 1 1 1 1 1 1 1 1 1 1 1 1 1 1 1 1 1 1 1 1 1 1 1 1 1 1 1 1 1 1 1 1 1 1 1 1 1 1 1 1 1 1 1 1 1 1 1 1 1 1 1 1 1 1 1 1 1 1 1 1 1 1 1 1 1 1 1 1 1 1 1 1 1 1 1 1 1 1 1 1 1 1 1 1 1 1 1 1 1 1 1 1 1 1 1 1 1 1 1 1 1 1 1 1 1 1 1 1 1 1 1 1 1 1 1 1 1 1 1 1 1 1 1 1 1 1 1 1 1 1 1 1 1 1 1 1 1 1 1 1 1 1 1 1 1 1 1 1 1 1 1 1 1 1 1 1 1 1 1 1 1 1 1 1 1 1 1 1 1 1 1 1 1 1 1 1 1 1 1 1 1 1 1 1 1 1 1 1 1 1 1 1 1 1 1 1 1 1 1 1 1 1 1 1 1 1 1 1 1 1 1 1 1 1 1 1 1 1 1 1 1 1 1 1 1 1 1 1 1 1 1 1 1 1 1 1 1 1 1 1 1 1 1 1 1 1 1 1 1 1 1 1 1 1 1 1 1 1 1 1 1 1 1 1 1 1 1 1 1 1 1 1 1 1 1 1 1 1 1 1 1 1 1 1 1 1 1 1 1 1 1 1 1 1 1 1 1 1 1 1 1 1 1 1 1 1 1 1 1 1 1 1 1 1 1 1 1 1 1 1 1 1 1 1 1 1 1 1 1 1 1 1 1 1 1 1 1 1 1 1 1 1 1 1 1 1 1 1 1 1 1 1 1 1 1 1 1 1 1 1 1 1 1 1 1 1 1 1 1 1 1 1 1 1 1 1 1 1 1 1 1 1 1 1 1 1 1 1 1 1 1 1 1 1 1 1 1 1 1 1 1 1 1 1 1 1 1 1 1 1 1 1 1 1 1 1 1 1 1 1 1 1 1 1 1 1 1 1 1 1 1 1 1 1 1 1 1 1 1 1 1 1 1 1 1 1 1 1 1 1 1 1 1 1 1 1 1 1 1 1 1 1 1 1 1 1 1 1 1 1 1 1 1 1 1 1 1 1 1 1 1 1 1 1 1 1 1 1 1 1 1 1 1 1 1 1 1 1 1 1 1 1 1 1 1 1 1 1 1 1 1 1 1 1 1 1 1 1 1 1 1 1 1 1 1 1 1 1 1 1 1 1 1 1 1 1 1 1 1 1 1 1 1 1 1 1 1 1 1 1 1 1 1 1 1 1 1 1 1 1 1 1 1 1 1 1 1 1 1 1 1 1 1 1 1 1 1 1 1 1 1 1 1 1 1 1 1 1 1 1 1 1 1 1 1 1 1 1 1 1 1 1 1 1 1 1 1 1 1 1 1 1 1 1 1 1 1 1 1 1 1 1 1 1 1 1 1 1 1 1 1 1 1 1 1 1 1 1 1 1 1 1 1 1 1 1 1 1 1 1 1 1 1 1 1 1 1 1 1 1 1 1 1 1 1 1 1 1 1 1 1 1 1 1 1 1 1 1 1 1 1 1 1 1 1 1 1 1 1 1 1 1 1 1 1 1 1 1 1 1 1 1 1 1 1 1 1 1 1 1 1 1 1 1 1 1 1 1 1 1 1 1 1 1 1 1 1 1 1 1 1 1 1 1 1 1 1 1 1 1 1 1 1 1 1 1 1 1 1 1 1 1 1 1 1 1 1 1 1 1 1 1 1 1 1 1 1 1 1 1 1 1 1 1 1 1 1 1 1 1 1 1 1 1 1 1 1 1 1 1 1 1 1 1 1 1 1 1 1 1 1 1 1 1 1 1 1 1 1 1 1 1 1 1 1 1 1 1 1 1 1 1 1 1 1 1 1 1 1 1 1 1 1 1 1 1 1 1 1 1 1 1 1 1 1 1 1 1 1 1 1 1 1 1 1 1 1 1 1 1 1 1 1 1 1 1 1 1 1 1 1 1 1 1 1 1 1 1 1 1 1 1 1 1 1 1 1 1 1 1 1 1 1 1 1 1 1 1 1 1 1 1 1 1 1 1 1 1 1 1 1 1 1 1 1 1 1 1 1 1 1 1 1 1 1 1 1 1 1 1 1 1 1 1 1 1 1 1 1 1 1 1 1 1 1 1 1 1 1 1 1 1 1 1 1 1 1 1 1 1 1 1 1 1 1 1 1 1 1 1 1 1 1 1 1 1 1 1 1 1 1 1 1 1 1 1 1 1 1 1 1 1 1 1 1 1 1 1 1 1 1 1 1 1 1 1 1 1 1 1 1 1 1 1 1 1 1 1 1 1 1 1 1 1 1 1 1 1 1 1 1 1 1 1 1 1 1 1 1 1 1 1 1 1 1 1 1 1 1 1 1 1 1 1 1 1 1 1 1 1 1 1 1 1 1 1 1 1 1 1 1 1 1 1 1 1 1 1 1 1 1 1 1 1 1 1 1 1 1 1 1 1 1 1 1 1 1 1 1 1 1 1 1 1 1 1 1 1 1 1 1 1 1 1 1 1 1 1 1 1 1 1 1 1 1 1 1 1 1 1 1 1 1 1 1 1 1 1 1 1 1 1 1 1 1 1 1 1 1 1 1 1 1 1 1 1 1 1 1 1 1 1 1 1 1 1 1 1 1 1 1 1 1 1 1 1 1 1 1 1 1 1 1 1 1 1 1 1 1 1 1 1 1 1 1 1 1 1 1 1 1 1 1 1 1 1 1 1 1 1 1 1 1 1 1 1 1 1 1 1 1 1 1 1 1 1 1 1 1 1 1 1 1 1 1 1 1 1 1 1 1 1 1 1 1 1 1 1 1 1 1 1 1 1 1 1 1 1 1 1 1 1 1 1 1 1 1 1 1 1 1 1 1 1 1 1 1 1 1 1 1 1 1 1 1 1 1 1 1 1 1 1 1 1 1 1 1 1 1 1 1 1 1 1 1 1 1 1 1 1 1 1 1 1 1 1 1 1 1 1 1 1 1 1 1 1 1 1 1 1 1 1 1 1 1 1 1 1 1 1 1 1 1 1 1 1 1 1 1 1 1 1 1 1 1 1 1 1 1 1 1 1 1 1 1 1 1 1 1 1 1 1 1 1 1 1 1 1 1 1 1 1 1 1 1 1 1 1 1 1 1 1 1 1 1 1 1 1 1 1 1 1 1 1 1 1 1 1 1 1 1 1 1 1 1 1 1 1 1 1 1 1 1 1 1 1 1 1 1 1 1 1 1 1 1 1 1 1 1 1 1 1 1 1 1 1 1 1 1 1 1 1 1 1 1 1 1 1 1 1 1 1 1 1 1 1 1 1 1 1 1 1 1 1 1 1 1 1 1 1 1 1 1 1 1 1 1 1 1 1 1 1 1 1 1 1 1 1 1 1 1 1 1 1 1 1 1 1 1 1 1 1 1 1 1 1 1 1 1 1 1 1 1 1 1 1 1 1 1 1 1 1 1 1 1 1 1 1 1 1 1 1 1 1 1 1 1 1 1 1 1 1 1 1 1 1 1 1 1 1 1 1 1 1 1 1 1 1 1 1 1 1 1 1 1 1 1 1 1 1 1 1 1 1 1 1 1 1 1 1 1 1 1 1 1 1 1 1 1 1 1 1 1 1 1 1 1 1 1 1 1 1 1 1 1 1 1 1 1 1 1 1 1 1 1 1 1 1 1 1 1 1 1 1 1 1 1 1 1 1 1 1 1 1 1 1 1 1 1 1 1 1 1 1 1 1 1 1 1 1 1 1 1 1 1 1 1 1 1 1 1 1 1 1 1 1 1 1 1 1 1 1 1 1 1 1 1 1 1 1 1 1 1 1 1 1 1 1 1 1 1 1 1 1 1 1 1 1 1 1 1 1 1 1 1 1 1 1 1 1 1 1 1 1 1 1 1 1 1 1 1 1 1 1 1 1 1 1 1 1 1 1 1 1 1 1 1 1 1 1 1 1 1 1 1 1 1 1 1 1 1 1 1 1 1 1 1 1 1 1 1 1 1 1 1 1 1 1 1 1 1 1 1 1 1 1 1 1 1 1 1 1 1 1 1 1 1 1 1 1 1 1 1 1 1 1 1 1 1 1 1 1 1 1 1 1 1 1 1 1 1 1 1 1 1 1 1 1 1 1 1 1 1 1 1 1 1 1 1 1 1 1 1 1 1 1 1 1 1 1 1 1 1 1 1 1 1 1 1 1 1 1 1 1 1 1 1 1 1 1 1 1 1 1 1 1 1 1 1 1 1 1 1 1 1 1 1 1 1 1 1 1 1 1 1 1 1 1 1 1 1 1 1 1 1 1 1 1 1 1 1 1 1 1 1 1 1 1 1 1 1 1 1 1 1 1 1 1 1 1 1 1 1 1 1 1 1 1 1 1 1 1 1 1 1 1 1 1 1 1 1 1 1 1 1 1 1 1 1 1 1 1 1 1 1 1 1 1 1 1 1 1 1 1 1 1 1 1 1 1 1 1 1 1 1 1 1 1 1 1 1 1 1 1 1 1 1 1 1 1 1 1 1 1 1 1 1 1 1 1 1 1 1 1 1 1 1 1 1 1 1 1 1 1 1 1 1 1 1 1 1 1 1 1 1 1 1 1 1 1 1 1 1 1 1 1 1 1 1 1 1 1 1 1 1 1 1 1 1 1 1 1 1 1 1 1 1 1 1 1 1 1 1 1 1 1 1 1 1 1 1 1 1 1 1 1 1 1 1 1 1 1 1 1 1 1 1 1 1 1 1 1 1 1 1 1 1 1 1 1 1 1 1 1 1 1 1 1 1 1 1 1 1 1 1 1 1 1 1 1 1 1 1 1 1 1 1 1 1 1 1 1 1 1 1 1 1 1 1 1 1 1 1 1 1 1 1 1 1 1 1 1 1 1 1 1 1 1 1 1 1 1 1 1 1 1 1 1 1 1 1 1 1 1 1 1 1 1 1 1 1 1 1 1 1 1 1 1 1 1 1 1 1 1 1 1 1 1 1 1 1 1 1 1 1 1 1 1 1 1 1 1 1 1 1 1 1 1 1 1 1 1 1 1 1 1 1 1 1 1 1 1 1 1 1 1 1 1 1 1 1 1 1 1 1 1 1 1 1 1 1 1 1 1 1 1 1 1 1 1 1 1 1 1 1 1 1 1 1 1 1 1 1 1 1 1 1 1 1 1 1 1 1 1 1 1 1 1 1 1 1 1 1 1 1 1 1 1 1 1 1 1 1 1 1 1 1 1 1 1 1 1 1 1 1 1 1 1 1 1 1 1 1 1 1 1 1 1 1 1 1 1 1 1 1 1 1 1 1 1 1 1 1 1 1 1 1 1 1 1 1 1 1 1 1 1 1 1 1 1 1 1 1 1 1 1 1 1 1 1 1 1 1 1 1 1 1 1 1 1 1 1 1 1 1 1 1 1 1 1 1 1 1 1 1 1 1 1 1 1 1 1 1 1 1 1 1 1 1 1 1 1 1 1 1 1 1 1 1 1 1 1 1 1 1 1 1 1 1 1 1 1 1 1 1 1 1 1 1 1 1 1 1 1 1 1 1 1 1 1 1 1 1 1 1 1 1 1 1 1 1 1 1 1 1 1 1 1 1 1 1 1 1 1 1 1 1 1 1 1 1 1 1 1 1 1 1 1 1 1 1 1 1 1 1 1 1 1 1 1 1 1 1 1 1 1 1 1 1 1 1 1 1 1 1 1 1 1 1 1 1 1 1 1 1 1 1 1 1 1 1 1 1 1 1 1 1 1 1 1 1 1 1 1 1 1 1 1 1 1 1 1 1 1 1 1 1 1 1 1 1 1 1 1 1 1 1 1 1 1 1 1 1 1 1 1 1 1 1 1 1 1 1 1 1 1 1 1 1 1 1 1 1 1 1 1 1 1 1 1 1 1 1 1 1 1 1 1 1 1 1 1 1 1 1 1 1 1 1 1 1 1 1 1 1 1 1 1 1 1 1 1 1 1 1 1 1 1 1 1 1 1 1 1 1 1 1 1 1 1 1 1 1 1 1 1 1 1 1 1 1 1 1 1 1 1 1 1 1 1 1 1 1 1 1 1 1 1 1 1 1 1 1 1 1 1 1 1 1 1 1 1 1 1 1 1 1 1 1 1 1 1 1 1 1 1 1 1 1 1 1 1 1 1 1 1 1 1 1 1 1 1 1 1 1 1 1 1 1 1 1 1 1 1 1 1 1 1 1 1 1 1 1 1 1 1 1 1 1 1 1 1 1 1 1 1 1 1 1 1 1 1 1 1 1 1 1 1 1 1 1 1 1 1 1 1 1 1 1 1 1 1 1 1 1 1 1 1 1 1 1 1 1 1 1 1 1 1 1 1 1 1 1 1 1 1 1 1 1 1 1 1 1 1 1 1 1 1 1 1 1 1 1 1 1 1 1 1 1 1 1 1 1 1 1 1 1 1 1 1 1 1 1 1 1 1 1 1 1 1 1 1 1 1 1 1 1 1 1 1 1 1 1 1 1 1 1 1 1 1 1 1 1 1 1 1 1 1 1 1 1 1 1 1 1 1 1 1 1 1 1 1 1 1 1 1 1 1 1 1 1 1 1 1 1 1 1 1 1 1 1 1 1 1 1 1 1 1 1 1 1 1 1 1 1 1 1 1 1 1 1 1 1 1 1 1 1 1 1 1 1 1 1 1 1 1 1 1 1 1 1 1 1 1 1 1 1 1 1 1 1 1 1 1 1 1 1 1 1 1 1 1 1 1 1 1 1 1 1 1 1 1 1 1 1 1 1 1 1 1 1 1 1 1 1 1 1 1 1 1 1 1 1 1 1 1 1 1 1 1 1 1 1 1 1 1 1 1 1 1 1 1 1 1 1 1 1 1 1 1 1 1 1 1 1 1 1 1 1 1 1 1 1 1 1 1 1 1 1 1 1 1 1 1 1 1 1 1 1 1 1 1 1 1 1 1 1 1 1 1 1 1 1 1 1 1 1 1 1 1 1 1 1 1 1 1 1 1 1 1 1 1 1 1 1 1 1 1 1 1 1 1 1 1 1 1 1 1 1 1 1 1 1 1 1 1 1 1 1 1 1 1 1 1 1 1 1 1 1 1 1 1 1 1 1 1 1 1 1 1 1 1 1 1 1 1 1 1 1 1 1 1 1 1 1 1 1 1 1 1 1 1 1 1 1 1 1 1 1 1 1 1 1 1 1 1 1 1 1 1 1 1 1 1 1 1 1 1 1 1 1 1 1 1 1 1 1 1 1 1 1 1 1 1 1 1 1 1 1 1 1 1 1 1 1 1 1 1 1 1 1 1 1 1 1 1 1 1 1 1 1 1 1 1 1 1 1 1 1 1 1 1 1 1 1 1 1 1 1 1 1 1 1 1 1 1 1 1 1 1 1 1 1 1 1 1 1 1 1 1 1 1 1 1 1 1 1 1 1 1 1 1 1 1 1 1 1 1 1 1 1 1 1 1 1 1 1 1 1 1 1 1 1 1 1 1 1 1 1 1 1 1 1 1 1 1 1 1 1 1 1 1 1 1 1 1 1 1 1 1 1 1 1 1 1 1 1 1 1 1 1 1 1 1 1 1 1 1 1 1 1 1 1 1 1 1 1 1 1 1 1 1 1 1 1 1 1 1 1 1 1 1 1 1 1 1 1 1 1 1 1 1 1 1 1 1 1 1 1 1 1 1 1 1 1 1 1 1 1 1 1 1 1 1 1 1 1 1 1 1 1 1 1 1 1 1 1 1 1 1 1 1 1 1 1 1 1 1 1 1 1 1 1 1 1 1 1 1 1 1 1 1 1 1 1 1 1 1 1 1 1 1 1 1 1 1 1 1 1 1 1 1 1 1 1 1 1 1 1 1 1 1 1 1 1 1 1 1 1 1 1 1 1 1 1 1 1 1 1 1 1 1 1 1 1 1 1 1 1 1 1 1 1 1 1 1 1 1 1 1 1 1 1 1 1 1 1 1 1 1 1 1 1 1 1 1 1 1 1 1 1 1 1 1 1 1 1 1 1 1 1 1 1 1 1 1 1 1 1 1 1 1 1 1 1 1 1 1 1 1 1 1 1 1 1 1 1 1 1 1 1 1 1 1 1 1 1 1 1 1 1 1 1 1 1 1 1 1 1 1 1 1 1 1 1 1 1 1 1 1 1 1 1 1 1 1 1 1 1 1 1 1 1 1 1 1 1 1 1 1 1 1 1 1 1 1 1 1 1 1 1 1 1 1 1 1 1 1 1 1 1 1 1 1 1 1 1 1 1 1 1 1 1 1 1 1 1 1 1 1 1 1 1 1 1 1 1 1 1 1 1 1 1 1 1 1 1 1 1 1 1 1 1 1 1 1 1 1 1 1 1 1 1 1 1 1 1 1 1 1 1 1 1 1 1 1 1 1 1 1 1 1 1 1 1 1 1 1 1 1 1 1 1 1 1 1 1 1 1 1 1 1 1 1 1 1 1 1 1 1 1 1 1 1 1 1 1 1 1 1 1 1 1 1 1 1 1 1 1 1 1 1 1 1 1 1 1 1 1 1 1 1 1 1 1 1 1 1 1 1 1 1 1 1 1 1 1 1 1 1 1 1 1 1 1 1 1 1 1 1 1 1 1 1 1 1 1 1 1 1 1 1 1 1 1 1 1 1 1 1 1 1 1 1 1 1 1 1 1 1 1 1 1 1 1 1 1 1 1 1 1 1 1 1 1 1 1 1 1 1 1 1 1 1 1 1 1 1 1 1 1 1 1 1 1 1 1 1 1 1 1 1 1 1 1 1 1 1 1 1 1 1 1 1 1 1 1 1 1 1 1 1 1 1 1 1 1 1 1 1 1 1 1 1 1 1 1 1 1 1 1 1 1 1 1 1 1 1 1 1 1 1 1 1 1 1 1 1 1 1 1 1 1 1 1 1 1 1 1 1 1 1 1 1 1 1 1 1 1 1 1 1 1 1 1 1 1 1 1 1 1 1 1 1 1 1 1 1 1 1 1 1 1 1 1 1 1 1 1 1 1 1 1 1 1 1 1 1 1 1 1 1 1 1 1 1 1 1 1 1 1 1 1 1 1 1 1 1 1 1 1 1 1 1 1 1 1 1 1 1 1 1 1 1 1 1 1 1 1 1 1 1 1 1 1 1 1 1 1 1 1 1 1 1 1 1 1 1 1 1 1 1 1 1 1 1 1 1 1 1 1 1 1 1 1 1 1 1 1 1 1 1 1 1 1 1 1 1 1 1 1 1 1 1 1 1 1 1 1 1 1 1 1 1 1 1 1 1 1 1 1 1 1 1 1 1 1 1 1 1 1 1 1 1 1 1 1 1 1 1 1 1 1 1 1 1 1 1 1 1 1 1 1 1 1 1 1 1 1 1 1 1 1 1 1 1 1 1 1 1 1 1 1 1 1 1 1 1 1 1 1 1 1 1 1 1 1 1 1 1 1 1 1 1 1 1 1 1 1 1 1 1 1 1 1 1 1 1 1 1 1 1 1 1 1 1 1 1 1 1 1 1 1 1 1 1 1 1 1 1 1 1 1 1 1 1 1 1 1 1 1 1 1 1 1 1 1 1 1 1 1 1 1 1 1 1 1 1 1 1 1 1 1 1 1 1 1 1 1 1 1 1 1 1 1 1 1 1 1 1 1 1 1 1 1 1 1 1 1 1 1 1 1 1 1 1 1 1 1 1 1 1 1 1 1 1 1 1 1 1 1 1 1 1 1 1 1 1 1 1 1 1 1 1 1 1 1 1 1 1 1 1 1 1 1 1 1 1 1 1 1 1 1 1 1 1 1 1 1 1 1 1 1 1 1 1 1 1 1 1 1 1 1 1 1 1 1 1 1 1 1 1 1 1 1 1 1 1 1 1 1 1 1 1 1 1 1 1 1 1 1 1 1 1 1 1 1 1 1 1 1 1 1 1 1 1 1 1 1 1 1 1 1 1 1 1 1 1 1 1 1 1 1 1 1 1 1 1 1 1 1 1 1 1 1 1 1 1 1 1 1 1 1 1 1 1 1 1 1 1 1 1 1 1 1 1 1 1 1 1 1 1 1 1 1 1 1 1 1 1 1 1 1 1 1 1 1 1 1 1 1 1 1 1 1 1 1 1 1 1 1 1 1 1 1 1 1 1 1 1 1 1 1 1 1 1 1 1 1 1 1 1 1 1 1 1 1 1 1 1 1 1 1 1 1 1 1 1 1 1 1 1 1 1 1 1 1 1 1 1 1 1 1 1 1 1 1 1 1 1 1 1 1 1 1 1 1 1 1 1 1 1 1 1 1 1 1 1 1 1 1 1 1 1 1 1 1 1 1 1 1 1 1 1 1 1 1 1 1 1 1 1 1 1 1 1 1 1 1 1 1 1 1 1 1 1 1 1 1 1 1 1 1 1 1 1 1 1 1 1 1 1 1 1 1 1 1 1 1 1 1 1 1 1 1 1 1 1 1 1 1 1 1 1 1 1 1 1 1 1 1 1 1 1 1 1 1 1 1 1 1 1 1 1 1 1 1 1 1 1 1 1 1 1 1 1 1 1 1 1 1 1 1 1 1 1 1 1 1 1 1 1 1 1 1 1 1 1 1 1 1 1 1 1 1 1 1 1 1 1 1 1 1 1 1 1 1 1 1 1 1 1 1 1 1 1 1 1 1 1 1 1 1 1 1 1 1 1 1 1 1 1 1 1 1 1 1 1 1 1 1 1 1 1 1 1 1 1 1 1 1 1 1 1 1 1 1 1 1 1 1 1 1 1 1 1 1 1 1 1 1 1 1 1 1 1 1 1 1 1 1 1 1 1 1 1 1 1 1 1 1 1 1 1 1 1 1 1 1 1 1 1 1 1 1 1 1 1 1 1 1 1 1 1 1 1 1 1 1 1 1 1 1 1 1 1 1 1 1 1 1 1 1 1 1 1 1 1 1 1 1 1 1 1 1 1 1 1 1 1 1 1 1 1 1 1 1 1 1 1 1 1 1 1 1 1 1 1 1 1 1 1 1 1 1 1 1 1 1 1 1 1 1 1 1 1 1 1 1 1 1 1 1 1 1 1 1 1 1 1 1 1 1 1 1 1 1 1 1 1 1 1 1 1 1 1 1 1 1 1 1 1 1 1 1 1 1 1 1 1 1 1 1 1 1 1 1 1 1 1 1 1 1 1 1 1 1 1 1 1 1 1 1 1 1 1 1 1 1 1 1 1 1 1 1 1 1 1 1 1 1 1 1 1 1 1 1 1 1 1 1 1 1 1 1 1 1 1 1 1 1 1 1 1 1 1 1 1 1 1 1 1 1 1 1 1 1 1 1 1 1 1 1 1 1 1 1 1 1 1 1 1 1 1 1 1 1 1 1 1 1 1 1 1 1 1 1 1 1 1 1 1 1 1 1 1 1 1 1 1 1 1 1 1 1 1 1 1 1 1 1 1 1 1 1 1 1 1 1 1 1 1 1 1 1 1 1 1 1 1 1 1 1 1 1 1 1 1 1 1 1 1 1 1 1 1 1 1 1 1 1 1 1 1 1 1 1 1 1 1 1 1 1 1 1 1 1 1 1 1 1 1 1 1 1 1 1 1 1 1 1 1 1 1 1 1 1 1 1 1 1 1 1 1 1 1 1 1 1 1 1 1 1 1 1 1 1 1 1 1 1 1 1 1 1 1 1 1 1 1 1 1 1 1 1 1 1 1 1 1 1 1 1 1 1 1 1 1 1 1 1 1 1 1 1 1 1 1 1 1 1 1 1 1 1 1 1 1 1 1 1 1 1 1 1 1 1 1 1 1 1 1 1 1 1 1 1 1 1 1 1 1 1 1 1 1 1 1 1 1 1 1 1 1 1 1 1 1 1 1 1 1 1 1 1 1 1 1 1 1 1 1 1 1 1 1 1 1 1 1 1 1 1 1 1 1 1 1 1 1 1 1 1 1 1 1 1 1 1 1 1 1 1 1 1 1 1 1 1 1 1 1 1 1 1 1 1 1 1 1 1 1 1 1 1 1 1 1 1 1 1 1 1 1 1 1 1 1 1 1 1 1 1 1 1 1 1 1 1 1 1 1 1 1 1 1 1 1 1 1 1 1 1 1 1 1 1 1 1 1 1 1 1 1 1 1 1 1 1 1 1 1 1 1 1 1 1 1 1 1 1 1 1 1 1 1 1 1 1 1 1 1 1 1 1 1 1 1 1 1 1 1 1 1 1 1 1 1 1 1 1 1 1 1 1 1 1 1 1 1 1 1 1 1 1 1 1 1 1 1 1 1 1 1 1 1 1 1 1 1 1 1 1 1 1 1 1 1 1 1 1 1 1 1 1 1 1 1 1 1 1 1 1 1 1 1 1 1 1 1 1 1 1 1 1 1 1 1 1 1 1 1 1 1 1 1 1 1 1 1 1 1 1 1 1 1 1 1 1 1 1 1 1 1 1 1 1 1 1 1 1 1 1 1 1 1 1 1 1 1 1 1 1 1 1 1 1 1 1 1 1 1 1 1 1 1 1 1 1 1 1 1 1 1 1 1 1 1 1 1 1 1 1 1 1 1 1 1 1 1 1 1 1 1 1 1 1 1 1 1 1 1 1 1 1 1 1 1 1 1 1 1 1 1 1 1 1 1 1 1 1 1 1 1 1 1 1 1 1 1 1 1 1 1 1 1 1 1 1 1 1 1 1 1 1 1 1 1 1 1 1 1 1 1 1 1 1 1 1 1 1 1 1 1 1 1 1 1 1 1 1 1 1 1 1 1 1 1 1 1 1 1 1 1 1 1 1 1 1 1 1 1 1 1 1 1 1 1 1 1 1 1 1 1 1 1 1 1 1 1 1 1 1 1 1 1 1 1 1 1 1 1 1 1 1 1 1 1 1 1 1 1 1 1 1 1 1 1 1 1 1 1 1 1 1 1 1 1 1 1 1 1 1 1 1 1 1 1 1 1 1 1 1 1 1 1 1 1 1 1 1 1 1 1 1 1 1 1 1 1 1 1 1 1 1 1 1 1 1 1 1 1 1 1 1 1 1 1 1 1 1 1 1 1 1 1 1 1 1 1 1 1 1 1 1 1 1 1 1 1 1 1 1 1 1 1 1 1 1 1 1 1 1 1 1 1 1 1 1 1 1 1 1 1 1 1 1 1 1 1 1 1 1 1 1 1 1 1 1 1 1 1 1 1 1 1 1 1 1 1 1 1 1 1 1 1 1 1 1 1 1 1 1 1 1 1 1 1 1 1 1 1 1 1 1 1 1 1 1 1 1 1 1 1 1 1 1 1 1 1 1 1 1 1 1 1 1 1 1 1 1 1 1 1 1 1 1 1 1 1 1 1 1 1 1 1 1 1 1 1 1 1 1 1 1 1 1 1 1 1 1 1 1 1 1 1 1 1 1 1 1 1 1 1 1 1 1 1 1 1 1 1 1 1 1 1 1 1 1 1 1 1 1 1 1 1 1 1 1 1 1 1 1 1 1 1 1 1 1 1 1 1 1 1 1 1 1 1 1 1 1 1 1 1 1 1 1 1 1 1 1 1 1 1 1 1 1 1 1 1 1 1 1 1 1 1 1 1 1 1 1 1 1 1 1 1 1 1 1 1 1 1 1 1 1 1 1 1 1 1 1 1 1 1 1 1 1 1 1 1 1 1 1 1 1 1 1 1 1 1 1 1 1 1 1 1 1 1 1 1 1 1 1 1 1 1 1 1 1 1 1 1 1 1 1 1 1 1 1 1 1 1 1 1 1 1 1 1 1 1 1 1 1 1 1 1 1 1 1 1 1 1 1 1 1 1 1 1 1 1 1 1 1 1 1 1 1 1 1 1 1 1 1 1 1 1 1 1 1 1 1 1 1 1 1 1 1 1 1 1 1 1 1 1 1 1 1 1 1 1 1 1 1 1 1 1 1 1 1 1 1 1 1 1 1 1 1 1 1 1 1 1 1 1 1 1 1 1 1 1 1 1 1 1 1 1 1 1 1 1 1 1 1 1 1 1 1 1 1 1 1 1 1 1 1 1 1 1 1 1 1 1 1 1 1 1 1 1 1 1 1 1 1 1 1 1 1 1 1 1 1 1 1 1 1 1 1 1 1 1 1 1 1 1 1 1 1 1 1 1 1 1 1 1 1 1 1 1 1 1 1 1 1 1 1 1 1 1 1 1 1 1 1 1 1 1 1 1 1 1 1 1 1 1 1 1 1 1 1 1 1 1 1 1 1 1 1 1 1 1 1 1 1 1 1 1 1 1 1 1 1 1 1 1 1 1 1 1 1 1 1 1 1 1 1 1 1 1 1 1 1 1 1 1 1 1 1 1 1 1 1 1 1 1 1 1 1 1 1 1 1 1 1 1 1 1 1 1 1 1 1 1 1 1 1 1 1 1 1 1 1 1 1 1 1 1 1 1 1 1 1 1 1 1 1 1 1 1 1 1 1 1 1 1 1 1 1 1 1 1 1 1 1 1 1 1 1 1 1 1 1 1 1 1 1 1 1 1 1 1 1 1 1 1 1 1 1 1 1 1 1 1 1 1 1 1 1 1 1 1 1 1 1 1 1 1 1 1 1 1 1 1 1 1 1 1 1 1 1 1 1 1 1 1 1 1 1 1 1 1 1 1 1 1 1 1 1 1 1 1 1 1 1 1 1 1 1 1 1 1 1 1 1 1 1 1 1 1 1 1 1 1 1 1 1 1 1 1 1 1 1 1 1 1 1 1 1 1 1 1 1 1 1 1 1 1 1 1 1 1 1 1 1 1 1 1 1 1 1 1 1 1 1 1 1 1 1 1 1 1 1 1 1 1 1 1 1 1 1 1 1 1 1 1 1 1 1 1 1 1 1 1 1 1 1 1 1 1 1 1 1 1 1 1 1 1 1 1 1 1 1 1 1 1 1 1 1 1 1 1 1 1 1 1 1 1 1 1 1 1 1 1 1 1 1 1 1 1 1 1 1 1 1 1 1 1 1 1 1 1 1 1 1 1 1 1 1 1 1 1 1 1 1 1 1 1 1 1 1 1 1 1 1 1 1 1 1 1 1 1 1 1 1 1 1 1 1 1 1 1 1 1 1 1 1 1 1 1 1 1 1 1 1 1 1 1 1 1 1 1 1 1 1 1 1 1 1 1 1 1 1 1 1 1 1 1 1 1 1 1 1 1 1 1 1 1 1 1 1 1 1 1 1 1 1 1 1 1 1 1 1 1 1 1 1 1 1 1 1 1 1 1 1 1 1 1 1 1 1 1 1 1 1 1 1 1 1 1 1 1 1 1 1 1 1 1 1 1 1 1 1 1 1 1 1 1 1 1 1 1 1 1 1 1 1 1 1 1 1 1 1 1 1 1 1 1 1 1 1 1 1 1 1 1 1 1 1 1 1 1 1 1 1 1 1 1 1 1 1 1 1 1 1 1 1 1 1 1 1 1 1 1 1 1 1 1 1 1 1 1 1 1 1 1 1 1 1 1 1 1 1 1 1 1 1 1 1 1 1 1 1 1 1 1 1 1 1 1 1 1 1 1 1 1 1 1 1 1 1 1 1 1 1 1 1 1 1 1 1 1 1 1 1 1 1 1 1 1 1 1 1 1 1 1 1 1 1 1 1 1 1 1 1 1 1 1 1 1 1 1 1 1 1 1 1 1 1 1 1 1 1 1 1 1 1 1 1 1 1 1 1 1 1 1 1 1 1 1 1 1 1 1 1 1 1 1 1 1 1 1 1 1 1 1 1 1 1 1 1 1 1 1 1 1 1 1 1 1 1 1 1 1 1 1 1 1 1 1 1 1 1 1 1 1 1 1 1 1 1 1 1 1 1 1 1 1 1 1 1 1 1 1 1 1 1 1 1 1 1 1 1 1 1 1 1 1 1 1 1 1 1 1 1 1 1 1 1 1 1 1 1 1 1 1 1 1 1 1 1 1 1 1 1 1 1 1 1 1 1 1 1 1 1 1 1 1 1 1 1 1 1 1 1 1 1 1 1 1 1 1 1 1 1 1 1 1 1 1 1 1 1 1 1 1 1 1 1 1 1 1 1 1 1 1 1 1 1 1 1 1 1 1 1 1 1 1 1 1 1 1 1 1 1 1 1 1 1 1 1 1 1 1 1 1 1 1 1 1 1 1 1 1 1 1 1 1 1 1 1 1 1 1 1 1 1 1 1 1 1 1 1 1 1 1 1 1 1 1 1 1 1 1 1 1 1 1 1 1 1 1 1 1 1 1 1 1 1 1 1 1 1 1 1 1 1 1 1 1 1 1 1 1 1 1 1 1 1 1 1 1 1 1 1 1 1 1 1 1 1 1 1 1 1 1 1 1 1 1 1 1 1 1 1 1 1 1 1 1 1 1 1 1 1 1 1 1 1 1 1 1 1 1 1 1 1 1 1 1 1 1 1 1 1 1 1 1 1 1 1 1 1 1 1 1 1 1 1 1 1 1 1 1 1 1 1 1 1 1 1 1 1 1 1 1 1 1 1 1 1 1 1 1 1 1 1 1 1 1 1 1 1 1 1 1 1 1 1 1 1 1 1 1 1 1 1 1 1 1 1 1 1 1 1 1 1 1 1 1 1 1 1 1 1 1 1 1 1 1 1 1 1 1 1 1 1 1 1 1 1 1 1 1 1 1 1 1 1 1 1 1 1 1 1 1 1 1 1 1 1 1 1 1 1 1 1 1 1 1 1 1 1 1 1 1 1 1 1 1 1 1 1 1 1 1 1 1 1 1 1 1 1 1 1 1 1 1 1 1 1 1 1 1 1 1 1 1 1 1 1 1 1 1 1 1 1 1 1 1 1 1 1 1 1 1 1 1 1 1 1 1 1 1 1 1 1 1 1 1 1 1 1 1 1 1 1 1 1 1 1 1 1 1 1 1 1 1 1 1 1 1 1 1 1 1 1 1 1 1 1 1 1 1 1 1 1 1 1 1 1 1 1 1 1 1 1 1 1 1 1 1 1 1 1 1 1 1 1 1 1 1 1 1 1 1 1 1 1 1 1 1 1 1 1 1 1 1 1 1 1 1 1 1 1 1 1 1 1 1 1 1 1 1 1 1 1 1 1 1 1 1 1 1 1 1 1 1 1 1 1 1 1 1 1 1 1 1 1 1 1 1 1 1 1 1 1 1 1 1 1 1 1 1 1 1 1 1 1 1 1 1 1 1 1 1 1 1 1 1 1 1 1 1 1 1 1 1 1 1 1 1 1 1 1 1 1 1 1 1 1 1 1 1 1 1 1 1 1 1 1 1 1 1 1 1 1 1 1 1 1 1 1 1 1 1 1 1 1 1 1 1 1 1 1 1 1 1 1 1 1 1 1 1 1 1 1 1 1 1 1 1 1 1 1 1 1 1 1 1 1 1 1 1 1 1 1 1 1 1 1 1 1 1 1 1 1 1 1 1 1 1 1 1 1 1 1 1 1 1 1 1 1 1 1 1 1 1 1 1 1 1 1 1 1 1 1 1 1 1 1 1 1 1 1 1 1 1 1 1 1 1 1 1 1 1 1 1 1 1 1 1 1 1 1 1 1 1 1 1 1 1 1 1 1 1 1 1 1 1 1 1 1 1 1 1 1 1 1 1 1 1 1 1 1 1 1 1 1 1 1 1 1 1 1 1 1 1 1 1 1 1 1 1 1 1 1 1 1 1 1 1 1 1 1 1 1 1 1 1 1 1 1 1 1 1 1 1 1 1 1 1 1 1 1 1 1 1 1 1 1 1 1 1 1 1 1 1 1 1 1 1 1 1 1 1 1 1 1 1 1 1 1 1 1 1 1 1 1 1 1 1 1 1 1 1 1 1 1 1 1 1 1 1 1 1 1 1 1 1 1 1 1 1 1 1 1 1 1 1 1 1 1 1 1 1 1 1 1 1 1 1 1 1 1 1 1 1 1 1 1 1 1 1 1 1 1 1 1 1 1 1 1 1 1 1 1 1 1 1 1 1 1 1 1 1 1 1 1 1 1 1 1 1 1 1 1 1 1 1 1 1 1 1 1 1 1 1 1 1 1 1 1 1 1 1 1 1 1 1 1 1 1 1 1 1 1 1 1 1 1 1 1 1 1 1 1 1 1 1 1 1 1 1 1 1 1 1 1 1 1 1 1 1 1 1 1 1 1 1 1 1 1 1 1 1 1 1 1 1 1 1 1 1 1 1 1 1 1 1 1 1 1 1 1 1 1 1 1 1 1 1 1 1 1 1 1 1 1 1 1 1 1 1 1 1 1 1 1 1 1 1 1 1 1 1 1 1 1 1 1 1 1 1 1 1 1 1 1 1 1 1 1 1 1 1 1 1 1 1 1 1 1 1 1 1 1 1 1 1 1 1 1 1 1 1 1 1 1 1 1 1 1 1 1 1 1 1 1 1 1 1 1 1 1 1 1 1 1 1 1 1 1 1 1 1 1 1 1 1 1 1 1 1 1 1 1 1 1 1 1 1 1 1 1 1 1 1 1 1 1 1 1 1 1 1 1 1 1 1 1 1 1 1 1 1 1 1 1 1 1 1 1 1 1 1 1 1 1 1 1 1 1 1 1 1 1 1 1 1 1 1 1 1 1 1 1 1 1 1 1 1 1 1 1 1 1 1 1 1 1 1 1 1 1 1 1 1 1 1 1 1 1 1 1 1 1 1 1 1 1 1 1 1 1 1 1 1 1 1 1 1 1 1 1 1 1 1 1 1 1 1 1 1 1 1 1 1 1 1 1 1 1 1 1 1 1 1 1 1 1 1 1 1 1 1 1 1 1 1 1 1 1 1 1 1 1 1 1 1 1 1 1 1 1 1 1 1 1 1 1 1 1 1 1 1 1 1 1 1 1 1 1 1 1 1 1 1 1 1 1 1 1 1 1 1 1 1 1 1 1 1 1 1 1 1 1 1 1 1 1 1 1 1 1 1 1 1 1 1 1 1 1 1 1 1 1 1 1 1 1 1 1 1 1 1 1 1 1 1 1 1 1 1 1 1 1 1 1 1 1 1 1 1 1 1 1 1 1 1 1 1 1 1 1 1 1 1 1 1 1 1 1 1 1 1 1 1 1 1 1 1 1 1 1 1 1 1 1 1 1 1 1 1 1 1 1 1 1 1 1 1 1 1 1 1 1 1 1 1 1 1 1 1 1 1 1 1 1 1 1 1 1 1 1 1 1 1 1 1 1 1 1 1 1 1 1 1 1 1 1 1 1 1 1 1 1 1 1 1 1 1 1 1 1 1 1 1 1 1 1 1 1 1 1 1 1 1 1 1 1 1 1 1 1 1 1 1 1 1 1 1 1 1 1 1 1 1 1 1 1 1 1 1 1 1 1 1 1 1 1 1 1 1 1 1 1 1 1 1 1 1 1 1 1 1 1 1 1 1 1 1 1 1 1 1 1 1 1 1 1 1 1 1 1 1 1 1 1 1 1 1 1 1 1 1 1 1 1 1 1 1 1 1 1 1 1 1 1 1 1 1 1 1 1 1 1 1 1 1 1 1 1 1 1 1 1 1 1 1 1 1 1 1 1 1 1 1 1 1 1 1 1 1 1 1 1 1 1 1 1 1 1 1 1 1 1 1 1 1 1 1 1 1 1 1 1 1 1 1 1 1 1 1 1 1 1 1 1 1 1 1 1 1 1 1 1 1 1 1 1 1 1 1 1 1 1 1 1 1 1 1 1 1 1 1 1 1 1 1 1 1 1 1 1 1 1 1 1 1 1 1 1 1 1 1 1 1 1 1 1 1 1 1 1 1 1 1 1 1 1 1 1 1 1 1 1 1 1 1 1 1 1 1 1 1 1 1 1 1 1 1 1 1 1 1 1 1 1 1 1 1 1 1 1 1 1 1 1 1 1 1 1 1 1 1 1 1 1 1 1 1 1 1 1 1 1 1 1 1 1 1 1 1 1 1 1 1 1 1 1 1 1 1 1 1 1 1 1 1 1 1 1 1 1 1 1 1 1 1 1 1 1 1 1 1 1 1 1 1 1 1 1 1 1 1 1 1 1 1 1 1 1 1 1 1 1 1 1 1 1 1 1 1 1 1 1 1 1 1 1 1 1 1 1 1 1 1 1 1 1 1 1 1 1 1 1 1 1 1 1 1 1 1 1 1 1 1 1 1 1 1 1 1 1 1 1 1 1 1 1 1 1 1 1 1 1 1 1 1 1 1 1 1 1 1 1 1 1 1 1 1 1 1 1 1 1 1 1 1 1 1 1 1 1 1 1 1 1 1 1 1 1 1 1 1 1 1 1 1 1 1 1 1 1 1 1 1 1 1 1 1 1 1 1 1 1 1 1 1 1 1 1 1 1 1 1 1 1 1 1 1 1 1 1 1 1 1 1 1 1 1 1 1 1 1 1 1 1 1 1 1 1 1 1 1 1 1 1 1 1 1 1 1 1 1 1 1 1 1 1 1 1 1 1 1 1 1 1 1 1 1 1 1 1 1 1 1 1 1 1 1 1 1 1 1 1 1 1 1 1 1 1 1 1 1 1 1 1 1 1 1 1 1 1 1 1 1 1 1 1 1 1 1 1 1 1 1 1 1 1 1 1 1 1 1 1 1 1 1 1 1 1 1 1 1 1 1 1 1 1 1 1 1 1 1 1 1 1 1 1 1 1 1 1 1 1 1 1 1 1 1 1 1 1 1 1 1 1 1 1 1 1 1 1 1 1 1 1 1 1 1 1 1 1 1 1 1 1 1 1 1 1 1 1 1 1 1 1 1 1 1 1 1 1 1 1 1 1 1 1 1 1 1 1 1 1 1 1 1 1 1 1 1 1 1 1 1 1 1 1 1 1 1 1 1 1 1 1 1 1 1 1 1 1 1 1 1 1 1 1 1 1 1 1 1 1 1 1 1 1 1 1 1 1 1 1 1 1 1 1 1 1 1 1 1 1 1 1 1 1 1 1 1 1 1 1 1 1 1 1 1 1 1 1 1 1 1 1 1 1 1 1 1 1 1 1 1 1 1 1 1 1 1 1 1 1 1 1 1 1 1 1 1 1 1 1 1 1 1 1 1 1 1 1 1 1 1 1 1 1 1 1 1 1 1 1 1 1 1 1 1 1 1 1 1 1 1 1 1 1 1 1 1 1 1 1 1 1 1 1 1 1 1 1 1 1 1 1 1 1 1 1 1 1 1 1 1 1 1 1 1 1 1 1 1 1 1 1 1 1 1 1 1 1 1 1 1 1 1 1 1 1 1 1 1 1 1 1 1 1 1 1 1 1 1 1 1 1 1 1 1 1 1 1 1 1 1 1 1 1 1 1 1 1 1 1 1 1 1 1 1 1 1 1 1 1 1 1 1 1 1 1 1 1 1 1 1 1 1 1 1 1 1 1 1 1 1 1 1 1 1 1 1 1 1 1 1 1 1 1 1 1 1 1 1 1 1 1 1 1 1 1 1 1 1 1 1 1 1 1 1 1 1 1 1 1 1 1 1 1 1 1 1 1 1 1 1 1 1 1 1 1 1 1 1 1 1 1 1 1 1 1 1 1 1 1 1 1 1 1 1 1 1 1 1 1 1 1 1 1 1 1 1 1 1 1 1 1 1 1 1 1 1 1 1 1 1 1 1 1 1 1 1 1 1 1 1 1 1 1 1 1 1 1 1 1 1 1 1 1 1 1 1 1 1 1 1 1 1 1 1 1 1 1 1 1 1 1 1 1 1 1 1 1 1 1 1 1 1 1 1 1 1 1 1 1 1 1 1 1 1 1 1 1 1 1 1 1 1 1 1 1 1 1 1 1 1 1 1 1 1 1 1 1 1 1 1 1 1 1 1 1 1 1 1 1 1 1 1 1 1 1 1 1 1 1 1 1 1 1 1 1 1 1 1 1 1 1 1 1 1 1 1 1 1 1 1 1 1 1 1 1 1 1 1 1 1 1 1 1 1 1 1 1 1 1 1 1 1 1 1 1 1 1 1 1 1 1 1 1 1 1 1 1 1 1 1 1 1 1 1 1 1 1 1 1 1 1 1 1 1 1 1 1 1 1 1 1 1 1 1 1 1 1 1 1 1 1 1 1 1 1 1 1 1 1 1 1 1 1 1 1 1 1 1 1 1 1 1 1 1 1 1 1 1 1 1 1 1 1 1 1 1 1 1 1 1 1 1 1 1 1 1 1 1 1 1 1 1 1 1 1 1 1 1 1 1 1 1 1 1 1 1 1 1 1 1 1 1 1 1 1 1 1 1 1 1 1 1 1 1 1 1 1 1 1 1 1 1 1 1 1 1 1 1 1 1 1 1 1 1 1 1 1 1 1 1 1 1 1 1 1 1 1 1 1 1 1 1 1 1 1 1 1 1 1 1 1 1 1 1 1 1 1 1 1 1 1 1 1 1 1 1 1 1 1 1 1 1 1 1 1 1 1 1 1 1 1 1 1 1 1 1 1 1 1 1 1 1 1 1 1 1 1 1 1 1 1 1 1 1 1 1 1 1 1 1 1 1 1 1 1 1 1 1 1 1 1 1 1 1 1 1 1 1 1 1 1 1 1 1 1 1 1 1 1 1 1 1 1 1 1 1 1 1 1 1 1 1 1 1 1 1 1 1 1 1 1 1 1 1 1 1 1 1 1 1 1 1 1 1 1 1 1 1 1 1 1 1 1 1 1 1 1 1 1 1 1 1 1 1 1 1 1 1 1 1 1 1 1 1 1 1 1 1 1 1 1 1 1 1 1 1 1 1 1 1 1 1 1 1 1 1 1 1 1 1 1 1 1 1 1 1 1 1 1 1 1 1 1 1 1 1 1 1 1 1 1 1 1 1 1 1 1 1 1 1 1 1 1 1 1 1 1 1 1 1 1 1 1 1 1 1 1 1 1 1 1 1 1 1 1 1 1 1 1 1 1 1 1 1 1 1 1 1 1 1 1 1 1 1 1 1 1 1 1 1 1 1 1 1 1 1 1 1 1 1 1 1 1 1 1 1 1 1 1 1 1 1 1 1 1 1 1 1 1 1 1 1 1 1 1 1 1 1 1 1 1 1 1 1 1 1 1 1 1 1 1 1 1 1 1 1 1 1 1 1 1 1 1 1 1 1 1 1 1 1 1 1 1 1 1 1 1 1 1 1 1 1 1 1 1 1 1 1 1 1 1 1 1 1 1 1 1 1 1 1 1 1 1 1 1 1 1 1 1 1 1 1 1 1 1 1 1 1 1 1 1 1 1 1 1 1 1 1 1 1 1 1 1 1 1 1 1 1 1 1 1 1 1 1 1 1 1 1 1 1 1 1 1 1 1 1 1 1 1 1 1 1 1 1 1 1 1 1 1 1 1 1 1 1 1 1 1 1 1 1 1 1 1 1 1 1 1 1 1 1 1 1 1 1 1 1 1 1 1 1 1 1 1 1 1 1 1 1 1 1 1 1 1 1 1 1 1 1 1 1 1 1 1 1 1 1 1 1 1 1 1 1 1 1 1 1 1 1 1 1 1 1 1 1 1 1 1 1 1 1 1 1 1 1 1 1 1 1 1 1 1 1 1 1 1 1 1 1 1 1 1 1 1 1 1 1 1 1 1 1 1 1 1 1 1 1 1 1 1 1 1 1 1 1 1 1 1 1 1 1 1 1 1 1 1 1 1 1 1 1 1 1 1 1 1 1 1 1 1 1 1 1 1 1 1 1 1 1 1 1 1 1 1 1 1 1 1 1 1 1 1 1 1 1 1 1 1 1 1 1 1 1 1 1 1 1 1 1 1 1 1 1 1 1 1 1 1 1 1 1 1 1 1 1 1 1 1 1 1 1 1 1 1 1 1 1 1 1 1 1 1 1 1 1 1 1 1 1 1 1 1 1 1 1 1 1 1 1 1 1 1 1 1 1 1 1 1 1 1 1 1 1 1 1 1 1 1 1 1 1 1 1 1 1 1 1 1 1 1 1 1 1 1 1 1 1 1 1 1 1 1 1 1 1 1 1 1 1 1 1 1 1 1 1 1 1 1 1 1 1 1 1 1 1 1 1 1 1 1 1 1 1 1 1 1 1 1 1 1 1 1 1 1 1 1 1 1 1 1 1 1 1 1 1 1 1 1 1 1 1 1 1 1 1 1 1 1 1 1 1 1 1 1 1 1 1 1 1 1 1 1 1 1 1 1 1 1 1 1 1 1 1 1 1 1 1 1 1 1 1 1 1 1 1 1 1 1 1 1 1 1 1 1 1 1 1 1 1 1 1 1 1 1 1 1 1 1 1 1 1 1 1 1 1 1 1 1 1 1 1 1 1 1 1 1 1 1 1 1 1 1 1 1 1 1 1 1 1 1 1 1 1 1 1 1 1 1 1 1 1 1 1 1 1 1 1 1 1 1 1 1 1 1 1 1 1 1 1 1 1 1 1 1 1 1 1 1 1 1 1 1 1 1 1 1 1 1 1 1 1 1 1 1 1 1 1 1 1 1 1 1 1 1 1 1 1 1 1 1 1 1 1 1 1 1 1 1 1 1 1 1 1 1 1 1 1 1 1 1 1 1 1 1 1 1 1 1 1 1 1 1 1 1 1 1 1 1 1 1 1 1 1 1 1 1 1 1 1 1 1 1 1 1 1 1 1 1 1 1 1 1 1 1 1 1 1 1 1 1 1 1 1 1 1 1 1 1 1 1 1 1 1 1 1 1 1 1 1 1 1 1 1 1 1 1 1 1 1 1 1 1 1 1 1 1 1 1 1 1 1 1 1 1 1 1 1 1 1 1 1 1 1 1 1 1 1 1 1 1 1 1 1 1 1 1 1 1 1 1 1 1 1 1 1 1 1 1 1 1 1 1 1 1 1 1 1 1 1 1 1 1 1 1 1 1 1 1 1 1 1 1 1 1 1 1 1 1 1 1 1 1 1 1 1 1 1 1 1 1 1 1 1 1 1 1 1 1 1 1 1 1 1 1 1 1 1 1 1 1 1 1 1 1 1 1 1 1 1 1 1 1 1 1 1 1 1 1 1 1 1 1 1 1 1 1 1 1 1 1 1 1 1 1 1 1 1 1 1 1 1 1 1 1 1 1 1 1 1 1 1 1 1 1 1 1 1 1 1 1 1 1 1 1 1 1 1 1 1 1 1 1 1 1 1 1 1 1 1 1 1 1 1 1 1 1 1 1 1 1 1 1 1 1 1 1 1 1 1 1 1 1 1 1 1 1 1 1 1 1 1 1 1 1 1 1 1 1 1 1 1 1 1 1 1 1 1 1 1 1 1 1 1 1 1 1 1 1 1 1 1 1 1 1 1 1 1 1 1 1 1 1 1 1 1 1 1 1 1 1 1 1 1 1 1 1 1 1 1 1 1 1 1 1 1 1 1 1 1 1 1 1 1 1 1 1 1 1 1 1 1 1 1 1 1 1 1 1 1 1 1 1 1 1 1 1 1 1 1 1 1 1 1 1 1 1 1 1 1 1 1 1 1 1 1 1 1 1 1 1 1 1 1 1 1 1 1 1 1 1 1 1 1 1 1 1 1 1 1 1 1 1 1 1 1 1 1 1 1 1 1 1 1 1 1 1 1 1 1 1 1 1 1 1 1 1 1 1 1 1 1 1 1 1 1 1 1 1 1 1 1 1 1 1 1 1 1 1 1 1 1 1 1 1 1 1 1 1 1 1 1 1 1 1 1 1 1 1 1 1 1 1 1 1 1 1 1 1 1 1 1 1 1 1 1 1 1 1 1 1 1 1 1 1 1 1 1 1 1 1 1 1 1 1 1 1 1 1 1 1 1 1 1 1 1 1 1 1 1 1 1 1 1 1 1 1 1 1 1 1 1 1 1 1 1 1 1 1 1 1 1 1 1 1 1 1 1 1 1 1 1 1 1 1 1 1 1 1 1 1 1 1 1 1 1 1 1 1 1 1 1 1 1 1 1 1 1 1 1 1 1 1 1 1 1 1 1 1 1 1 1 1 1 1 1 1 1 1 1 1 1 1 1 1 1 1 1 1 1 1 1 1 1 1 1 1 1 1 1 1 1 1 1 1 1 1 1 1 1 1 1 1 1 1 1 1 1 1 1 1 1 1 1 1 1 1 1 1 1 1 1 1 1 1 1 1 1 1 1 1 1 1 1 1 1 1 1 1 1 1 1 1 1 1 1 1 1 1 1 1 1 1 1 1 1 1 1 1 1 1 1 1 1 1 1 1 1 1 1 1 1 1 1 1 1 1 1 1 1 1 1 1 1 1 1 1 1 1 1 1 1 1 1 1 1 1 1 1 1 1 1 1 1 1 1 1 1 1 1 1 1 1 1 1 1 1 1 1 1 1 1 1 1 1 1 1 1 1 1 1 1 1 1 1 1 1 1 1 1 1 1 1 1 1 1 1 1 1 1 1 1 1 1 1 1 1 1 1 1 1 1 1 1 1 1 1 1 1 1 1 1 1 1 1 1 1 1 1 1 1 1 1 1 1 1 1 1 1 1 1 1 1 1 1 1 1 1 1 1 1 1 1 1 1 1 1 1 1 1 1 1 1 1 1 1 1 1 1 1 1 1 1 1 1 1 1 1 1 1 1 1 1 1 1 1 1 1 1 1 1 1 1 1 1 1 1 1 1 1 1 1 1 1 1 1 1 1 1 1 1 1 1 1 1 1 1 1 1 1 1 1 1 1 1 1 1 1 1 1 1 1 1 1 1 1 1 1 1 1 1 1 1 1 1 1 1 1 1 1 1 1 1 1 1 1 1 1 1 1 1 1 1 1 1 1 1 1 1 1 1 1 1 1 1 1 1 1 1 1 1 1 1 1 1 1 1 1 1 1 1 1 1 1 1 1 1 1 1 1 1 1 1 1 1 1 1 1 1 1 1 1 1 1 1 1 1 1 1 1 1 1 1 1 1 1 1 1 1 1 1 1 1 1 1 1 1 1 1 1 1 1 1 1 1 1 1 1 1 1 1 1 1 1 1 1 1 1 1 1 1 1 1 1 1 1 1 1 1 1 1 1 1 1 1 1 1 1 1 1 1 1 1 1 1 1 1 1 1 1 1 1 1 1 1 1 1 1 1 1 1 1 1 1 1 1 1 1 1 1 1 1 1 1 1 1 1 1 1 1 1 1 1 1 1 1 1 1 1 1 1 1 1 1 1 1 1 1 1 1 1 1 1 1 1 1 1 1 1 1 1 1 1 1 1 1 1 1 1 1 1 1 1 1 1 1 1 1 1 1 1 1 1 1 1 1 1 1 1 1 1 1 1 1 1 1 1 1 1 1 1 1 1 1 1 1 1 1 1 1 1 1 1 1 1 1 1 1 1 1 1 1 1 1 1 1 1 1 1 1 1 1 1 1 1 1 1 1 1 1 1 1 1 1 1 1 1 1 1 1 1 1 1 1 1 1 1 1 1 1 1 1 1 1 1 1 1 1 1 1 1 1 1 1 1 1 1 1 1 1 1 1 1 1 1 1 1 1 1 1 1 1 1 1 1 1 1 1 1 1 1 1 1 1 1 1 1 1 1 1 1 1 1 1 1 1 1 1 1 1 1 1 1 1 1 1 1 1 1 1 1 1 1 1 1 1 1 1 1 1 1 1 1 1 1 1 1 1 1 1 1 1 1 1 1 1 1 1 1 1 1 1 1 1 1 1 1 1 1 1 1 1 1 1 1 1 1 1 1 1 1 1 1 1 1 1 1 1 1 1 1 1 1 1 1 1 1 1 1 1 1 1 1 1 1 1 1 1 1 1 1 1 1 1 1 1 1 1 1 1 1 1 1 1 1 1 1 1 1 1 1 1 1 1 1 1 1 1 1 1 1 1 1 1 1 1 1 1 1 1 1 1 1 1 1 1 1 1 1 1 1 1 1 1 1 1 1 1 1 1 1 1 1 1 1 1 1 1 1 1 1 1 1 1 1 1 1 1 1 1 1 1 1 1 1 1 1 1 1 1 1 1 1 1 1 1 1 1 1 1 1 1 1 1 1 1 1 1 1 1 1 1 1 1 1 1 1 1 1 1 1 1 1 1 1 1 1 1 1 1 1 1 1 1 1 1 1 1 1 1 1 1 1 1 1 1 1 1 1 1 1 1 1 1 1 1 1 1 1 1 1 1 1 1 1 1 1 1 1 1 1 1 1 1 1 1 1 1 1 1 1 1 1 1 1 1 1 1 1 1 1 1 1 1 1 1 1 1 1 1 1 1 1 1 1 1 1 1 1 1 1 1 1 1 1 1 1 1 1 1 1 1 1 1 1 1 1 1 1 1 1 1 1 1 1 1 1 1 1 1 1 1 1 1 1 1 1 1 1 1 1 1 1 1 1 1 1 1 1 1 1 1 1 1 1 1 1 1 1 1 1 1 1 1 1 1 1 1 1 1 1 1 1 1 1 1 1 1 1 1 1 1 1 1 1 1 1 1 1 1 1 1 1 1 1 1 1 1 1 1 1 1 1 1 1 1 1 1 1 1 1 1 1 1 1 1 1 1 1 1 1 1 1 1 1 1 1 1 1 1 1 1 1 1 1 1 1 1 1 1 1 1 1 1 1 1 1 1 1 1 1 1 1 1 1 1 1 1 1 1 1 1 1 1 1 1 1 1 1 1 1 1 1 1 1 1 1 1 1 1 1 1 1 1 1 1 1 1 1 1 1 1 1 1 1 1 1 1 1 1 1 1 1 1 1 1 1 1 1 1 1 1 1 1 1 1 1 1 1 1 1 1 1 1 1 1 1 1 1 1 1 1 1 1 1 1 1 1 1 1 1 1 1 1 1 1 1 1 1 1 1 1 1 1 1 1 1 1 1 1 1 1 1 1 1 1 1 1 1 1 1 1 1 1 1 1 1 1 1 1 1 1 1 1 1 1 1 1 1 1 1 1 1 1 1 1 1 1 1 1 1 1 1 1 1 1 1 1 1 1 1 1 1 1 1 1 1 1 1 1 1 1 1 1 1 1 1 1 1 1 1 1 1 1 1 1 1 1 1 1 1 1 1 1 1 1 1 1 1 1 1 1 1 1 1 1 1 1 1 1 1 1 1 1 1 1 1 1 1 1 1 1 1 1 1 1 1 1 1 1 1 1 1 1 1 1 1 1 1 1 1 1 1 1 1 1 1 1 1 1 1 1 1 1 1 1 1 1 1 1 1 1 1 1 1 1 1 1 1 1 1 1 1 1 1 1 1 1 1 1 1 1 1 1 1 1 1 1 1 1 1 1 1 1 1 1 1 1 1 1 1 1 1 1 1 1 1 1 1 1 1 1 1 1 1 1 1 1 1 1 1 1 1 1 1 1 1 1 1 1 1 1 1 1 1 1 1 1 1 1 1 1 1 1 1 1 1 1 1 1 1 1 1 1 1 1 1 1 1 1 1 1 1 1 1 1 1 1 1 1 1 1 1 1 1 1 1 1 1 1 1 1 1 1 1 1 1 1 1 1 1 1 1 1 1 1 1 1 1 1 1 1 1 1 1 1 1 1 1 1 1 1 1 1 1 1 1 1 1 1 1 1 1 1 1 1 1 1 1 1 1 1 1 1 1 1 1 1 1 1 1 1 1 1 1 1 1 1 1 1 1 1 1 1 1 1 1 1 1 1 1 1 1 1 1 1 1 1 1 1 1 1 1 1 1 1 1 1 1 1 1 1 1 1 1 1 1 1 1 1 1 1 1 1 1 1 1 1 1 1 1 1 1 1 1 1 1 1 1 1 1 1 1 1 1 1 1 1 1 1 1 1 1 1 1 1 1 1 1 1 1 1 1 1 1 1 1 1 1 1 1 1 1 1 1 1 1 1 1 1 1 1 1 1 1 1 1 1 1 1 1 1 1 1 1 1 1 1 1 1 1 1 1 1 1 1 1 1 1 1 1 1 1 1 1 1 1 1 1 1 1 1 1 1 1 1 1 1 1 1 1 1 1 1 1 1 1 1 1 1 1 1 1 1 1 1 1 1 1 1 1 1 1 1 1 1 1 1 1 1 1 1 1 1 1 1 1 1 1 1 1 1 1 1 1 1 1 1 1 1 1 1 1 1 1 1 1 1 1 1 1 1 1 1 1 1 1 1 1 1 1 1 1 1 1 1 1 1 1 1 1 1 1 1 1 1 1 1 1 1 1 1 1 1 1 1 1 1 1 1 1 1 1 1 1 1 1 1 1 1 1 1 1 1 1 1 1 1 1 1 1 1 1 1 1 1 1 1 1 1 1 1 1 1 1 1 1 1 1 1 1 1 1 1 1 1 1 1 1 1 1 1 1 1 1 1 1 1 1 1 1 1 1 1 1 1 1 1 1 1 1 1 1 1 1 1 1 1 1 1 1 1 1 1 1 1 1 1 1 1 1 1 1 1 1 1 1 1 1 1 1 1 1 1 1 1 1 1 1 1 1 1 1 1 1 1 1 1 1 1 1 1 1 1 1 1 1 1 1 1 1 1 1 1 1 1 1 1 1 1 1 1 1 1 1 1 1 1 1 1 1 1 1 1 1 1 1 1 1 1 1 1 1 1 1 1 1 1 1 1 1 1 1 1 1 1 1 1 1 1 1 1 1 1 1 1 1 1 1 1 1 1 1 1 1 1 1 1 1 1 1 1 1 1 1 1 1 1 1 1 1 1 1 1 1 1 1 1 1 1 1 1 1 1 1 1 1 1 1 1 1 1 1 1 1 1 1 1 1 1 1 1 1 1 1 1 1 1 1 1 1 1 1 1 1 1 1 1 1 1 1 1 1 1 1 1 1 1 1 1 1 1 1 1 1 1 1 1 1 1 1 1 1 1 1 1 1 1 1 1 1 1 1 1 1 1 1 1 1 1 1 1 1 1 1 1 1 1 1 1 1 1 1 1 1 1 1 1 1 1 1 1 1 1 1 1 1 1 1 1 1 1 1 1 1 1 1 1 1 1 1 1 1 1 1 1 1 1 1 1 1 1 1 1 1 1 1 1 1 1 1 1 1 1 1 1 1 1 1 1 1 1 1 1 1 1 1 1 1 1 1 1 1 1 1 1 1 1 1 1 1 1 1 1 1 1 1 1 1 1 1 1 1 1 1 1 1 1 1 1 1 1 1 1 1 1 1 1 1 1 1 1 1 1 1 1 1 1 1 1 1 1 1 1 1 1 1 1 1 1 1 1 1 1 1 1 1 1 1 1 1 1 1 1 1 1 1 1 1 1 1 1 1 1 1 1 1 1 1 1 1 1 1 1 1 1 1 1 1 1 1 1 1 1 1 1 1 1 1 1 1 1 1 1 1 1 1 1 1 1 1 1 1 1 1 1 1 1 1 1 1 1 1 1 1 1 1 1 1 1 1 1 1 1 1 1 1 1 1 1 1 1 1 1 1 1 1 1 1 1 1 1 1 1 1 1 1 1 1 1 1 1 1 1 1 1 1 1 1 1 1 1 1 1 1 1 1 1 1 1 1 1 1 1 1 1 1 1 1 1 1 1 1 1 1 1 1 1 1 1 1 1 1 1 1 1 1 1 1 1 1 1 1 1 1 1 1 1 1 1 1 1 1 1 1 1 1 1 1 1 1 1 1 1 1 1 1 1 1 1 1 1 1 1 1 1 1 1 1 1 1 1 1 1 1 1 1 1 1 1 1 1 1 1 1 1 1 1 1 1 1 1 1 1 1 1 1 1 1 1 1 1 1 1 1 1 1 1 1 1 1 1 1 1 1 1 1 1 1 1 1 1 1 1 1 1 1 1 1 1 1 1 1 1 1 1 1 1 1 1 1 1 1 1 1 1 1 1 1 1 1 1 1 1 1 1 1 1 1 1 1 1 1 1 1 1 1 1 1 1 1 1 1 1 1 1 1 1 1 1 1 1 1 1 1 1 1 1 1 1 1 1 1 1 1 1 1 1 1 1 1 1 1 1 1 1 1 1 1 1 1 1 1 1 1 1 1 1 1 1 1 1 1 1 1 1 1 1 1 1 1 1 1 1 1 1 1 1 1 1 1 1 1 1 1 1 1 1 1 1 1 1 1 1 1 1 1 1 1 1 1 1 1 1 1 1 1 1 1 1 1 1 1 1 1 1 1 1 1 1 1 1 1 1 1 1 1 1 1 1 1 1 1 1 1 1 1 1 1 1 1 1 1 1 1 1 1 1 1 1 1 1 1 1 1 1 1 1 1 1 1 1 1 1 1 1 1 1 1 1 1 1 1 1 1 1 1 1 1 1 1 1 1 1 1 1 1 1 1 1 1 1 1 1 1 1 1 1 1 1 1 1 1 1 1 1 1 1 1 1 1 1 1 1 1 1 1 1 1 1 1 1 1 1 1 1 1 1 1 1 1 1 1 1 1 1 1 1 1 1 1 1 1 1 1 1 1 1 1 1 1 1 1 1 1 1 1 1 1 1 1 1 1 1 1 1 1 1 1 1 1 1 1 1 1 1 1 1 1 1 1 1 1 1 1 1 1 1 1 1 1 1 1 1 1 1 1 1 1 1 1 1 1 1 1 1 1 1 1 1 1 1 1 1 1 1 1 1 1 1 1 1 1 1 1 1 1 1 1 1 1 1 1 1 1 1 1 1 1 1 1 1 1 1 1 1 1 1 1 1 1 1 1 1 1 1 1 1 1 1 1 1 1 1 1 1 1 1 1 1 1 1 1 1 1 1 1 1 1 1 1 1 1 1 1 1 1 1 1 1 1 1 1 1 1 1 1 1 1 1 1 1 1 1 1 1 1 1 1 1 1 1 1 1 1 1 1 1 1 1 1 1 1 1 1 1 1 1 1 1 1 1 1 1 1 1 1 1 1 1 1 1 1 1 1 1 1 1 1 1 1 1 1 1 1 1 1 1 1 1 1 1 1 1 1 1 1 1 1 1 1 1 1 1 1 1 1 1 1 1 1 1 1 1 1 1 1 1 1 1 1 1 1 1 1 1 1 1 1 1 1 1 1 1 1 1 1 1 1 1 1 1 1 1 1 1 1 1 1 1 1 1 1 1 1 1 1 1 1 1 1 1 1 1 1 1 1 1 1 1 1 1 1 1 1 1 1 1 1 1 1 1 1 1 1 1 1 1 1 1 1 1 1 1 1 1 1 1 1 1 1 1 1 1 1 1 1 1 1 1 1 1 1 1 1 1 1 1 1 1 1 1 1 1 1 1 1 1 1 1 1 1 1 1 1 1 1 1 1 1 1 1 1 1 1 1 1 1 1 1 1 1 1 1 1 1 1 1 1 1 1 1 1 1 1 1 1 1 1 1 1 1 1 1 1 1 1 1 1 1 1 1 1 1 1 1 1 1 1 1 1 1 1 1 1 1 1 1 1 1 1 1 1 1 1 1 1 1 1 1 1 1 1 1 1 1 1 1 1 1 1 1 1 1 1 1 1 1 1 1 1 1 1 1 1 1 1 1 1 1 1 1 1 1 1 1 1 1 1 1 1 1 1 1 1 1 1 1 1 1 1 1 1 1 1 1 1 1 1 1 1 1 1 1 1 1 1 1 1 1 1 1 1 1 1 1 1 1 1 1 1 1 1 1 1 1 1 1 1 1 1 1 1 1 1 1 1 1 1 1 1 1 1 1 1 1 1 1 1 1 1 1 1 1 1 1 1 1 1 1 1 1 1 1 1 1 1 1 1 1 1 1 1 1 1 1 1 1 1 1 1 1 1 1 1 1 1 1 1 1 1 1 1 1 1 1 1 1 1 1 1 1 1 1 1 1 1 1 1 1 1 1 1 1 1 1 1 1 1 1 1 1 1 1 1 1 1 1 1 1 1 1 1 1 1 1 1 1 1 1 1 1 1 1 1 1 1 1 1 1 1 1 1 1 1 1 1 1 1 1 1 1 1 1 1 1 1 1 1 1 1 1 1 1 1 1 1 1 1 1 1 1 1 1 1 1 1 1 1 1 1 1 1 1 1 1 1 1 1 1 1 1 1 1 1 1 1 1 1 1 1 1 1 1 1 1 1 1 1 1 1 1 1 1 1 1 1 1 1 1 1 1 1 1 1 1 1 1 1 1 1 1 1 1 1 1 1 1 1 1 1 1 1 1 1 1 1 1 1 1 1 1 1 1 1 1 1 1 1 1 1 1 1 1 1 1 1 1 1 1 1 1 1 1 1 1 1 1 1 1 1 1 1 1 1 1 1 1 1 1 1</float_array>
          <technique_common>
            <accessor source="#Wheel_Rubber_Sleeve_03-mesh-colors-Col-array" count="7998" stride="4">
              <param name="R" type="float"/>
              <param name="G" type="float"/>
              <param name="B" type="float"/>
              <param name="A" type="float"/>
            </accessor>
          </technique_common>
        </source>
        <vertices id="Wheel_Rubber_Sleeve_03-mesh-vertices">
          <input semantic="POSITION" source="#Wheel_Rubber_Sleeve_03-mesh-positions"/>
        </vertices>
        <triangles material="Lun-material" count="672">
          <input semantic="VERTEX" source="#Wheel_Rubber_Sleeve_03-mesh-vertices" offset="0"/>
          <input semantic="NORMAL" source="#Wheel_Rubber_Sleeve_03-mesh-normals" offset="1"/>
          <input semantic="TEXCOORD" source="#Wheel_Rubber_Sleeve_03-mesh-map-0" offset="2" set="0"/>
          <input semantic="COLOR" source="#Wheel_Rubber_Sleeve_03-mesh-colors-Col" offset="3" set="0"/>
          <p>2 0 0 0 1 1 1 1 0 2 2 2 1 1 3 3 3 3 4 4 0 2 5 5 3 3 6 6 4 4 7 7 0 2 8 8 5 5 9 9 3 3 10 10 1 1 11 11 8 6 12 12 7 7 13 13 6 8 14 14 9 9 15 15 6 8 16 16 7 7 17 17 7 7 18 18 10 10 19 19 9 9 20 20 6 8 21 21 9 9 22 22 11 11 23 23 12 12 24 24 9 9 25 25 10 10 26 26 10 10 27 27 13 13 28 28 12 12 29 29 14 14 30 30 11 11 31 31 9 9 32 32 9 9 33 33 12 12 34 34 14 14 35 35 11 11 36 36 14 14 37 37 15 15 38 38 16 16 39 39 12 12 40 40 13 13 41 41 13 13 42 42 17 17 43 43 16 16 44 44 18 18 45 45 15 15 46 46 14 14 47 47 15 15 48 48 18 18 49 49 19 19 50 50 20 20 51 51 19 19 52 52 18 18 53 53 21 21 54 54 14 14 55 55 12 12 56 56 14 14 57 57 21 21 58 58 18 18 59 59 12 12 60 60 16 16 61 61 21 21 62 62 18 18 63 63 22 22 64 64 20 20 65 65 22 22 66 66 18 18 67 67 21 21 68 68 23 23 69 69 20 20 70 70 22 22 71 71 24 24 72 72 16 16 73 73 17 17 74 74 17 17 75 75 25 25 76 76 24 24 77 77 26 26 78 78 21 21 79 79 16 16 80 80 21 21 81 81 26 26 82 82 22 22 83 83 16 16 84 84 24 24 85 85 26 26 86 86 22 22 87 87 27 27 88 88 23 23 89 89 27 27 90 90 22 22 91 91 26 26 92 92 28 28 93 93 23 23 94 94 27 27 95 95 29 29 96 96 24 24 97 97 25 25 98 98 25 25 99 99 30 30 100 100 29 29 101 101 31 31 102 102 29 29 103 103 30 30 104 104 32 32 105 105 26 26 106 106 24 24 107 107 26 26 108 108 32 32 109 109 27 27 110 110 24 24 111 111 29 29 112 112 32 32 113 113 27 27 114 114 33 33 115 115 28 28 116 116 33 33 117 117 27 27 118 118 32 32 119 119 34 34 120 120 28 28 121 121 33 33 122 122 29 29 123 123 31 31 124 124 35 35 125 125 35 35 126 126 32 32 127 127 29 29 128 128 32 32 129 129 35 35 130 130 33 33 131 131 36 36 132 132 35 35 133 133 31 31 134 134 33 33 135 135 37 37 136 136 34 34 137 137 37 37 138 138 33 33 139 139 35 35 140 140 35 35 141 141 36 36 142 142 37 37 143 143 38 38 144 144 34 34 145 145 37 37 146 146 39 39 147 147 37 37 148 148 36 36 149 149 37 37 150 150 39 39 151 151 38 38 152 152 40 40 153 153 38 38 154 154 39 39 155 155 43 41 156 156 42 42 157 157 41 43 158 158 42 42 159 159 44 44 160 160 41 43 161 161 44 44 162 162 45 45 163 163 41 43 164 164 46 46 165 165 44 44 166 166 42 42 167 167 49 47 168 168 48 48 169 169 47 49 170 170 48 48 171 171 50 50 172 172 47 49 173 173 50 50 174 174 51 51 175 175 47 49 176 176 52 52 177 177 50 50 178 178 48 48 179 179 55 53 180 180 54 54 181 181 53 55 182 182 56 56 183 183 53 55 184 184 54 54 185 185 54 54 186 186 57 57 187 187 56 56 188 188 53 55 189 189 56 56 190 190 58 58 191 191 59 59 192 192 56 56 193 193 57 57 194 194 57 57 195 195 60 60 196 196 59 59 197 197 61 61 198 198 58 58 199 199 56 56 200 200 56 56 201 201 59 59 202 202 61 61 203 203 58 58 204 204 61 61 205 205 62 62 206 206 63 63 207 207 59 59 208 208 60 60 209 209 60 60 210 210 64 64 211 211 63 63 212 212 65 65 213 213 62 62 214 214 61 61 215 215 62 62 216 216 65 65 217 217 66 66 218 218 67 67 219 219 66 66 220 220 65 65 221 221 68 68 222 222 61 61 223 223 59 59 224 224 61 61 225 225 68 68 226 226 65 65 227 227 59 59 228 228 63 63 229 229 68 68 230 230 65 65 231 231 69 69 232 232 67 67 233 233 69 69 234 234 65 65 235 235 68 68 236 236 70 70 237 237 67 67 238 238 69 69 239 239 71 71 240 240 63 63 241 241 64 64 242 242 64 64 243 243 72 72 244 244 71 71 245 245 73 73 246 246 68 68 247 247 63 63 248 248 68 68 249 249 73 73 250 250 69 69 251 251 63 63 252 252 71 71 253 253 73 73 254 254 69 69 255 255 74 74 256 256 70 70 257 257 74 74 258 258 69 69 259 259 73 73 260 260 75 75 261 261 70 70 262 262 74 74 263 263 76 76 264 264 71 71 265 265 72 72 266 266 72 72 267 267 77 77 268 268 76 76 269 269 78 78 270 270 76 76 271 271 77 77 272 272 79 79 273 273 73 73 274 274 71 71 275 275 73 73 276 276 79 79 277 277 74 74 278 278 71 71 279 279 76 76 280 280 79 79 281 281 74 74 282 282 80 80 283 283 75 75 284 284 80 80 285 285 74 74 286 286 79 79 287 287 81 81 288 288 75 75 289 289 80 80 290 290 76 76 291 291 78 78 292 292 82 82 293 293 82 82 294 294 79 79 295 295 76 76 296 296 79 79 297 297 82 82 298 298 80 80 299 299 83 83 300 300 82 82 301 301 78 78 302 302 80 80 303 303 84 84 304 304 81 81 305 305 84 84 306 306 80 80 307 307 82 82 308 308 82 82 309 309 83 83 310 310 84 84 311 311 85 85 312 312 81 81 313 313 84 84 314 314 86 86 315 315 84 84 316 316 83 83 317 317 84 84 318 318 86 86 319 319 85 85 320 320 87 87 321 321 85 85 322 322 86 86 323 323 90 88 324 324 89 89 325 325 88 90 326 326 89 89 327 327 91 91 328 328 88 90 329 329 91 91 330 330 92 92 331 331 88 90 332 332 93 93 333 333 91 91 334 334 89 89 335 335 96 94 336 336 95 95 337 337 94 96 338 338 95 95 339 339 97 97 340 340 94 96 341 341 97 97 342 342 98 98 343 343 94 96 344 344 99 99 345 345 97 97 346 346 95 95 347 347 102 100 348 348 101 101 349 349 100 102 350 350 103 103 351 351 100 102 352 352 101 101 353 353 101 101 354 354 104 104 355 355 103 103 356 356 100 102 357 357 103 103 358 358 105 105 359 359 106 106 360 360 103 103 361 361 104 104 362 362 104 104 363 363 107 107 364 364 106 106 365 365 108 108 366 366 105 105 367 367 103 103 368 368 103 103 369 369 106 106 370 370 108 108 371 371 105 105 372 372 108 108 373 373 109 109 374 374 110 110 375 375 106 106 376 376 107 107 377 377 107 107 378 378 111 111 379 379 110 110 380 380 112 112 381 381 109 109 382 382 108 108 383 383 109 109 384 384 112 112 385 385 113 113 386 386 114 114 387 387 113 113 388 388 112 112 389 389 115 115 390 390 108 108 391 391 106 106 392 392 108 108 393 393 115 115 394 394 112 112 395 395 106 106 396 396 110 110 397 397 115 115 398 398 112 112 399 399 116 116 400 400 114 114 401 401 116 116 402 402 112 112 403 403 115 115 404 404 117 117 405 405 114 114 406 406 116 116 407 407 118 118 408 408 110 110 409 409 111 111 410 410 111 111 411 411 119 119 412 412 118 118 413 413 120 120 414 414 115 115 415 415 110 110 416 416 115 115 417 417 120 120 418 418 116 116 419 419 110 110 420 420 118 118 421 421 120 120 422 422 116 116 423 423 121 121 424 424 117 117 425 425 121 121 426 426 116 116 427 427 120 120 428 428 122 122 429 429 117 117 430 430 121 121 431 431 123 123 432 432 118 118 433 433 119 119 434 434 119 119 435 435 124 124 436 436 123 123 437 437 125 125 438 438 123 123 439 439 124 124 440 440 126 126 441 441 120 120 442 442 118 118 443 443 120 120 444 444 126 126 445 445 121 121 446 446 118 118 447 447 123 123 448 448 126 126 449 449 121 121 450 450 127 127 451 451 122 122 452 452 127 127 453 453 121 121 454 454 126 126 455 455 128 128 456 456 122 122 457 457 127 127 458 458 123 123 459 459 125 125 460 460 129 129 461 461 129 129 462 462 126 126 463 463 123 123 464 464 126 126 465 465 129 129 466 466 127 127 467 467 130 130 468 468 129 129 469 469 125 125 470 470 127 127 471 471 131 131 472 472 128 128 473 473 131 131 474 474 127 127 475 475 129 129 476 476 129 129 477 477 130 130 478 478 131 131 479 479 132 132 480 480 128 128 481 481 131 131 482 482 133 133 483 483 131 131 484 484 130 130 485 485 131 131 486 486 133 133 487 487 132 132 488 488 134 134 489 489 132 132 490 490 133 133 491 491 137 135 492 492 136 136 493 493 135 137 494 494 136 136 495 495 138 138 496 496 135 137 497 497 138 138 498 498 139 139 499 499 135 137 500 500 140 140 501 501 138 138 502 502 136 136 503 503 143 141 504 504 142 142 505 505 141 143 506 506 142 142 507 507 144 144 508 508 141 143 509 509 144 144 510 510 145 145 511 511 141 143 512 512 146 146 513 513 144 144 514 514 142 142 515 515 149 147 516 516 148 148 517 517 147 149 518 518 150 150 519 519 147 149 520 520 148 148 521 521 148 148 522 522 151 151 523 523 150 150 524 524 147 149 525 525 150 150 526 526 152 152 527 527 153 153 528 528 150 150 529 529 151 151 530 530 151 151 531 531 154 154 532 532 153 153 533 533 155 155 534 534 152 152 535 535 150 150 536 536 150 150 537 537 153 153 538 538 155 155 539 539 152 152 540 540 155 155 541 541 156 156 542 542 157 157 543 543 153 153 544 544 154 154 545 545 154 154 546 546 158 158 547 547 157 157 548 548 159 159 549 549 156 156 550 550 155 155 551 551 156 156 552 552 159 159 553 553 160 160 554 554 161 161 555 555 160 160 556 556 159 159 557 557 162 162 558 558 155 155 559 559 153 153 560 560 155 155 561 561 162 162 562 562 159 159 563 563 153 153 564 564 157 157 565 565 162 162 566 566 159 159 567 567 163 163 568 568 161 161 569 569 163 163 570 570 159 159 571 571 162 162 572 572 164 164 573 573 161 161 574 574 163 163 575 575 165 165 576 576 157 157 577 577 158 158 578 578 158 158 579 579 166 166 580 580 165 165 581 581 167 167 582 582 162 162 583 583 157 157 584 584 162 162 585 585 167 167 586 586 163 163 587 587 157 157 588 588 165 165 589 589 167 167 590 590 163 163 591 591 168 168 592 592 164 164 593 593 168 168 594 594 163 163 595 595 167 167 596 596 169 169 597 597 164 164 598 598 168 168 599 599 170 170 600 600 165 165 601 601 166 166 602 602 166 166 603 603 171 171 604 604 170 170 605 605 172 172 606 606 170 170 607 607 171 171 608 608 173 173 609 609 167 167 610 610 165 165 611 611 167 167 612 612 173 173 613 613 168 168 614 614 165 165 615 615 170 170 616 616 173 173 617 617 168 168 618 618 174 174 619 619 169 169 620 620 174 174 621 621 168 168 622 622 173 173 623 623 175 175 624 624 169 169 625 625 174 174 626 626 170 170 627 627 172 172 628 628 176 176 629 629 176 176 630 630 173 173 631 631 170 170 632 632 173 173 633 633 176 176 634 634 174 174 635 635 177 177 636 636 176 176 637 637 172 172 638 638 174 174 639 639 178 178 640 640 175 175 641 641 178 178 642 642 174 174 643 643 176 176 644 644 176 176 645 645 177 177 646 646 178 178 647 647 179 179 648 648 175 175 649 649 178 178 650 650 180 180 651 651 178 178 652 652 177 177 653 653 178 178 654 654 180 180 655 655 179 179 656 656 181 181 657 657 179 179 658 658 180 180 659 659 184 182 660 660 183 183 661 661 182 184 662 662 183 183 663 663 185 185 664 664 182 184 665 665 185 185 666 666 186 186 667 667 182 184 668 668 187 187 669 669 185 185 670 670 183 183 671 671 190 188 672 672 189 189 673 673 188 190 674 674 189 189 675 675 191 191 676 676 188 190 677 677 191 191 678 678 192 192 679 679 188 190 680 680 193 193 681 681 191 191 682 682 189 189 683 683 196 194 684 684 195 195 685 685 194 196 686 686 197 197 687 687 194 196 688 688 195 195 689 689 195 195 690 690 198 198 691 691 197 197 692 692 194 196 693 693 197 197 694 694 199 199 695 695 200 200 696 696 197 197 697 697 198 198 698 698 198 198 699 699 201 201 700 700 200 200 701 701 202 202 702 702 199 199 703 703 197 197 704 704 197 197 705 705 200 200 706 706 202 202 707 707 199 199 708 708 202 202 709 709 203 203 710 710 204 204 711 711 200 200 712 712 201 201 713 713 201 201 714 714 205 205 715 715 204 204 716 716 206 206 717 717 203 203 718 718 202 202 719 719 203 203 720 720 206 206 721 721 207 207 722 722 208 208 723 723 207 207 724 724 206 206 725 725 209 209 726 726 202 202 727 727 200 200 728 728 202 202 729 729 209 209 730 730 206 206 731 731 200 200 732 732 204 204 733 733 209 209 734 734 206 206 735 735 210 210 736 736 208 208 737 737 210 210 738 738 206 206 739 739 209 209 740 740 211 211 741 741 208 208 742 742 210 210 743 743 212 212 744 744 204 204 745 745 205 205 746 746 205 205 747 747 213 213 748 748 212 212 749 749 214 214 750 750 209 209 751 751 204 204 752 752 209 209 753 753 214 214 754 754 210 210 755 755 204 204 756 756 212 212 757 757 214 214 758 758 210 210 759 759 215 215 760 760 211 211 761 761 215 215 762 762 210 210 763 763 214 214 764 764 216 216 765 765 211 211 766 766 215 215 767 767 217 217 768 768 212 212 769 769 213 213 770 770 213 213 771 771 218 218 772 772 217 217 773 773 219 219 774 774 217 217 775 775 218 218 776 776 220 220 777 777 214 214 778 778 212 212 779 779 214 214 780 780 220 220 781 781 215 215 782 782 212 212 783 783 217 217 784 784 220 220 785 785 215 215 786 786 221 221 787 787 216 216 788 788 221 221 789 789 215 215 790 790 220 220 791 791 222 222 792 792 216 216 793 793 221 221 794 794 217 217 795 795 219 219 796 796 223 223 797 797 223 223 798 798 220 220 799 799 217 217 800 800 220 220 801 801 223 223 802 802 221 221 803 803 224 224 804 804 223 223 805 805 219 219 806 806 221 221 807 807 225 225 808 808 222 222 809 809 225 225 810 810 221 221 811 811 223 223 812 812 223 223 813 813 224 224 814 814 225 225 815 815 226 226 816 816 222 222 817 817 225 225 818 818 227 227 819 819 225 225 820 820 224 224 821 821 225 225 822 822 227 227 823 823 226 226 824 824 228 228 825 825 226 226 826 826 227 227 827 827 231 229 828 828 230 230 829 829 229 231 830 830 230 230 831 831 232 232 832 832 229 231 833 833 232 232 834 834 233 233 835 835 229 231 836 836 234 234 837 837 232 232 838 838 230 230 839 839 237 235 840 840 236 236 841 841 235 237 842 842 236 236 843 843 238 238 844 844 235 237 845 845 238 238 846 846 239 239 847 847 235 237 848 848 240 240 849 849 238 238 850 850 236 236 851 851 243 241 852 852 242 242 853 853 241 243 854 854 244 244 855 855 241 243 856 856 242 242 857 857 242 242 858 858 245 245 859 859 244 244 860 860 241 243 861 861 244 244 862 862 246 246 863 863 247 247 864 864 244 244 865 865 245 245 866 866 245 245 867 867 248 248 868 868 247 247 869 869 249 249 870 870 246 246 871 871 244 244 872 872 244 244 873 873 247 247 874 874 249 249 875 875 246 246 876 876 249 249 877 877 250 250 878 878 251 251 879 879 247 247 880 880 248 248 881 881 248 248 882 882 252 252 883 883 251 251 884 884 253 253 885 885 250 250 886 886 249 249 887 887 250 250 888 888 253 253 889 889 254 254 890 890 255 255 891 891 254 254 892 892 253 253 893 893 256 256 894 894 249 249 895 895 247 247 896 896 249 249 897 897 256 256 898 898 253 253 899 899 247 247 900 900 251 251 901 901 256 256 902 902 253 253 903 903 257 257 904 904 255 255 905 905 257 257 906 906 253 253 907 907 256 256 908 908 258 258 909 909 255 255 910 910 257 257 911 911 259 259 912 912 251 251 913 913 252 252 914 914 252 252 915 915 260 260 916 916 259 259 917 917 261 261 918 918 256 256 919 919 251 251 920 920 256 256 921 921 261 261 922 922 257 257 923 923 251 251 924 924 259 259 925 925 261 261 926 926 257 257 927 927 262 262 928 928 258 258 929 929 262 262 930 930 257 257 931 931 261 261 932 932 263 263 933 933 258 258 934 934 262 262 935 935 264 264 936 936 259 259 937 937 260 260 938 938 260 260 939 939 265 265 940 940 264 264 941 941 266 266 942 942 264 264 943 943 265 265 944 944 267 267 945 945 261 261 946 946 259 259 947 947 261 261 948 948 267 267 949 949 262 262 950 950 259 259 951 951 264 264 952 952 267 267 953 953 262 262 954 954 268 268 955 955 263 263 956 956 268 268 957 957 262 262 958 958 267 267 959 959 269 269 960 960 263 263 961 961 268 268 962 962 264 264 963 963 266 266 964 964 270 270 965 965 270 270 966 966 267 267 967 967 264 264 968 968 267 267 969 969 270 270 970 970 268 268 971 971 271 271 972 972 270 270 973 973 266 266 974 974 268 268 975 975 272 272 976 976 269 269 977 977 272 272 978 978 268 268 979 979 270 270 980 980 270 270 981 981 271 271 982 982 272 272 983 983 273 273 984 984 269 269 985 985 272 272 986 986 274 274 987 987 272 272 988 988 271 271 989 989 272 272 990 990 274 274 991 991 273 273 992 992 275 275 993 993 273 273 994 994 274 274 995 995 278 276 996 996 277 277 997 997 276 278 998 998 277 277 999 999 279 279 1000 1000 276 278 1001 1001 279 279 1002 1002 280 280 1003 1003 276 278 1004 1004 281 281 1005 1005 279 279 1006 1006 277 277 1007 1007 284 282 1008 1008 283 283 1009 1009 282 284 1010 1010 283 283 1011 1011 285 285 1012 1012 282 284 1013 1013 285 285 1014 1014 286 286 1015 1015 282 284 1016 1016 287 287 1017 1017 285 285 1018 1018 283 283 1019 1019 290 288 1020 1020 289 289 1021 1021 288 290 1022 1022 291 291 1023 1023 288 290 1024 1024 289 289 1025 1025 289 289 1026 1026 292 292 1027 1027 291 291 1028 1028 288 290 1029 1029 291 291 1030 1030 293 293 1031 1031 294 294 1032 1032 291 291 1033 1033 292 292 1034 1034 292 292 1035 1035 295 295 1036 1036 294 294 1037 1037 296 296 1038 1038 293 293 1039 1039 291 291 1040 1040 291 291 1041 1041 294 294 1042 1042 296 296 1043 1043 293 293 1044 1044 296 296 1045 1045 297 297 1046 1046 298 298 1047 1047 294 294 1048 1048 295 295 1049 1049 295 295 1050 1050 299 299 1051 1051 298 298 1052 1052 300 300 1053 1053 297 297 1054 1054 296 296 1055 1055 297 297 1056 1056 300 300 1057 1057 301 301 1058 1058 302 302 1059 1059 301 301 1060 1060 300 300 1061 1061 303 303 1062 1062 296 296 1063 1063 294 294 1064 1064 296 296 1065 1065 303 303 1066 1066 300 300 1067 1067 294 294 1068 1068 298 298 1069 1069 303 303 1070 1070 300 300 1071 1071 304 304 1072 1072 302 302 1073 1073 304 304 1074 1074 300 300 1075 1075 303 303 1076 1076 305 305 1077 1077 302 302 1078 1078 304 304 1079 1079 306 306 1080 1080 298 298 1081 1081 299 299 1082 1082 299 299 1083 1083 307 307 1084 1084 306 306 1085 1085 308 308 1086 1086 303 303 1087 1087 298 298 1088 1088 303 303 1089 1089 308 308 1090 1090 304 304 1091 1091 298 298 1092 1092 306 306 1093 1093 308 308 1094 1094 304 304 1095 1095 309 309 1096 1096 305 305 1097 1097 309 309 1098 1098 304 304 1099 1099 308 308 1100 1100 310 310 1101 1101 305 305 1102 1102 309 309 1103 1103 311 311 1104 1104 306 306 1105 1105 307 307 1106 1106 307 307 1107 1107 312 312 1108 1108 311 311 1109 1109 313 313 1110 1110 311 311 1111 1111 312 312 1112 1112 314 314 1113 1113 308 308 1114 1114 306 306 1115 1115 308 308 1116 1116 314 314 1117 1117 309 309 1118 1118 306 306 1119 1119 311 311 1120 1120 314 314 1121 1121 309 309 1122 1122 315 315 1123 1123 310 310 1124 1124 315 315 1125 1125 309 309 1126 1126 314 314 1127 1127 316 316 1128 1128 310 310 1129 1129 315 315 1130 1130 311 311 1131 1131 313 313 1132 1132 317 317 1133 1133 317 317 1134 1134 314 314 1135 1135 311 311 1136 1136 314 314 1137 1137 317 317 1138 1138 315 315 1139 1139 318 318 1140 1140 317 317 1141 1141 313 313 1142 1142 315 315 1143 1143 319 319 1144 1144 316 316 1145 1145 319 319 1146 1146 315 315 1147 1147 317 317 1148 1148 317 317 1149 1149 318 318 1150 1150 319 319 1151 1151 320 320 1152 1152 316 316 1153 1153 319 319 1154 1154 321 321 1155 1155 319 319 1156 1156 318 318 1157 1157 319 319 1158 1158 321 321 1159 1159 320 320 1160 1160 322 322 1161 1161 320 320 1162 1162 321 321 1163 1163 325 323 1164 1164 324 324 1165 1165 323 325 1166 1166 324 324 1167 1167 326 326 1168 1168 323 325 1169 1169 326 326 1170 1170 327 327 1171 1171 323 325 1172 1172 328 328 1173 1173 326 326 1174 1174 324 324 1175 1175 331 329 1176 1176 330 330 1177 1177 329 331 1178 1178 330 330 1179 1179 332 332 1180 1180 329 331 1181 1181 332 332 1182 1182 333 333 1183 1183 329 331 1184 1184 334 334 1185 1185 332 332 1186 1186 330 330 1187 1187 337 335 1188 1188 336 336 1189 1189 335 337 1190 1190 338 338 1191 1191 335 337 1192 1192 336 336 1193 1193 336 336 1194 1194 339 339 1195 1195 338 338 1196 1196 335 337 1197 1197 338 338 1198 1198 340 340 1199 1199 341 341 1200 1200 338 338 1201 1201 339 339 1202 1202 339 339 1203 1203 342 342 1204 1204 341 341 1205 1205 343 343 1206 1206 340 340 1207 1207 338 338 1208 1208 338 338 1209 1209 341 341 1210 1210 343 343 1211 1211 340 340 1212 1212 343 343 1213 1213 344 344 1214 1214 345 345 1215 1215 341 341 1216 1216 342 342 1217 1217 342 342 1218 1218 346 346 1219 1219 345 345 1220 1220 347 347 1221 1221 344 344 1222 1222 343 343 1223 1223 344 344 1224 1224 347 347 1225 1225 348 348 1226 1226 349 349 1227 1227 348 348 1228 1228 347 347 1229 1229 350 350 1230 1230 343 343 1231 1231 341 341 1232 1232 343 343 1233 1233 350 350 1234 1234 347 347 1235 1235 341 341 1236 1236 345 345 1237 1237 350 350 1238 1238 347 347 1239 1239 351 351 1240 1240 349 349 1241 1241 351 351 1242 1242 347 347 1243 1243 350 350 1244 1244 352 352 1245 1245 349 349 1246 1246 351 351 1247 1247 353 353 1248 1248 345 345 1249 1249 346 346 1250 1250 346 346 1251 1251 354 354 1252 1252 353 353 1253 1253 355 355 1254 1254 350 350 1255 1255 345 345 1256 1256 350 350 1257 1257 355 355 1258 1258 351 351 1259 1259 345 345 1260 1260 353 353 1261 1261 355 355 1262 1262 351 351 1263 1263 356 356 1264 1264 352 352 1265 1265 356 356 1266 1266 351 351 1267 1267 355 355 1268 1268 357 357 1269 1269 352 352 1270 1270 356 356 1271 1271 358 358 1272 1272 353 353 1273 1273 354 354 1274 1274 354 354 1275 1275 359 359 1276 1276 358 358 1277 1277 360 360 1278 1278 358 358 1279 1279 359 359 1280 1280 361 361 1281 1281 355 355 1282 1282 353 353 1283 1283 355 355 1284 1284 361 361 1285 1285 356 356 1286 1286 353 353 1287 1287 358 358 1288 1288 361 361 1289 1289 356 356 1290 1290 362 362 1291 1291 357 357 1292 1292 362 362 1293 1293 356 356 1294 1294 361 361 1295 1295 363 363 1296 1296 357 357 1297 1297 362 362 1298 1298 358 358 1299 1299 360 360 1300 1300 364 364 1301 1301 364 364 1302 1302 361 361 1303 1303 358 358 1304 1304 361 361 1305 1305 364 364 1306 1306 362 362 1307 1307 365 365 1308 1308 364 364 1309 1309 360 360 1310 1310 362 362 1311 1311 366 366 1312 1312 363 363 1313 1313 366 366 1314 1314 362 362 1315 1315 364 364 1316 1316 364 364 1317 1317 365 365 1318 1318 366 366 1319 1319 367 367 1320 1320 363 363 1321 1321 366 366 1322 1322 368 368 1323 1323 366 366 1324 1324 365 365 1325 1325 366 366 1326 1326 368 368 1327 1327 367 367 1328 1328 369 369 1329 1329 367 367 1330 1330 368 368 1331 1331 372 370 1332 1332 371 371 1333 1333 370 372 1334 1334 371 371 1335 1335 373 373 1336 1336 370 372 1337 1337 373 373 1338 1338 374 374 1339 1339 370 372 1340 1340 375 375 1341 1341 373 373 1342 1342 371 371 1343 1343 378 376 1344 1344 377 377 1345 1345 376 378 1346 1346 377 377 1347 1347 379 379 1348 1348 376 378 1349 1349 379 379 1350 1350 380 380 1351 1351 376 378 1352 1352 381 381 1353 1353 379 379 1354 1354 377 377 1355 1355 384 382 1356 1356 383 383 1357 1357 382 384 1358 1358 385 385 1359 1359 382 384 1360 1360 383 383 1361 1361 383 383 1362 1362 386 386 1363 1363 385 385 1364 1364 382 384 1365 1365 385 385 1366 1366 387 387 1367 1367 388 388 1368 1368 385 385 1369 1369 386 386 1370 1370 386 386 1371 1371 389 389 1372 1372 388 388 1373 1373 390 390 1374 1374 387 387 1375 1375 385 385 1376 1376 385 385 1377 1377 388 388 1378 1378 390 390 1379 1379 387 387 1380 1380 390 390 1381 1381 391 391 1382 1382 392 392 1383 1383 388 388 1384 1384 389 389 1385 1385 389 389 1386 1386 393 393 1387 1387 392 392 1388 1388 394 394 1389 1389 391 391 1390 1390 390 390 1391 1391 391 391 1392 1392 394 394 1393 1393 395 395 1394 1394 396 396 1395 1395 395 395 1396 1396 394 394 1397 1397 397 397 1398 1398 390 390 1399 1399 388 388 1400 1400 390 390 1401 1401 397 397 1402 1402 394 394 1403 1403 388 388 1404 1404 392 392 1405 1405 397 397 1406 1406 394 394 1407 1407 398 398 1408 1408 396 396 1409 1409 398 398 1410 1410 394 394 1411 1411 397 397 1412 1412 399 399 1413 1413 396 396 1414 1414 398 398 1415 1415 400 400 1416 1416 392 392 1417 1417 393 393 1418 1418 393 393 1419 1419 401 401 1420 1420 400 400 1421 1421 402 402 1422 1422 397 397 1423 1423 392 392 1424 1424 397 397 1425 1425 402 402 1426 1426 398 398 1427 1427 392 392 1428 1428 400 400 1429 1429 402 402 1430 1430 398 398 1431 1431 403 403 1432 1432 399 399 1433 1433 403 403 1434 1434 398 398 1435 1435 402 402 1436 1436 404 404 1437 1437 399 399 1438 1438 403 403 1439 1439 405 405 1440 1440 400 400 1441 1441 401 401 1442 1442 401 401 1443 1443 406 406 1444 1444 405 405 1445 1445 407 407 1446 1446 405 405 1447 1447 406 406 1448 1448 408 408 1449 1449 402 402 1450 1450 400 400 1451 1451 402 402 1452 1452 408 408 1453 1453 403 403 1454 1454 400 400 1455 1455 405 405 1456 1456 408 408 1457 1457 403 403 1458 1458 409 409 1459 1459 404 404 1460 1460 409 409 1461 1461 403 403 1462 1462 408 408 1463 1463 410 410 1464 1464 404 404 1465 1465 409 409 1466 1466 405 405 1467 1467 407 407 1468 1468 411 411 1469 1469 411 411 1470 1470 408 408 1471 1471 405 405 1472 1472 408 408 1473 1473 411 411 1474 1474 409 409 1475 1475 412 412 1476 1476 411 411 1477 1477 407 407 1478 1478 409 409 1479 1479 413 413 1480 1480 410 410 1481 1481 413 413 1482 1482 409 409 1483 1483 411 411 1484 1484 411 411 1485 1485 412 412 1486 1486 413 413 1487 1487 414 414 1488 1488 410 410 1489 1489 413 413 1490 1490 415 415 1491 1491 413 413 1492 1492 412 412 1493 1493 413 413 1494 1494 415 415 1495 1495 414 414 1496 1496 416 416 1497 1497 414 414 1498 1498 415 415 1499 1499 419 417 1500 1500 418 418 1501 1501 417 419 1502 1502 418 418 1503 1503 420 420 1504 1504 417 419 1505 1505 420 420 1506 1506 421 421 1507 1507 417 419 1508 1508 422 422 1509 1509 420 420 1510 1510 418 418 1511 1511 425 423 1512 1512 424 424 1513 1513 423 425 1514 1514 424 424 1515 1515 426 426 1516 1516 423 425 1517 1517 426 426 1518 1518 427 427 1519 1519 423 425 1520 1520 428 428 1521 1521 426 426 1522 1522 424 424 1523 1523 431 429 1524 1524 430 430 1525 1525 429 431 1526 1526 432 432 1527 1527 429 431 1528 1528 430 430 1529 1529 430 430 1530 1530 433 433 1531 1531 432 432 1532 1532 429 431 1533 1533 432 432 1534 1534 434 434 1535 1535 435 435 1536 1536 432 432 1537 1537 433 433 1538 1538 433 433 1539 1539 436 436 1540 1540 435 435 1541 1541 437 437 1542 1542 434 434 1543 1543 432 432 1544 1544 432 432 1545 1545 435 435 1546 1546 437 437 1547 1547 434 434 1548 1548 437 437 1549 1549 438 438 1550 1550 439 439 1551 1551 435 435 1552 1552 436 436 1553 1553 436 436 1554 1554 440 440 1555 1555 439 439 1556 1556 441 441 1557 1557 438 438 1558 1558 437 437 1559 1559 438 438 1560 1560 441 441 1561 1561 442 442 1562 1562 443 443 1563 1563 442 442 1564 1564 441 441 1565 1565 444 444 1566 1566 437 437 1567 1567 435 435 1568 1568 437 437 1569 1569 444 444 1570 1570 441 441 1571 1571 435 435 1572 1572 439 439 1573 1573 444 444 1574 1574 441 441 1575 1575 445 445 1576 1576 443 443 1577 1577 445 445 1578 1578 441 441 1579 1579 444 444 1580 1580 446 446 1581 1581 443 443 1582 1582 445 445 1583 1583 447 447 1584 1584 439 439 1585 1585 440 440 1586 1586 440 440 1587 1587 448 448 1588 1588 447 447 1589 1589 449 449 1590 1590 444 444 1591 1591 439 439 1592 1592 444 444 1593 1593 449 449 1594 1594 445 445 1595 1595 439 439 1596 1596 447 447 1597 1597 449 449 1598 1598 445 445 1599 1599 450 450 1600 1600 446 446 1601 1601 450 450 1602 1602 445 445 1603 1603 449 449 1604 1604 451 451 1605 1605 446 446 1606 1606 450 450 1607 1607 452 452 1608 1608 447 447 1609 1609 448 448 1610 1610 448 448 1611 1611 453 453 1612 1612 452 452 1613 1613 454 454 1614 1614 452 452 1615 1615 453 453 1616 1616 455 455 1617 1617 449 449 1618 1618 447 447 1619 1619 449 449 1620 1620 455 455 1621 1621 450 450 1622 1622 447 447 1623 1623 452 452 1624 1624 455 455 1625 1625 450 450 1626 1626 456 456 1627 1627 451 451 1628 1628 456 456 1629 1629 450 450 1630 1630 455 455 1631 1631 457 457 1632 1632 451 451 1633 1633 456 456 1634 1634 452 452 1635 1635 454 454 1636 1636 458 458 1637 1637 458 458 1638 1638 455 455 1639 1639 452 452 1640 1640 455 455 1641 1641 458 458 1642 1642 456 456 1643 1643 459 459 1644 1644 458 458 1645 1645 454 454 1646 1646 456 456 1647 1647 460 460 1648 1648 457 457 1649 1649 460 460 1650 1650 456 456 1651 1651 458 458 1652 1652 458 458 1653 1653 459 459 1654 1654 460 460 1655 1655 461 461 1656 1656 457 457 1657 1657 460 460 1658 1658 462 462 1659 1659 460 460 1660 1660 459 459 1661 1661 460 460 1662 1662 462 462 1663 1663 461 461 1664 1664 463 463 1665 1665 461 461 1666 1666 462 462 1667 1667 466 464 1668 1668 465 465 1669 1669 464 466 1670 1670 465 465 1671 1671 467 467 1672 1672 464 466 1673 1673 467 467 1674 1674 468 468 1675 1675 464 466 1676 1676 469 469 1677 1677 467 467 1678 1678 465 465 1679 1679 472 470 1680 1680 471 471 1681 1681 470 472 1682 1682 471 471 1683 1683 473 473 1684 1684 470 472 1685 1685 473 473 1686 1686 474 474 1687 1687 470 472 1688 1688 475 475 1689 1689 473 473 1690 1690 471 471 1691 1691 478 476 1692 1692 477 477 1693 1693 476 478 1694 1694 479 479 1695 1695 476 478 1696 1696 477 477 1697 1697 477 477 1698 1698 480 480 1699 1699 479 479 1700 1700 476 478 1701 1701 479 479 1702 1702 481 481 1703 1703 482 482 1704 1704 479 479 1705 1705 480 480 1706 1706 480 480 1707 1707 483 483 1708 1708 482 482 1709 1709 484 484 1710 1710 481 481 1711 1711 479 479 1712 1712 479 479 1713 1713 482 482 1714 1714 484 484 1715 1715 481 481 1716 1716 484 484 1717 1717 485 485 1718 1718 486 486 1719 1719 482 482 1720 1720 483 483 1721 1721 483 483 1722 1722 487 487 1723 1723 486 486 1724 1724 488 488 1725 1725 485 485 1726 1726 484 484 1727 1727 485 485 1728 1728 488 488 1729 1729 489 489 1730 1730 490 490 1731 1731 489 489 1732 1732 488 488 1733 1733 491 491 1734 1734 484 484 1735 1735 482 482 1736 1736 484 484 1737 1737 491 491 1738 1738 488 488 1739 1739 482 482 1740 1740 486 486 1741 1741 491 491 1742 1742 488 488 1743 1743 492 492 1744 1744 490 490 1745 1745 492 492 1746 1746 488 488 1747 1747 491 491 1748 1748 493 493 1749 1749 490 490 1750 1750 492 492 1751 1751 494 494 1752 1752 486 486 1753 1753 487 487 1754 1754 487 487 1755 1755 495 495 1756 1756 494 494 1757 1757 496 496 1758 1758 491 491 1759 1759 486 486 1760 1760 491 491 1761 1761 496 496 1762 1762 492 492 1763 1763 486 486 1764 1764 494 494 1765 1765 496 496 1766 1766 492 492 1767 1767 497 497 1768 1768 493 493 1769 1769 497 497 1770 1770 492 492 1771 1771 496 496 1772 1772 498 498 1773 1773 493 493 1774 1774 497 497 1775 1775 499 499 1776 1776 494 494 1777 1777 495 495 1778 1778 495 495 1779 1779 500 500 1780 1780 499 499 1781 1781 501 501 1782 1782 499 499 1783 1783 500 500 1784 1784 502 502 1785 1785 496 496 1786 1786 494 494 1787 1787 496 496 1788 1788 502 502 1789 1789 497 497 1790 1790 494 494 1791 1791 499 499 1792 1792 502 502 1793 1793 497 497 1794 1794 503 503 1795 1795 498 498 1796 1796 503 503 1797 1797 497 497 1798 1798 502 502 1799 1799 504 504 1800 1800 498 498 1801 1801 503 503 1802 1802 499 499 1803 1803 501 501 1804 1804 505 505 1805 1805 505 505 1806 1806 502 502 1807 1807 499 499 1808 1808 502 502 1809 1809 505 505 1810 1810 503 503 1811 1811 506 506 1812 1812 505 505 1813 1813 501 501 1814 1814 503 503 1815 1815 507 507 1816 1816 504 504 1817 1817 507 507 1818 1818 503 503 1819 1819 505 505 1820 1820 505 505 1821 1821 506 506 1822 1822 507 507 1823 1823 508 508 1824 1824 504 504 1825 1825 507 507 1826 1826 509 509 1827 1827 507 507 1828 1828 506 506 1829 1829 507 507 1830 1830 509 509 1831 1831 508 508 1832 1832 510 510 1833 1833 508 508 1834 1834 509 509 1835 1835 513 511 1836 1836 512 512 1837 1837 511 513 1838 1838 512 512 1839 1839 514 514 1840 1840 511 513 1841 1841 514 514 1842 1842 515 515 1843 1843 511 513 1844 1844 516 516 1845 1845 514 514 1846 1846 512 512 1847 1847 519 517 1848 1848 518 518 1849 1849 517 519 1850 1850 518 518 1851 1851 520 520 1852 1852 517 519 1853 1853 520 520 1854 1854 521 521 1855 1855 517 519 1856 1856 522 522 1857 1857 520 520 1858 1858 518 518 1859 1859 525 523 1860 1860 524 524 1861 1861 523 525 1862 1862 526 526 1863 1863 523 525 1864 1864 524 524 1865 1865 524 524 1866 1866 527 527 1867 1867 526 526 1868 1868 523 525 1869 1869 526 526 1870 1870 528 528 1871 1871 529 529 1872 1872 526 526 1873 1873 527 527 1874 1874 527 527 1875 1875 530 530 1876 1876 529 529 1877 1877 531 531 1878 1878 528 528 1879 1879 526 526 1880 1880 526 526 1881 1881 529 529 1882 1882 531 531 1883 1883 528 528 1884 1884 531 531 1885 1885 532 532 1886 1886 533 533 1887 1887 529 529 1888 1888 530 530 1889 1889 530 530 1890 1890 534 534 1891 1891 533 533 1892 1892 535 535 1893 1893 532 532 1894 1894 531 531 1895 1895 532 532 1896 1896 535 535 1897 1897 536 536 1898 1898 537 537 1899 1899 536 536 1900 1900 535 535 1901 1901 538 538 1902 1902 531 531 1903 1903 529 529 1904 1904 531 531 1905 1905 538 538 1906 1906 535 535 1907 1907 529 529 1908 1908 533 533 1909 1909 538 538 1910 1910 535 535 1911 1911 539 539 1912 1912 537 537 1913 1913 539 539 1914 1914 535 535 1915 1915 538 538 1916 1916 540 540 1917 1917 537 537 1918 1918 539 539 1919 1919 541 541 1920 1920 533 533 1921 1921 534 534 1922 1922 534 534 1923 1923 542 542 1924 1924 541 541 1925 1925 543 543 1926 1926 538 538 1927 1927 533 533 1928 1928 538 538 1929 1929 543 543 1930 1930 539 539 1931 1931 533 533 1932 1932 541 541 1933 1933 543 543 1934 1934 539 539 1935 1935 544 544 1936 1936 540 540 1937 1937 544 544 1938 1938 539 539 1939 1939 543 543 1940 1940 545 545 1941 1941 540 540 1942 1942 544 544 1943 1943 546 546 1944 1944 541 541 1945 1945 542 542 1946 1946 542 542 1947 1947 547 547 1948 1948 546 546 1949 1949 548 548 1950 1950 546 546 1951 1951 547 547 1952 1952 549 549 1953 1953 543 543 1954 1954 541 541 1955 1955 543 543 1956 1956 549 549 1957 1957 544 544 1958 1958 541 541 1959 1959 546 546 1960 1960 549 549 1961 1961 544 544 1962 1962 550 550 1963 1963 545 545 1964 1964 550 550 1965 1965 544 544 1966 1966 549 549 1967 1967 551 551 1968 1968 545 545 1969 1969 550 550 1970 1970 546 546 1971 1971 548 548 1972 1972 552 552 1973 1973 552 552 1974 1974 549 549 1975 1975 546 546 1976 1976 549 549 1977 1977 552 552 1978 1978 550 550 1979 1979 553 553 1980 1980 552 552 1981 1981 548 548 1982 1982 550 550 1983 1983 554 554 1984 1984 551 551 1985 1985 554 554 1986 1986 550 550 1987 1987 552 552 1988 1988 552 552 1989 1989 553 553 1990 1990 554 554 1991 1991 555 555 1992 1992 551 551 1993 1993 554 554 1994 1994 556 556 1995 1995 554 554 1996 1996 553 553 1997 1997 554 554 1998 1998 556 556 1999 1999 555 555 2000 2000 557 557 2001 2001 555 555 2002 2002 556 556 2003 2003 560 558 2004 2004 559 559 2005 2005 558 560 2006 2006 559 559 2007 2007 561 561 2008 2008 558 560 2009 2009 561 561 2010 2010 562 562 2011 2011 558 560 2012 2012 563 563 2013 2013 561 561 2014 2014 559 559 2015 2015</p>
        </triangles>
        <triangles material="SOMRTHING-material" count="1994">
          <input semantic="VERTEX" source="#Wheel_Rubber_Sleeve_03-mesh-vertices" offset="0"/>
          <input semantic="NORMAL" source="#Wheel_Rubber_Sleeve_03-mesh-normals" offset="1"/>
          <input semantic="TEXCOORD" source="#Wheel_Rubber_Sleeve_03-mesh-map-0" offset="2" set="0"/>
          <input semantic="COLOR" source="#Wheel_Rubber_Sleeve_03-mesh-colors-Col" offset="3" set="0"/>
          <p>566 564 2016 2016 565 565 2017 2017 564 566 2018 2018 565 565 2019 2019 567 567 2020 2020 564 566 2021 2021 565 565 2022 2022 568 568 2023 2023 567 567 2024 2024 568 568 2025 2025 569 569 2026 2026 567 567 2027 2027 568 568 2028 2028 570 570 2029 2029 569 569 2030 2030 570 570 2031 2031 571 571 2032 2032 569 569 2033 2033 570 570 2034 2034 572 572 2035 2035 571 571 2036 2036 572 572 2037 2037 573 573 2038 2038 571 571 2039 2039 572 572 2040 2040 574 574 2041 2041 573 573 2042 2042 574 574 2043 2043 575 575 2044 2044 573 573 2045 2045 574 574 2046 2046 576 576 2047 2047 575 575 2048 2048 576 576 2049 2049 577 577 2050 2050 575 575 2051 2051 576 576 2052 2052 578 578 2053 2053 577 577 2054 2054 578 578 2055 2055 579 579 2056 2056 577 577 2057 2057 578 578 2058 2058 580 580 2059 2059 579 579 2060 2060 580 580 2061 2061 581 581 2062 2062 579 579 2063 2063 580 580 2064 2064 582 582 2065 2065 581 581 2066 2066 582 582 2067 2067 583 583 2068 2068 581 581 2069 2069 582 582 2070 2070 584 584 2071 2071 583 583 2072 2072 584 584 2073 2073 585 585 2074 2074 583 583 2075 2075 584 584 2076 2076 586 586 2077 2077 585 585 2078 2078 586 586 2079 2079 587 587 2080 2080 585 585 2081 2081 586 586 2082 2082 588 588 2083 2083 587 587 2084 2084 588 588 2085 2085 589 589 2086 2086 587 587 2087 2087 588 588 2088 2088 590 590 2089 2089 589 589 2090 2090 590 590 2091 2091 591 591 2092 2092 589 589 2093 2093 590 590 2094 2094 592 592 2095 2095 591 591 2096 2096 592 592 2097 2097 593 593 2098 2098 591 591 2099 2099 592 592 2100 2100 594 594 2101 2101 593 593 2102 2102 594 594 2103 2103 595 595 2104 2104 593 593 2105 2105 594 594 2106 2106 596 596 2107 2107 595 595 2108 2108 596 596 2109 2109 597 597 2110 2110 595 595 2111 2111 596 596 2112 2112 598 598 2113 2113 597 597 2114 2114 598 598 2115 2115 599 599 2116 2116 597 597 2117 2117 598 598 2118 2118 600 600 2119 2119 599 599 2120 2120 600 600 2121 2121 601 601 2122 2122 599 599 2123 2123 600 600 2124 2124 602 602 2125 2125 601 601 2126 2126 602 602 2127 2127 603 603 2128 2128 601 601 2129 2129 602 602 2130 2130 604 604 2131 2131 603 603 2132 2132 604 604 2133 2133 605 605 2134 2134 603 603 2135 2135 604 604 2136 2136 606 606 2137 2137 605 605 2138 2138 606 606 2139 2139 607 607 2140 2140 605 605 2141 2141 606 606 2142 2142 608 608 2143 2143 607 607 2144 2144 608 608 2145 2145 609 609 2146 2146 607 607 2147 2147 608 608 2148 2148 610 610 2149 2149 609 609 2150 2150 610 610 2151 2151 611 611 2152 2152 609 609 2153 2153 610 610 2154 2154 612 612 2155 2155 611 611 2156 2156 612 612 2157 2157 613 613 2158 2158 611 611 2159 2159 612 612 2160 2160 614 614 2161 2161 613 613 2162 2162 614 614 2163 2163 615 615 2164 2164 613 613 2165 2165 614 614 2166 2166 616 616 2167 2167 615 615 2168 2168 616 616 2169 2169 617 617 2170 2170 615 615 2171 2171 616 616 2172 2172 618 618 2173 2173 617 617 2174 2174 618 618 2175 2175 619 619 2176 2176 617 617 2177 2177 618 618 2178 2178 620 620 2179 2179 619 619 2180 2180 620 620 2181 2181 621 621 2182 2182 619 619 2183 2183 620 620 2184 2184 622 622 2185 2185 621 621 2186 2186 622 622 2187 2187 623 623 2188 2188 621 621 2189 2189 622 622 2190 2190 624 624 2191 2191 623 623 2192 2192 624 624 2193 2193 625 625 2194 2194 623 623 2195 2195 624 624 2196 2196 626 626 2197 2197 625 625 2198 2198 626 626 2199 2199 627 627 2200 2200 625 625 2201 2201 626 626 2202 2202 628 628 2203 2203 627 627 2204 2204 628 628 2205 2205 629 629 2206 2206 627 627 2207 2207 628 628 2208 2208 630 630 2209 2209 629 629 2210 2210 630 630 2211 2211 631 631 2212 2212 629 629 2213 2213 630 630 2214 2214 632 632 2215 2215 631 631 2216 2216 632 632 2217 2217 633 633 2218 2218 631 631 2219 2219 632 632 2220 2220 634 634 2221 2221 633 633 2222 2222 634 634 2223 2223 635 635 2224 2224 633 633 2225 2225 634 634 2226 2226 636 636 2227 2227 635 635 2228 2228 636 636 2229 2229 637 637 2230 2230 635 635 2231 2231 636 636 2232 2232 638 638 2233 2233 637 637 2234 2234 638 638 2235 2235 639 639 2236 2236 637 637 2237 2237 638 638 2238 2238 640 640 2239 2239 639 639 2240 2240 640 640 2241 2241 641 641 2242 2242 639 639 2243 2243 640 640 2244 2244 642 642 2245 2245 641 641 2246 2246 642 642 2247 2247 643 643 2248 2248 641 641 2249 2249 642 642 2250 2250 644 644 2251 2251 643 643 2252 2252 644 644 2253 2253 645 645 2254 2254 643 643 2255 2255 644 644 2256 2256 646 646 2257 2257 645 645 2258 2258 646 646 2259 2259 647 647 2260 2260 645 645 2261 2261 646 646 2262 2262 648 648 2263 2263 647 647 2264 2264 648 648 2265 2265 649 649 2266 2266 647 647 2267 2267 648 648 2268 2268 650 650 2269 2269 649 649 2270 2270 650 650 2271 2271 651 651 2272 2272 649 649 2273 2273 650 650 2274 2274 652 652 2275 2275 651 651 2276 2276 652 652 2277 2277 653 653 2278 2278 651 651 2279 2279 652 652 2280 2280 654 654 2281 2281 653 653 2282 2282 654 654 2283 2283 655 655 2284 2284 653 653 2285 2285 654 654 2286 2286 656 656 2287 2287 655 655 2288 2288 656 656 2289 2289 657 657 2290 2290 655 655 2291 2291 656 656 2292 2292 658 658 2293 2293 657 657 2294 2294 658 658 2295 2295 659 659 2296 2296 657 657 2297 2297 658 658 2298 2298 660 660 2299 2299 659 659 2300 2300 660 660 2301 2301 661 661 2302 2302 659 659 2303 2303 660 660 2304 2304 662 662 2305 2305 661 661 2306 2306 662 662 2307 2307 663 663 2308 2308 661 661 2309 2309 662 662 2310 2310 664 664 2311 2311 663 663 2312 2312 664 664 2313 2313 665 665 2314 2314 663 663 2315 2315 664 664 2316 2316 666 666 2317 2317 665 665 2318 2318 666 666 2319 2319 667 667 2320 2320 665 665 2321 2321 670 668 2322 2322 669 669 2323 2323 668 670 2324 2324 671 671 2325 2325 670 668 2326 2326 668 670 2327 2327 671 671 2328 2328 668 670 2329 2329 672 672 2330 2330 673 673 2331 2331 671 671 2332 2332 672 672 2333 2333 673 673 2334 2334 672 672 2335 2335 674 674 2336 2336 675 675 2337 2337 673 673 2338 2338 674 674 2339 2339 675 675 2340 2340 674 674 2341 2341 676 676 2342 2342 677 677 2343 2343 675 675 2344 2344 676 676 2345 2345 677 677 2346 2346 676 676 2347 2347 678 678 2348 2348 679 679 2349 2349 677 677 2350 2350 678 678 2351 2351 679 679 2352 2352 678 678 2353 2353 680 680 2354 2354 681 681 2355 2355 679 679 2356 2356 680 680 2357 2357 681 681 2358 2358 680 680 2359 2359 682 682 2360 2360 683 683 2361 2361 681 681 2362 2362 682 682 2363 2363 683 683 2364 2364 682 682 2365 2365 684 684 2366 2366 685 685 2367 2367 683 683 2368 2368 684 684 2369 2369 685 685 2370 2370 684 684 2371 2371 686 686 2372 2372 687 687 2373 2373 685 685 2374 2374 686 686 2375 2375 687 687 2376 2376 686 686 2377 2377 688 688 2378 2378 689 689 2379 2379 687 687 2380 2380 688 688 2381 2381 689 689 2382 2382 688 688 2383 2383 690 690 2384 2384 691 691 2385 2385 689 689 2386 2386 690 690 2387 2387 691 691 2388 2388 690 690 2389 2389 692 692 2390 2390 693 693 2391 2391 691 691 2392 2392 692 692 2393 2393 693 693 2394 2394 692 692 2395 2395 694 694 2396 2396 695 695 2397 2397 693 693 2398 2398 694 694 2399 2399 695 695 2400 2400 694 694 2401 2401 696 696 2402 2402 697 697 2403 2403 695 695 2404 2404 696 696 2405 2405 697 697 2406 2406 696 696 2407 2407 698 698 2408 2408 699 699 2409 2409 697 697 2410 2410 698 698 2411 2411 699 699 2412 2412 698 698 2413 2413 700 700 2414 2414 701 701 2415 2415 699 699 2416 2416 700 700 2417 2417 701 701 2418 2418 700 700 2419 2419 702 702 2420 2420 703 703 2421 2421 701 701 2422 2422 702 702 2423 2423 703 703 2424 2424 702 702 2425 2425 704 704 2426 2426 705 705 2427 2427 703 703 2428 2428 704 704 2429 2429 705 705 2430 2430 704 704 2431 2431 706 706 2432 2432 707 707 2433 2433 705 705 2434 2434 706 706 2435 2435 707 707 2436 2436 706 706 2437 2437 708 708 2438 2438 709 709 2439 2439 707 707 2440 2440 708 708 2441 2441 709 709 2442 2442 708 708 2443 2443 710 710 2444 2444 711 711 2445 2445 709 709 2446 2446 710 710 2447 2447 711 711 2448 2448 710 710 2449 2449 712 712 2450 2450 713 713 2451 2451 711 711 2452 2452 712 712 2453 2453 713 713 2454 2454 712 712 2455 2455 714 714 2456 2456 715 715 2457 2457 713 713 2458 2458 714 714 2459 2459 715 715 2460 2460 714 714 2461 2461 716 716 2462 2462 717 717 2463 2463 715 715 2464 2464 716 716 2465 2465 717 717 2466 2466 716 716 2467 2467 718 718 2468 2468 719 719 2469 2469 717 717 2470 2470 718 718 2471 2471 719 719 2472 2472 718 718 2473 2473 720 720 2474 2474 721 721 2475 2475 719 719 2476 2476 720 720 2477 2477 721 721 2478 2478 720 720 2479 2479 722 722 2480 2480 723 723 2481 2481 721 721 2482 2482 722 722 2483 2483 723 723 2484 2484 722 722 2485 2485 724 724 2486 2486 725 725 2487 2487 723 723 2488 2488 724 724 2489 2489 725 725 2490 2490 724 724 2491 2491 726 726 2492 2492 727 727 2493 2493 725 725 2494 2494 726 726 2495 2495 727 727 2496 2496 726 726 2497 2497 728 728 2498 2498 729 729 2499 2499 727 727 2500 2500 728 728 2501 2501 729 729 2502 2502 728 728 2503 2503 730 730 2504 2504 731 731 2505 2505 729 729 2506 2506 730 730 2507 2507 731 731 2508 2508 730 730 2509 2509 732 732 2510 2510 733 733 2511 2511 731 731 2512 2512 732 732 2513 2513 733 733 2514 2514 732 732 2515 2515 734 734 2516 2516 735 735 2517 2517 733 733 2518 2518 734 734 2519 2519 735 735 2520 2520 734 734 2521 2521 736 736 2522 2522 737 737 2523 2523 735 735 2524 2524 736 736 2525 2525 737 737 2526 2526 736 736 2527 2527 738 738 2528 2528 739 739 2529 2529 737 737 2530 2530 738 738 2531 2531 739 739 2532 2532 738 738 2533 2533 740 740 2534 2534 741 741 2535 2535 739 739 2536 2536 740 740 2537 2537 741 741 2538 2538 740 740 2539 2539 742 742 2540 2540 743 743 2541 2541 741 741 2542 2542 742 742 2543 2543 743 743 2544 2544 742 742 2545 2545 744 744 2546 2546 745 745 2547 2547 743 743 2548 2548 744 744 2549 2549 748 746 2550 2550 747 747 2551 2551 746 748 2552 2552 749 749 2553 2553 748 746 2554 2554 746 748 2555 2555 749 749 2556 2556 746 748 2557 2557 750 750 2558 2558 751 751 2559 2559 749 749 2560 2560 750 750 2561 2561 751 751 2562 2562 750 750 2563 2563 752 752 2564 2564 753 753 2565 2565 751 751 2566 2566 752 752 2567 2567 753 753 2568 2568 752 752 2569 2569 754 754 2570 2570 755 755 2571 2571 753 753 2572 2572 754 754 2573 2573 755 755 2574 2574 754 754 2575 2575 756 756 2576 2576 757 757 2577 2577 755 755 2578 2578 756 756 2579 2579 757 757 2580 2580 756 756 2581 2581 758 758 2582 2582 759 759 2583 2583 757 757 2584 2584 758 758 2585 2585 759 759 2586 2586 758 758 2587 2587 760 760 2588 2588 761 761 2589 2589 759 759 2590 2590 760 760 2591 2591 761 761 2592 2592 760 760 2593 2593 762 762 2594 2594 763 763 2595 2595 761 761 2596 2596 762 762 2597 2597 763 763 2598 2598 762 762 2599 2599 764 764 2600 2600 765 765 2601 2601 763 763 2602 2602 764 764 2603 2603 765 765 2604 2604 764 764 2605 2605 766 766 2606 2606 767 767 2607 2607 765 765 2608 2608 766 766 2609 2609 767 767 2610 2610 766 766 2611 2611 768 768 2612 2612 769 769 2613 2613 767 767 2614 2614 768 768 2615 2615 769 769 2616 2616 768 768 2617 2617 770 770 2618 2618 771 771 2619 2619 769 769 2620 2620 770 770 2621 2621 771 771 2622 2622 770 770 2623 2623 772 772 2624 2624 773 773 2625 2625 771 771 2626 2626 772 772 2627 2627 773 773 2628 2628 772 772 2629 2629 774 774 2630 2630 775 775 2631 2631 773 773 2632 2632 774 774 2633 2633 775 775 2634 2634 774 774 2635 2635 776 776 2636 2636 777 777 2637 2637 775 775 2638 2638 776 776 2639 2639 777 777 2640 2640 776 776 2641 2641 778 778 2642 2642 779 779 2643 2643 777 777 2644 2644 778 778 2645 2645 779 779 2646 2646 778 778 2647 2647 780 780 2648 2648 781 781 2649 2649 779 779 2650 2650 780 780 2651 2651 781 781 2652 2652 780 780 2653 2653 782 782 2654 2654 783 783 2655 2655 781 781 2656 2656 782 782 2657 2657 783 783 2658 2658 782 782 2659 2659 784 784 2660 2660 785 785 2661 2661 783 783 2662 2662 784 784 2663 2663 785 785 2664 2664 784 784 2665 2665 786 786 2666 2666 787 787 2667 2667 785 785 2668 2668 786 786 2669 2669 787 787 2670 2670 786 786 2671 2671 788 788 2672 2672 789 789 2673 2673 787 787 2674 2674 788 788 2675 2675 789 789 2676 2676 788 788 2677 2677 790 790 2678 2678 791 791 2679 2679 789 789 2680 2680 790 790 2681 2681 791 791 2682 2682 790 790 2683 2683 792 792 2684 2684 793 793 2685 2685 791 791 2686 2686 792 792 2687 2687 793 793 2688 2688 792 792 2689 2689 794 794 2690 2690 795 795 2691 2691 793 793 2692 2692 794 794 2693 2693 795 795 2694 2694 794 794 2695 2695 796 796 2696 2696 797 797 2697 2697 795 795 2698 2698 796 796 2699 2699 797 797 2700 2700 796 796 2701 2701 798 798 2702 2702 799 799 2703 2703 797 797 2704 2704 798 798 2705 2705 799 799 2706 2706 798 798 2707 2707 800 800 2708 2708 801 801 2709 2709 799 799 2710 2710 800 800 2711 2711 801 801 2712 2712 800 800 2713 2713 802 802 2714 2714 803 803 2715 2715 801 801 2716 2716 802 802 2717 2717 803 803 2718 2718 802 802 2719 2719 804 804 2720 2720 805 805 2721 2721 803 803 2722 2722 804 804 2723 2723 805 805 2724 2724 804 804 2725 2725 806 806 2726 2726 807 807 2727 2727 805 805 2728 2728 806 806 2729 2729 807 807 2730 2730 806 806 2731 2731 808 808 2732 2732 809 809 2733 2733 807 807 2734 2734 808 808 2735 2735 809 809 2736 2736 808 808 2737 2737 810 810 2738 2738 811 811 2739 2739 809 809 2740 2740 810 810 2741 2741 811 811 2742 2742 810 810 2743 2743 812 812 2744 2744 813 813 2745 2745 811 811 2746 2746 812 812 2747 2747 813 813 2748 2748 812 812 2749 2749 814 814 2750 2750 815 815 2751 2751 813 813 2752 2752 814 814 2753 2753 815 815 2754 2754 814 814 2755 2755 816 816 2756 2756 817 817 2757 2757 815 815 2758 2758 816 816 2759 2759 817 817 2760 2760 816 816 2761 2761 818 818 2762 2762 819 819 2763 2763 817 817 2764 2764 818 818 2765 2765 819 819 2766 2766 818 818 2767 2767 820 820 2768 2768 821 821 2769 2769 819 819 2770 2770 820 820 2771 2771 821 821 2772 2772 820 820 2773 2773 822 822 2774 2774 823 823 2775 2775 821 821 2776 2776 822 822 2777 2777 823 823 2778 2778 822 822 2779 2779 824 824 2780 2780 825 825 2781 2781 823 823 2782 2782 824 824 2783 2783 828 826 2784 2784 827 827 2785 2785 826 828 2786 2786 828 826 2787 2787 829 829 2788 2788 827 827 2789 2789 827 827 2790 2790 830 830 2791 2791 826 828 2792 2792 826 828 2793 2793 830 830 2794 2794 831 831 2795 2795 830 830 2796 2796 832 832 2797 2797 831 831 2798 2798 830 830 2799 2799 833 833 2800 2800 832 832 2801 2801 831 831 2802 2802 832 832 2803 2803 834 834 2804 2804 832 832 2805 2805 835 835 2806 2806 834 834 2807 2807 832 832 2808 2808 833 833 2809 2809 835 835 2810 2810 833 833 2811 2811 836 836 2812 2812 835 835 2813 2813 837 837 2814 2814 836 836 2815 2815 833 833 2816 2816 838 838 2817 2817 837 837 2818 2818 833 833 2819 2819 839 839 2820 2820 838 838 2821 2821 833 833 2822 2822 840 840 2823 2823 837 837 2824 2824 838 838 2825 2825 841 841 2826 2826 840 840 2827 2827 838 838 2828 2828 838 838 2829 2829 839 839 2830 2830 841 841 2831 2831 840 840 2832 2832 841 841 2833 2833 842 842 2834 2834 830 830 2835 2835 843 843 2836 2836 833 833 2837 2837 843 843 2838 2838 839 839 2839 2839 833 833 2840 2840 830 830 2841 2841 827 827 2842 2842 844 844 2843 2843 843 843 2844 2844 830 830 2845 2845 844 844 2846 2846 827 827 2847 2847 845 845 2848 2848 844 844 2849 2849 829 829 2850 2850 845 845 2851 2851 827 827 2852 2852 843 843 2853 2853 844 844 2854 2854 846 846 2855 2855 845 845 2856 2856 846 846 2857 2857 844 844 2858 2858 845 845 2859 2859 829 829 2860 2860 847 847 2861 2861 847 847 2862 2862 846 846 2863 2863 845 845 2864 2864 829 829 2865 2865 848 848 2866 2866 847 847 2867 2867 847 847 2868 2868 848 848 2869 2869 849 849 2870 2870 850 850 2871 2871 843 843 2872 2872 846 846 2873 2873 843 843 2874 2874 850 850 2875 2875 839 839 2876 2876 847 847 2877 2877 851 851 2878 2878 846 846 2879 2879 851 851 2880 2880 850 850 2881 2881 846 846 2882 2882 852 852 2883 2883 847 847 2884 2884 849 849 2885 2885 852 852 2886 2886 851 851 2887 2887 847 847 2888 2888 852 852 2889 2889 849 849 2890 2890 853 853 2891 2891 854 854 2892 2892 853 853 2893 2893 849 849 2894 2894 853 853 2895 2895 854 854 2896 2896 855 855 2897 2897 855 855 2898 2898 856 856 2899 2899 853 853 2900 2900 856 856 2901 2901 855 855 2902 2902 857 857 2903 2903 854 854 2904 2904 858 858 2905 2905 855 855 2906 2906 855 855 2907 2907 858 858 2908 2908 857 857 2909 2909 858 858 2910 2910 859 859 2911 2911 857 857 2912 2912 857 857 2913 2913 859 859 2914 2914 860 860 2915 2915 861 861 2916 2916 852 852 2917 2917 853 853 2918 2918 856 856 2919 2919 861 861 2920 2920 853 853 2921 2921 851 851 2922 2922 852 852 2923 2923 862 862 2924 2924 852 852 2925 2925 861 861 2926 2926 862 862 2927 2927 851 851 2928 2928 863 863 2929 2929 850 850 2930 2930 863 863 2931 2931 851 851 2932 2932 862 862 2933 2933 864 864 2934 2934 863 863 2935 2935 862 862 2936 2936 862 862 2937 2937 861 861 2938 2938 865 865 2939 2939 861 861 2940 2940 856 856 2941 2941 865 865 2942 2942 864 864 2943 2943 862 862 2944 2944 865 865 2945 2945 863 863 2946 2946 866 866 2947 2947 850 850 2948 2948 850 850 2949 2949 866 866 2950 2950 839 839 2951 2951 863 863 2952 2952 867 867 2953 2953 866 866 2954 2954 839 839 2955 2955 866 866 2956 2956 867 867 2957 2957 867 867 2958 2958 863 863 2959 2959 864 864 2960 2960 868 868 2961 2961 867 867 2962 2962 864 864 2963 2963 869 869 2964 2964 839 839 2965 2965 867 867 2966 2966 869 869 2967 2967 867 867 2968 2968 868 868 2969 2969 839 839 2970 2970 869 869 2971 2971 841 841 2972 2972 869 869 2973 2973 870 870 2974 2974 841 841 2975 2975 870 870 2976 2976 869 869 2977 2977 868 868 2978 2978 870 870 2979 2979 842 842 2980 2980 841 841 2981 2981 870 870 2982 2982 871 871 2983 2983 842 842 2984 2984 870 870 2985 2985 868 868 2986 2986 872 872 2987 2987 871 871 2988 2988 870 870 2989 2989 872 872 2990 2990 871 871 2991 2991 873 873 2992 2992 842 842 2993 2993 874 874 2994 2994 842 842 2995 2995 873 873 2996 2996 871 871 2997 2997 875 875 2998 2998 873 873 2999 2999 871 871 3000 3000 872 872 3001 3001 875 875 3002 3002 876 876 3003 3003 874 874 3004 3004 873 873 3005 3005 873 873 3006 3006 875 875 3007 3007 876 876 3008 3008 874 874 3009 3009 876 876 3010 3010 877 877 3011 3011 878 878 3012 3012 874 874 3013 3013 877 877 3014 3014 878 878 3015 3015 877 877 3016 3016 879 879 3017 3017 877 877 3018 3018 880 880 3019 3019 879 879 3020 3020 879 879 3021 3021 880 880 3022 3022 881 881 3023 3023 877 877 3024 3024 876 876 3025 3025 882 882 3026 3026 880 880 3027 3027 877 877 3028 3028 882 882 3029 3029 876 876 3030 3030 883 883 3031 3031 882 882 3032 3032 875 875 3033 3033 883 883 3034 3034 876 876 3035 3035 884 884 3036 3036 882 882 3037 3037 883 883 3038 3038 884 884 3039 3039 880 880 3040 3040 882 882 3041 3041 880 880 3042 3042 884 884 3043 3043 885 885 3044 3044 884 884 3045 3045 886 886 3046 3046 885 885 3047 3047 880 880 3048 3048 887 887 3049 3049 881 881 3050 3050 880 880 3051 3051 885 885 3052 3052 887 887 3053 3053 881 881 3054 3054 887 887 3055 3055 888 888 3056 3056 887 887 3057 3057 889 889 3058 3058 888 888 3059 3059 887 887 3060 3060 885 885 3061 3061 889 889 3062 3062 885 885 3063 3063 890 890 3064 3064 889 889 3065 3065 891 891 3066 3066 890 890 3067 3067 885 885 3068 3068 892 892 3069 3069 884 884 3070 3070 883 883 3071 3071 875 875 3072 3072 892 892 3073 3073 883 883 3074 3074 884 884 3075 3075 892 892 3076 3076 886 886 3077 3077 893 893 3078 3078 891 891 3079 3079 885 885 3080 3080 886 886 3081 3081 893 893 3082 3082 885 885 3083 3083 894 894 3084 3084 891 891 3085 3085 893 893 3086 3086 895 895 3087 3087 894 894 3088 3088 893 893 3089 3089 893 893 3090 3090 886 886 3091 3091 895 895 3092 3092 894 894 3093 3093 895 895 3094 3094 896 896 3095 3095 875 875 3096 3096 897 897 3097 3097 892 892 3098 3098 872 872 3099 3099 897 897 3100 3100 875 875 3101 3101 898 898 3102 3102 896 896 3103 3103 895 895 3104 3104 896 896 3105 3105 898 898 3106 3106 899 899 3107 3107 892 892 3108 3108 900 900 3109 3109 886 886 3110 3110 897 897 3111 3111 900 900 3112 3112 892 892 3113 3113 872 872 3114 3114 901 901 3115 3115 897 897 3116 3116 868 868 3117 3117 901 901 3118 3118 872 872 3119 3119 897 897 3120 3120 902 902 3121 3121 900 900 3122 3122 886 886 3123 3123 900 900 3124 3124 902 902 3125 3125 902 902 3126 3126 897 897 3127 3127 901 901 3128 3128 886 886 3129 3129 903 903 3130 3130 895 895 3131 3131 903 903 3132 3132 898 898 3133 3133 895 895 3134 3134 903 903 3135 3135 886 886 3136 3136 902 902 3137 3137 903 903 3138 3138 902 902 3139 3139 904 904 3140 3140 898 898 3141 3141 903 903 3142 3142 904 904 3143 3143 898 898 3144 3144 905 905 3145 3145 899 899 3146 3146 906 906 3147 3147 899 899 3148 3148 905 905 3149 3149 907 907 3150 3150 902 902 3151 3151 901 901 3152 3152 902 902 3153 3153 907 907 3154 3154 904 904 3155 3155 908 908 3156 3156 898 898 3157 3157 904 904 3158 3158 898 898 3159 3159 908 908 3160 3160 905 905 3161 3161 907 907 3162 3162 909 909 3163 3163 904 904 3164 3164 909 909 3165 3165 908 908 3166 3166 904 904 3167 3167 901 901 3168 3168 868 868 3169 3169 910 910 3170 3170 907 907 3171 3171 901 901 3172 3172 911 911 3173 3173 901 901 3174 3174 910 910 3175 3175 911 911 3176 3176 868 868 3177 3177 912 912 3178 3178 910 910 3179 3179 868 868 3180 3180 864 864 3181 3181 912 912 3182 3182 913 913 3183 3183 906 906 3184 3184 905 905 3185 3185 905 905 3186 3186 908 908 3187 3187 914 914 3188 3188 905 905 3189 3189 914 914 3190 3190 913 913 3191 3191 906 906 3192 3192 913 913 3193 3193 915 915 3194 3194 916 916 3195 3195 906 906 3196 3196 915 915 3197 3197 916 916 3198 3198 915 915 3199 3199 917 917 3200 3200 915 915 3201 3201 913 913 3202 3202 918 918 3203 3203 913 913 3204 3204 914 914 3205 3205 918 918 3206 3206 915 915 3207 3207 919 919 3208 3208 917 917 3209 3209 919 919 3210 3210 915 915 3211 3211 918 918 3212 3212 917 917 3213 3213 919 919 3214 3214 920 920 3215 3215 921 921 3216 3216 918 918 3217 3217 914 914 3218 3218 921 921 3219 3219 919 919 3220 3220 918 918 3221 3221 919 919 3222 3222 921 921 3223 3223 922 922 3224 3224 921 921 3225 3225 923 923 3226 3226 922 922 3227 3227 919 919 3228 3228 924 924 3229 3229 920 920 3230 3230 919 919 3231 3231 922 922 3232 3232 924 924 3233 3233 920 920 3234 3234 924 924 3235 3235 925 925 3236 3236 924 924 3237 3237 926 926 3238 3238 925 925 3239 3239 924 924 3240 3240 922 922 3241 3241 926 926 3242 3242 922 922 3243 3243 927 927 3244 3244 926 926 3245 3245 928 928 3246 3246 927 927 3247 3247 922 922 3248 3248 929 929 3249 3249 921 921 3250 3250 914 914 3251 3251 921 921 3252 3252 929 929 3253 3253 923 923 3254 3254 908 908 3255 3255 929 929 3256 3256 914 914 3257 3257 930 930 3258 3258 928 928 3259 3259 922 922 3260 3260 923 923 3261 3261 930 930 3262 3262 922 922 3263 3263 931 931 3264 3264 928 928 3265 3265 930 930 3266 3266 932 932 3267 3267 929 929 3268 3268 908 908 3269 3269 929 929 3270 3270 932 932 3271 3271 923 923 3272 3272 932 932 3273 3273 908 908 3274 3274 909 909 3275 3275 933 933 3276 3276 931 931 3277 3277 930 930 3278 3278 930 930 3279 3279 923 923 3280 3280 933 933 3281 3281 931 931 3282 3282 933 933 3283 3283 934 934 3284 3284 935 935 3285 3285 932 932 3286 3286 909 909 3287 3287 923 923 3288 3288 932 932 3289 3289 935 935 3290 3290 923 923 3291 3291 936 936 3292 3292 933 933 3293 3293 936 936 3294 3294 923 923 3295 3295 935 935 3296 3296 937 937 3297 3297 934 934 3298 3298 933 933 3299 3299 936 936 3300 3300 937 937 3301 3301 933 933 3302 3302 938 938 3303 3303 935 935 3304 3304 909 909 3305 3305 935 935 3306 3306 938 938 3307 3307 939 939 3308 3308 907 907 3309 3309 938 938 3310 3310 909 909 3311 3311 940 940 3312 3312 936 936 3313 3313 935 935 3314 3314 937 937 3315 3315 936 936 3316 3316 940 940 3317 3317 940 940 3318 3318 935 935 3319 3319 939 939 3320 3320 937 937 3321 3321 941 941 3322 3322 934 934 3323 3323 941 941 3324 3324 942 942 3325 3325 934 934 3326 3326 943 943 3327 3327 942 942 3328 3328 941 941 3329 3329 938 938 3330 3330 907 907 3331 3331 944 944 3332 3332 907 907 3333 3333 911 911 3334 3334 944 944 3335 3335 945 945 3336 3336 937 937 3337 3337 940 940 3338 3338 937 937 3339 3339 945 945 3340 3340 941 941 3341 3341 939 939 3342 3342 946 946 3343 3343 940 940 3344 3344 946 946 3345 3345 945 945 3346 3346 940 940 3347 3347 938 938 3348 3348 944 944 3349 3349 947 947 3350 3350 939 939 3351 3351 938 938 3352 3352 947 947 3353 3353 948 948 3354 3354 943 943 3355 3355 941 941 3356 3356 941 941 3357 3357 945 945 3358 3358 949 949 3359 3359 941 941 3360 3360 949 949 3361 3361 948 948 3362 3362 943 943 3363 3363 948 948 3364 3364 950 950 3365 3365 951 951 3366 3366 943 943 3367 3367 950 950 3368 3368 951 951 3369 3369 950 950 3370 3370 952 952 3371 3371 950 950 3372 3372 948 948 3373 3373 953 953 3374 3374 948 948 3375 3375 949 949 3376 3376 953 953 3377 3377 950 950 3378 3378 954 954 3379 3379 952 952 3380 3380 954 954 3381 3381 950 950 3382 3382 953 953 3383 3383 952 952 3384 3384 954 954 3385 3385 955 955 3386 3386 945 945 3387 3387 956 956 3388 3388 949 949 3389 3389 945 945 3390 3390 946 946 3391 3391 956 956 3392 3392 957 957 3393 3393 953 953 3394 3394 949 949 3395 3395 957 957 3396 3396 954 954 3397 3397 953 953 3398 3398 956 956 3399 3399 957 957 3400 3400 949 949 3401 3401 954 954 3402 3402 957 957 3403 3403 958 958 3404 3404 957 957 3405 3405 956 956 3406 3406 959 959 3407 3407 957 957 3408 3408 959 959 3409 3409 958 958 3410 3410 954 954 3411 3411 960 960 3412 3412 955 955 3413 3413 954 954 3414 3414 958 958 3415 3415 960 960 3416 3416 955 955 3417 3417 960 960 3418 3418 961 961 3419 3419 960 960 3420 3420 962 962 3421 3421 961 961 3422 3422 960 960 3423 3423 958 958 3424 3424 962 962 3425 3425 958 958 3426 3426 963 963 3427 3427 962 962 3428 3428 964 964 3429 3429 963 963 3430 3430 958 958 3431 3431 965 965 3432 3432 964 964 3433 3433 958 958 3434 3434 959 959 3435 3435 965 965 3436 3436 958 958 3437 3437 966 966 3438 3438 964 964 3439 3439 965 965 3440 3440 967 967 3441 3441 966 966 3442 3442 965 965 3443 3443 965 965 3444 3444 959 959 3445 3445 967 967 3446 3446 966 966 3447 3447 967 967 3448 3448 968 968 3449 3449 956 956 3450 3450 969 969 3451 3451 959 959 3452 3452 946 946 3453 3453 969 969 3454 3454 956 956 3455 3455 946 946 3456 3456 970 970 3457 3457 969 969 3458 3458 959 959 3459 3459 969 969 3460 3460 970 970 3461 3461 970 970 3462 3462 946 946 3463 3463 939 939 3464 3464 971 971 3465 3465 970 970 3466 3466 939 939 3467 3467 972 972 3468 3468 959 959 3469 3469 970 970 3470 3470 959 959 3471 3471 972 972 3472 3472 967 967 3473 3473 972 972 3474 3474 970 970 3475 3475 971 971 3476 3476 972 972 3477 3477 973 973 3478 3478 967 967 3479 3479 973 973 3480 3480 968 968 3481 3481 967 967 3482 3482 973 973 3483 3483 972 972 3484 3484 971 971 3485 3485 971 971 3486 3486 939 939 3487 3487 974 974 3488 3488 939 939 3489 3489 947 947 3490 3490 974 974 3491 3491 973 973 3492 3492 975 975 3493 3493 968 968 3494 3494 971 971 3495 3495 976 976 3496 3496 973 973 3497 3497 976 976 3498 3498 975 975 3499 3499 973 973 3500 3500 975 975 3501 3501 977 977 3502 3502 968 968 3503 3503 978 978 3504 3504 968 968 3505 3505 977 977 3506 3506 975 975 3507 3507 979 979 3508 3508 977 977 3509 3509 975 975 3510 3510 976 976 3511 3511 979 979 3512 3512 980 980 3513 3513 978 978 3514 3514 977 977 3515 3515 977 977 3516 3516 979 979 3517 3517 980 980 3518 3518 978 978 3519 3519 980 980 3520 3520 981 981 3521 3521 982 982 3522 3522 978 978 3523 3523 981 981 3524 3524 982 982 3525 3525 981 981 3526 3526 983 983 3527 3527 981 981 3528 3528 984 984 3529 3529 983 983 3530 3530 983 983 3531 3531 984 984 3532 3532 985 985 3533 3533 981 981 3534 3534 980 980 3535 3535 986 986 3536 3536 984 984 3537 3537 981 981 3538 3538 986 986 3539 3539 980 980 3540 3540 987 987 3541 3541 986 986 3542 3542 979 979 3543 3543 987 987 3544 3544 980 980 3545 3545 988 988 3546 3546 986 986 3547 3547 987 987 3548 3548 988 988 3549 3549 984 984 3550 3550 986 986 3551 3551 984 984 3552 3552 988 988 3553 3553 989 989 3554 3554 988 988 3555 3555 990 990 3556 3556 989 989 3557 3557 984 984 3558 3558 991 991 3559 3559 985 985 3560 3560 984 984 3561 3561 989 989 3562 3562 991 991 3563 3563 985 985 3564 3564 991 991 3565 3565 992 992 3566 3566 991 991 3567 3567 993 993 3568 3568 992 992 3569 3569 991 991 3570 3570 989 989 3571 3571 993 993 3572 3572 989 989 3573 3573 994 994 3574 3574 993 993 3575 3575 995 995 3576 3576 994 994 3577 3577 989 989 3578 3578 996 996 3579 3579 988 988 3580 3580 987 987 3581 3581 979 979 3582 3582 996 996 3583 3583 987 987 3584 3584 988 988 3585 3585 996 996 3586 3586 990 990 3587 3587 997 997 3588 3588 995 995 3589 3589 989 989 3590 3590 990 990 3591 3591 997 997 3592 3592 989 989 3593 3593 998 998 3594 3594 995 995 3595 3595 997 997 3596 3596 999 999 3597 3597 998 998 3598 3598 997 997 3599 3599 997 997 3600 3600 990 990 3601 3601 999 999 3602 3602 998 998 3603 3603 999 999 3604 3604 1000 1000 3605 3605 979 979 3606 3606 1001 1001 3607 3607 996 996 3608 3608 976 976 3609 3609 1001 1001 3610 3610 979 979 3611 3611 1002 1002 3612 3612 1000 1000 3613 3613 999 999 3614 3614 1000 1000 3615 3615 1002 1002 3616 3616 1003 1003 3617 3617 996 996 3618 3618 1004 1004 3619 3619 990 990 3620 3620 1001 1001 3621 3621 1004 1004 3622 3622 996 996 3623 3623 976 976 3624 3624 1005 1005 3625 3625 1001 1001 3626 3626 971 971 3627 3627 1005 1005 3628 3628 976 976 3629 3629 1001 1001 3630 3630 1006 1006 3631 3631 1004 1004 3632 3632 990 990 3633 3633 1004 1004 3634 3634 1006 1006 3635 3635 1006 1006 3636 3636 1001 1001 3637 3637 1005 1005 3638 3638 990 990 3639 3639 1007 1007 3640 3640 999 999 3641 3641 1007 1007 3642 3642 1002 1002 3643 3643 999 999 3644 3644 1007 1007 3645 3645 990 990 3646 3646 1006 1006 3647 3647 1007 1007 3648 3648 1006 1006 3649 3649 1008 1008 3650 3650 1002 1002 3651 3651 1007 1007 3652 3652 1008 1008 3653 3653 1002 1002 3654 3654 1009 1009 3655 3655 1003 1003 3656 3656 1010 1010 3657 3657 1003 1003 3658 3658 1009 1009 3659 3659 1005 1005 3660 3660 971 971 3661 3661 1011 1011 3662 3662 971 971 3663 3663 974 974 3664 3664 1011 1011 3665 3665 1012 1012 3666 3666 1006 1006 3667 3667 1005 1005 3668 3668 1006 1006 3669 3669 1012 1012 3670 3670 1008 1008 3671 3671 1013 1013 3672 3672 1002 1002 3673 3673 1008 1008 3674 3674 1002 1002 3675 3675 1013 1013 3676 3676 1009 1009 3677 3677 1005 1005 3678 3678 1011 1011 3679 3679 1014 1014 3680 3680 1012 1012 3681 3681 1005 1005 3682 3682 1014 1014 3683 3683 1015 1015 3684 3684 1013 1013 3685 3685 1008 1008 3686 3686 1012 1012 3687 3687 1015 1015 3688 3688 1008 1008 3689 3689 1016 1016 3690 3690 1010 1010 3691 3691 1009 1009 3692 3692 1009 1009 3693 3693 1013 1013 3694 3694 1017 1017 3695 3695 1009 1009 3696 3696 1017 1017 3697 3697 1016 1016 3698 3698 1010 1010 3699 3699 1016 1016 3700 3700 1018 1018 3701 3701 1019 1019 3702 3702 1010 1010 3703 3703 1018 1018 3704 3704 1019 1019 3705 3705 1018 1018 3706 3706 1020 1020 3707 3707 1018 1018 3708 3708 1016 1016 3709 3709 1021 1021 3710 3710 1016 1016 3711 3711 1017 1017 3712 3712 1021 1021 3713 3713 1018 1018 3714 3714 1022 1022 3715 3715 1020 1020 3716 3716 1022 1022 3717 3717 1018 1018 3718 3718 1021 1021 3719 3719 1020 1020 3720 3720 1022 1022 3721 3721 1023 1023 3722 3722 1024 1024 3723 3723 1021 1021 3724 3724 1017 1017 3725 3725 1024 1024 3726 3726 1022 1022 3727 3727 1021 1021 3728 3728 1022 1022 3729 3729 1024 1024 3730 3730 1025 1025 3731 3731 1024 1024 3732 3732 1026 1026 3733 3733 1025 1025 3734 3734 1022 1022 3735 3735 1027 1027 3736 3736 1023 1023 3737 3737 1022 1022 3738 3738 1025 1025 3739 3739 1027 1027 3740 3740 1023 1023 3741 3741 1027 1027 3742 3742 1028 1028 3743 3743 1027 1027 3744 3744 1029 1029 3745 3745 1028 1028 3746 3746 1027 1027 3747 3747 1025 1025 3748 3748 1029 1029 3749 3749 1025 1025 3750 3750 1030 1030 3751 3751 1029 1029 3752 3752 1031 1031 3753 3753 1030 1030 3754 3754 1025 1025 3755 3755 1032 1032 3756 3756 1024 1024 3757 3757 1017 1017 3758 3758 1024 1024 3759 3759 1032 1032 3760 3760 1026 1026 3761 3761 1013 1013 3762 3762 1032 1032 3763 3763 1017 1017 3764 3764 1033 1033 3765 3765 1031 1031 3766 3766 1025 1025 3767 3767 1026 1026 3768 3768 1033 1033 3769 3769 1025 1025 3770 3770 1034 1034 3771 3771 1031 1031 3772 3772 1033 1033 3773 3773 1035 1035 3774 3774 1032 1032 3775 3775 1013 1013 3776 3776 1032 1032 3777 3777 1035 1035 3778 3778 1026 1026 3779 3779 1035 1035 3780 3780 1013 1013 3781 3781 1015 1015 3782 3782 1036 1036 3783 3783 1034 1034 3784 3784 1033 1033 3785 3785 1033 1033 3786 3786 1026 1026 3787 3787 1036 1036 3788 3788 1034 1034 3789 3789 1036 1036 3790 3790 1037 1037 3791 3791 1038 1038 3792 3792 1035 1035 3793 3793 1015 1015 3794 3794 1026 1026 3795 3795 1035 1035 3796 3796 1038 1038 3797 3797 1026 1026 3798 3798 1039 1039 3799 3799 1036 1036 3800 3800 1039 1039 3801 3801 1026 1026 3802 3802 1038 1038 3803 3803 1040 1040 3804 3804 1037 1037 3805 3805 1036 1036 3806 3806 1039 1039 3807 3807 1040 1040 3808 3808 1036 1036 3809 3809 1041 1041 3810 3810 1038 1038 3811 3811 1015 1015 3812 3812 1038 1038 3813 3813 1041 1041 3814 3814 1042 1042 3815 3815 1012 1012 3816 3816 1041 1041 3817 3817 1015 1015 3818 3818 1043 1043 3819 3819 1039 1039 3820 3820 1038 1038 3821 3821 1040 1040 3822 3822 1039 1039 3823 3823 1043 1043 3824 3824 1043 1043 3825 3825 1038 1038 3826 3826 1042 1042 3827 3827 1040 1040 3828 3828 1044 1044 3829 3829 1037 1037 3830 3830 1044 1044 3831 3831 1045 1045 3832 3832 1037 1037 3833 3833 1046 1046 3834 3834 1045 1045 3835 3835 1044 1044 3836 3836 1041 1041 3837 3837 1012 1012 3838 3838 1047 1047 3839 3839 1012 1012 3840 3840 1014 1014 3841 3841 1047 1047 3842 3842 1048 1048 3843 3843 1040 1040 3844 3844 1043 1043 3845 3845 1040 1040 3846 3846 1048 1048 3847 3847 1044 1044 3848 3848 1042 1042 3849 3849 1049 1049 3850 3850 1043 1043 3851 3851 1049 1049 3852 3852 1048 1048 3853 3853 1043 1043 3854 3854 1041 1041 3855 3855 1047 1047 3856 3856 1050 1050 3857 3857 1042 1042 3858 3858 1041 1041 3859 3859 1050 1050 3860 3860 1051 1051 3861 3861 1046 1046 3862 3862 1044 1044 3863 3863 1044 1044 3864 3864 1048 1048 3865 3865 1052 1052 3866 3866 1044 1044 3867 3867 1052 1052 3868 3868 1051 1051 3869 3869 1046 1046 3870 3870 1051 1051 3871 3871 1053 1053 3872 3872 1054 1054 3873 3873 1046 1046 3874 3874 1053 1053 3875 3875 1054 1054 3876 3876 1053 1053 3877 3877 1055 1055 3878 3878 1053 1053 3879 3879 1051 1051 3880 3880 1056 1056 3881 3881 1051 1051 3882 3882 1052 1052 3883 3883 1056 1056 3884 3884 1053 1053 3885 3885 1057 1057 3886 3886 1055 1055 3887 3887 1057 1057 3888 3888 1053 1053 3889 3889 1056 1056 3890 3890 1055 1055 3891 3891 1057 1057 3892 3892 1058 1058 3893 3893 1048 1048 3894 3894 1059 1059 3895 3895 1052 1052 3896 3896 1048 1048 3897 3897 1049 1049 3898 3898 1059 1059 3899 3899 1060 1060 3900 3900 1056 1056 3901 3901 1052 1052 3902 3902 1060 1060 3903 3903 1057 1057 3904 3904 1056 1056 3905 3905 1059 1059 3906 3906 1060 1060 3907 3907 1052 1052 3908 3908 1057 1057 3909 3909 1060 1060 3910 3910 1061 1061 3911 3911 1060 1060 3912 3912 1059 1059 3913 3913 1062 1062 3914 3914 1060 1060 3915 3915 1062 1062 3916 3916 1061 1061 3917 3917 1057 1057 3918 3918 1063 1063 3919 3919 1058 1058 3920 3920 1057 1057 3921 3921 1061 1061 3922 3922 1063 1063 3923 3923 1058 1058 3924 3924 1063 1063 3925 3925 1064 1064 3926 3926 1063 1063 3927 3927 1065 1065 3928 3928 1064 1064 3929 3929 1063 1063 3930 3930 1061 1061 3931 3931 1065 1065 3932 3932 1061 1061 3933 3933 1066 1066 3934 3934 1065 1065 3935 3935 1067 1067 3936 3936 1066 1066 3937 3937 1061 1061 3938 3938 1068 1068 3939 3939 1067 1067 3940 3940 1061 1061 3941 3941 1062 1062 3942 3942 1068 1068 3943 3943 1061 1061 3944 3944 1069 1069 3945 3945 1067 1067 3946 3946 1068 1068 3947 3947 1070 1070 3948 3948 1069 1069 3949 3949 1068 1068 3950 3950 1068 1068 3951 3951 1062 1062 3952 3952 1070 1070 3953 3953 1069 1069 3954 3954 1070 1070 3955 3955 1071 1071 3956 3956 1059 1059 3957 3957 1072 1072 3958 3958 1062 1062 3959 3959 1049 1049 3960 3960 1072 1072 3961 3961 1059 1059 3962 3962 1049 1049 3963 3963 1073 1073 3964 3964 1072 1072 3965 3965 1062 1062 3966 3966 1072 1072 3967 3967 1073 1073 3968 3968 1073 1073 3969 3969 1049 1049 3970 3970 1042 1042 3971 3971 1074 1074 3972 3972 1073 1073 3973 3973 1042 1042 3974 3974 1075 1075 3975 3975 1062 1062 3976 3976 1073 1073 3977 3977 1062 1062 3978 3978 1075 1075 3979 3979 1070 1070 3980 3980 1075 1075 3981 3981 1073 1073 3982 3982 1074 1074 3983 3983 1075 1075 3984 3984 1076 1076 3985 3985 1070 1070 3986 3986 1076 1076 3987 3987 1071 1071 3988 3988 1070 1070 3989 3989 1076 1076 3990 3990 1075 1075 3991 3991 1074 1074 3992 3992 1074 1074 3993 3993 1042 1042 3994 3994 1077 1077 3995 3995 1042 1042 3996 3996 1050 1050 3997 3997 1077 1077 3998 3998 1076 1076 3999 3999 1078 1078 4000 4000 1071 1071 4001 4001 1076 1076 4002 4002 1074 1074 4003 4003 1079 1079 4004 4004 1078 1078 4005 4005 1076 1076 4006 4006 1079 1079 4007 4007 1078 1078 4008 4008 1080 1080 4009 4009 1071 1071 4010 4010 1081 1081 4011 4011 1071 1071 4012 4012 1080 1080 4013 4013 1078 1078 4014 4014 1082 1082 4015 4015 1080 1080 4016 4016 1078 1078 4017 4017 1079 1079 4018 4018 1082 1082 4019 4019 1083 1083 4020 4020 1081 1081 4021 4021 1080 1080 4022 4022 1080 1080 4023 4023 1082 1082 4024 4024 1083 1083 4025 4025 1081 1081 4026 4026 1083 1083 4027 4027 1084 1084 4028 4028 1085 1085 4029 4029 1081 1081 4030 4030 1084 1084 4031 4031 1085 1085 4032 4032 1084 1084 4033 4033 1086 1086 4034 4034 1084 1084 4035 4035 1087 1087 4036 4036 1086 1086 4037 4037 1086 1086 4038 4038 1087 1087 4039 4039 1088 1088 4040 4040 1084 1084 4041 4041 1083 1083 4042 4042 1089 1089 4043 4043 1087 1087 4044 4044 1084 1084 4045 4045 1089 1089 4046 4046 1083 1083 4047 4047 1090 1090 4048 4048 1089 1089 4049 4049 1082 1082 4050 4050 1090 1090 4051 4051 1083 1083 4052 4052 1091 1091 4053 4053 1089 1089 4054 4054 1090 1090 4055 4055 1091 1091 4056 4056 1087 1087 4057 4057 1089 1089 4058 4058 1087 1087 4059 4059 1091 1091 4060 4060 1092 1092 4061 4061 1091 1091 4062 4062 1093 1093 4063 4063 1092 1092 4064 4064 1087 1087 4065 4065 1094 1094 4066 4066 1088 1088 4067 4067 1087 1087 4068 4068 1092 1092 4069 4069 1094 1094 4070 4070 1088 1088 4071 4071 1094 1094 4072 4072 1095 1095 4073 4073 1094 1094 4074 4074 1096 1096 4075 4075 1095 1095 4076 4076 1094 1094 4077 4077 1092 1092 4078 4078 1096 1096 4079 4079 1092 1092 4080 4080 1097 1097 4081 4081 1096 1096 4082 4082 1098 1098 4083 4083 1097 1097 4084 4084 1092 1092 4085 4085 1099 1099 4086 4086 1091 1091 4087 4087 1090 1090 4088 4088 1082 1082 4089 4089 1099 1099 4090 4090 1090 1090 4091 4091 1091 1091 4092 4092 1099 1099 4093 4093 1093 1093 4094 4094 1100 1100 4095 4095 1098 1098 4096 4096 1092 1092 4097 4097 1093 1093 4098 4098 1100 1100 4099 4099 1092 1092 4100 4100 1101 1101 4101 4101 1098 1098 4102 4102 1100 1100 4103 4103 1102 1102 4104 4104 1101 1101 4105 4105 1100 1100 4106 4106 1100 1100 4107 4107 1093 1093 4108 4108 1102 1102 4109 4109 1101 1101 4110 4110 1102 1102 4111 4111 1103 1103 4112 4112 1082 1082 4113 4113 1104 1104 4114 4114 1099 1099 4115 4115 1079 1079 4116 4116 1104 1104 4117 4117 1082 1082 4118 4118 1105 1105 4119 4119 1103 1103 4120 4120 1102 1102 4121 4121 1103 1103 4122 4122 1105 1105 4123 4123 1106 1106 4124 4124 1099 1099 4125 4125 1107 1107 4126 4126 1093 1093 4127 4127 1104 1104 4128 4128 1107 1107 4129 4129 1099 1099 4130 4130 1079 1079 4131 4131 1108 1108 4132 4132 1104 1104 4133 4133 1108 1108 4134 4134 1079 1079 4135 4135 1074 1074 4136 4136 1104 1104 4137 4137 1109 1109 4138 4138 1107 1107 4139 4139 1093 1093 4140 4140 1107 1107 4141 4141 1109 1109 4142 4142 1109 1109 4143 4143 1104 1104 4144 4144 1108 1108 4145 4145 1093 1093 4146 4146 1110 1110 4147 4147 1102 1102 4148 4148 1110 1110 4149 4149 1105 1105 4150 4150 1102 1102 4151 4151 1110 1110 4152 4152 1093 1093 4153 4153 1109 1109 4154 4154 1110 1110 4155 4155 1109 1109 4156 4156 1111 1111 4157 4157 1105 1105 4158 4158 1110 1110 4159 4159 1111 1111 4160 4160 1105 1105 4161 4161 1112 1112 4162 4162 1106 1106 4163 4163 1113 1113 4164 4164 1106 1106 4165 4165 1112 1112 4166 4166 1108 1108 4167 4167 1074 1074 4168 4168 1114 1114 4169 4169 1074 1074 4170 4170 1077 1077 4171 4171 1114 1114 4172 4172 1115 1115 4173 4173 1109 1109 4174 4174 1108 1108 4175 4175 1109 1109 4176 4176 1115 1115 4177 4177 1111 1111 4178 4178 1116 1116 4179 4179 1105 1105 4180 4180 1111 1111 4181 4181 1105 1105 4182 4182 1116 1116 4183 4183 1112 1112 4184 4184 1108 1108 4185 4185 1114 1114 4186 4186 1117 1117 4187 4187 1115 1115 4188 4188 1108 1108 4189 4189 1117 1117 4190 4190 1118 1118 4191 4191 1116 1116 4192 4192 1111 1111 4193 4193 1115 1115 4194 4194 1118 1118 4195 4195 1111 1111 4196 4196 1119 1119 4197 4197 1113 1113 4198 4198 1112 1112 4199 4199 1112 1112 4200 4200 1116 1116 4201 4201 1120 1120 4202 4202 1112 1112 4203 4203 1120 1120 4204 4204 1119 1119 4205 4205 1113 1113 4206 4206 1119 1119 4207 4207 1121 1121 4208 4208 1122 1122 4209 4209 1113 1113 4210 4210 1121 1121 4211 4211 1122 1122 4212 4212 1121 1121 4213 4213 1123 1123 4214 4214 1121 1121 4215 4215 1119 1119 4216 4216 1124 1124 4217 4217 1119 1119 4218 4218 1120 1120 4219 4219 1124 1124 4220 4220 1121 1121 4221 4221 1125 1125 4222 4222 1123 1123 4223 4223 1125 1125 4224 4224 1121 1121 4225 4225 1124 1124 4226 4226 1123 1123 4227 4227 1125 1125 4228 4228 1126 1126 4229 4229 1127 1127 4230 4230 1124 1124 4231 4231 1120 1120 4232 4232 1127 1127 4233 4233 1125 1125 4234 4234 1124 1124 4235 4235 1125 1125 4236 4236 1127 1127 4237 4237 1128 1128 4238 4238 1127 1127 4239 4239 1129 1129 4240 4240 1128 1128 4241 4241 1125 1125 4242 4242 1130 1130 4243 4243 1126 1126 4244 4244 1125 1125 4245 4245 1128 1128 4246 4246 1130 1130 4247 4247 1126 1126 4248 4248 1130 1130 4249 4249 1131 1131 4250 4250 1130 1130 4251 4251 1132 1132 4252 4252 1131 1131 4253 4253 1130 1130 4254 4254 1128 1128 4255 4255 1132 1132 4256 4256 1128 1128 4257 4257 1133 1133 4258 4258 1132 1132 4259 4259 1134 1134 4260 4260 1133 1133 4261 4261 1128 1128 4262 4262 1135 1135 4263 4263 1127 1127 4264 4264 1120 1120 4265 4265 1127 1127 4266 4266 1135 1135 4267 4267 1129 1129 4268 4268 1116 1116 4269 4269 1135 1135 4270 4270 1120 1120 4271 4271 1136 1136 4272 4272 1134 1134 4273 4273 1128 1128 4274 4274 1129 1129 4275 4275 1136 1136 4276 4276 1128 1128 4277 4277 1137 1137 4278 4278 1134 1134 4279 4279 1136 1136 4280 4280 1138 1138 4281 4281 1135 1135 4282 4282 1116 1116 4283 4283 1135 1135 4284 4284 1138 1138 4285 4285 1129 1129 4286 4286 1129 1129 4287 4287 1138 1138 4288 4288 1139 1139 4289 4289 1138 1138 4290 4290 1116 1116 4291 4291 1118 1118 4292 4292 1139 1139 4293 4293 1138 1138 4294 4294 1118 1118 4295 4295 1140 1140 4296 4296 1137 1137 4297 4297 1136 1136 4298 4298 1136 1136 4299 4299 1129 1129 4300 4300 1140 1140 4301 4301 1137 1137 4302 4302 1140 1140 4303 4303 1141 1141 4304 4304 1129 1129 4305 4305 1142 1142 4306 4306 1140 1140 4307 4307 1142 1142 4308 4308 1129 1129 4309 4309 1139 1139 4310 4310 1143 1143 4311 4311 1141 1141 4312 4312 1140 1140 4313 4313 1142 1142 4314 4314 1143 1143 4315 4315 1140 1140 4316 4316 1139 1139 4317 4317 1118 1118 4318 4318 1144 1144 4319 4319 1115 1115 4320 4320 1144 1144 4321 4321 1118 1118 4322 4322 1143 1143 4323 4323 1145 1145 4324 4324 1141 1141 4325 4325 1145 1145 4326 4326 1146 1146 4327 4327 1141 1141 4328 4328 1147 1147 4329 4329 1146 1146 4330 4330 1145 1145 4331 4331 1143 1143 4332 4332 1142 1142 4333 4333 1148 1148 4334 4334 1148 1148 4335 4335 1142 1142 4336 4336 1139 1139 4337 4337 1148 1148 4338 4338 1139 1139 4339 4339 1149 1149 4340 4340 1150 1150 4341 4341 1143 1143 4342 4342 1148 1148 4343 4343 1143 1143 4344 4344 1150 1150 4345 4345 1145 1145 4346 4346 1151 1151 4347 4347 1139 1139 4348 4348 1144 1144 4349 4349 1139 1139 4350 4350 1151 1151 4351 4351 1149 1149 4352 4352 1144 1144 4353 4353 1115 1115 4354 4354 1152 1152 4355 4355 1115 1115 4356 4356 1117 1117 4357 4357 1152 1152 4358 4358 1151 1151 4359 4359 1144 1144 4360 4360 1153 1153 4361 4361 1144 1144 4362 4362 1152 1152 4363 4363 1153 1153 4364 4364 1154 1154 4365 4365 1150 1150 4366 4366 1148 1148 4367 4367 1149 1149 4368 4368 1154 1154 4369 4369 1148 1148 4370 4370 1151 1151 4371 4371 1153 1153 4372 4372 1155 1155 4373 4373 1149 1149 4374 4374 1151 1151 4375 4375 1155 1155 4376 4376 1156 1156 4377 4377 1147 1147 4378 4378 1145 1145 4379 4379 1145 1145 4380 4380 1150 1150 4381 4381 1157 1157 4382 4382 1145 1145 4383 4383 1157 1157 4384 4384 1156 1156 4385 4385 1147 1147 4386 4386 1156 1156 4387 4387 1158 1158 4388 4388 1159 1159 4389 4389 1147 1147 4390 4390 1158 1158 4391 4391 1159 1159 4392 4392 1158 1158 4393 4393 1160 1160 4394 4394 1158 1158 4395 4395 1156 1156 4396 4396 1161 1161 4397 4397 1156 1156 4398 4398 1157 1157 4399 4399 1161 1161 4400 4400 1158 1158 4401 4401 1162 1162 4402 4402 1160 1160 4403 4403 1162 1162 4404 4404 1158 1158 4405 4405 1161 1161 4406 4406 1160 1160 4407 4407 1162 1162 4408 4408 1163 1163 4409 4409 1150 1150 4410 4410 1164 1164 4411 4411 1157 1157 4412 4412 1150 1150 4413 4413 1154 1154 4414 4414 1164 1164 4415 4415 1165 1165 4416 4416 1161 1161 4417 4417 1157 1157 4418 4418 1165 1165 4419 4419 1162 1162 4420 4420 1161 1161 4421 4421 1164 1164 4422 4422 1165 1165 4423 4423 1157 1157 4424 4424 1162 1162 4425 4425 1165 1165 4426 4426 1166 1166 4427 4427 1165 1165 4428 4428 1164 1164 4429 4429 1167 1167 4430 4430 1165 1165 4431 4431 1167 1167 4432 4432 1166 1166 4433 4433 1162 1162 4434 4434 1168 1168 4435 4435 1163 1163 4436 4436 1162 1162 4437 4437 1166 1166 4438 4438 1168 1168 4439 4439 1163 1163 4440 4440 1168 1168 4441 4441 1169 1169 4442 4442 1168 1168 4443 4443 1170 1170 4444 4444 1169 1169 4445 4445 1168 1168 4446 4446 1166 1166 4447 4447 1170 1170 4448 4448 1166 1166 4449 4449 1171 1171 4450 4450 1170 1170 4451 4451 1172 1172 4452 4452 1171 1171 4453 4453 1166 1166 4454 4454 1173 1173 4455 4455 1172 1172 4456 4456 1166 1166 4457 4457 1167 1167 4458 4458 1173 1173 4459 4459 1166 1166 4460 4460 1174 1174 4461 4461 1172 1172 4462 4462 1173 1173 4463 4463 1175 1175 4464 4464 1174 1174 4465 4465 1173 1173 4466 4466 1173 1173 4467 4467 1167 1167 4468 4468 1175 1175 4469 4469 1174 1174 4470 4470 1175 1175 4471 4471 1176 1176 4472 4472 1164 1164 4473 4473 1177 1177 4474 4474 1167 1167 4475 4475 1154 1154 4476 4476 1177 1177 4477 4477 1164 1164 4478 4478 1154 1154 4479 4479 1178 1178 4480 4480 1177 1177 4481 4481 1167 1167 4482 4482 1177 1177 4483 4483 1178 1178 4484 4484 1178 1178 4485 4485 1154 1154 4486 4486 1149 1149 4487 4487 1179 1179 4488 4488 1178 1178 4489 4489 1149 1149 4490 4490 1180 1180 4491 4491 1167 1167 4492 4492 1178 1178 4493 4493 1167 1167 4494 4494 1180 1180 4495 4495 1175 1175 4496 4496 1180 1180 4497 4497 1178 1178 4498 4498 1179 1179 4499 4499 1180 1180 4500 4500 1181 1181 4501 4501 1175 1175 4502 4502 1181 1181 4503 4503 1176 1176 4504 4504 1175 1175 4505 4505 1181 1181 4506 4506 1180 1180 4507 4507 1179 1179 4508 4508 1179 1179 4509 4509 1149 1149 4510 4510 1182 1182 4511 4511 1149 1149 4512 4512 1155 1155 4513 4513 1182 1182 4514 4514 1181 1181 4515 4515 1183 1183 4516 4516 1176 1176 4517 4517 1179 1179 4518 4518 1184 1184 4519 4519 1181 1181 4520 4520 1184 1184 4521 4521 1183 1183 4522 4522 1181 1181 4523 4523 1183 1183 4524 4524 1185 1185 4525 4525 1176 1176 4526 4526 1186 1186 4527 4527 1176 1176 4528 4528 1185 1185 4529 4529 1183 1183 4530 4530 1187 1187 4531 4531 1185 1185 4532 4532 1183 1183 4533 4533 1184 1184 4534 4534 1187 1187 4535 4535 1188 1188 4536 4536 1186 1186 4537 4537 1185 1185 4538 4538 1185 1185 4539 4539 1187 1187 4540 4540 1188 1188 4541 4541 1186 1186 4542 4542 1188 1188 4543 4543 1189 1189 4544 4544 1190 1190 4545 4545 1186 1186 4546 4546 1189 1189 4547 4547 1190 1190 4548 4548 1189 1189 4549 4549 1191 1191 4550 4550 1189 1189 4551 4551 1192 1192 4552 4552 1191 1191 4553 4553 1191 1191 4554 4554 1192 1192 4555 4555 1193 1193 4556 4556 1189 1189 4557 4557 1188 1188 4558 4558 1194 1194 4559 4559 1192 1192 4560 4560 1189 1189 4561 4561 1194 1194 4562 4562 1188 1188 4563 4563 1195 1195 4564 4564 1194 1194 4565 4565 1187 1187 4566 4566 1195 1195 4567 4567 1188 1188 4568 4568 1196 1196 4569 4569 1194 1194 4570 4570 1195 1195 4571 4571 1196 1196 4572 4572 1192 1192 4573 4573 1194 1194 4574 4574 1192 1192 4575 4575 1196 1196 4576 4576 1197 1197 4577 4577 1196 1196 4578 4578 1198 1198 4579 4579 1197 1197 4580 4580 1192 1192 4581 4581 1199 1199 4582 4582 1193 1193 4583 4583 1192 1192 4584 4584 1197 1197 4585 4585 1199 1199 4586 4586 1193 1193 4587 4587 1199 1199 4588 4588 1200 1200 4589 4589 1199 1199 4590 4590 1201 1201 4591 4591 1200 1200 4592 4592 1199 1199 4593 4593 1197 1197 4594 4594 1201 1201 4595 4595 1197 1197 4596 4596 1202 1202 4597 4597 1201 1201 4598 4598 1203 1203 4599 4599 1202 1202 4600 4600 1197 1197 4601 4601 1204 1204 4602 4602 1196 1196 4603 4603 1195 1195 4604 4604 1187 1187 4605 4605 1204 1204 4606 4606 1195 1195 4607 4607 1196 1196 4608 4608 1204 1204 4609 4609 1198 1198 4610 4610 1205 1205 4611 4611 1203 1203 4612 4612 1197 1197 4613 4613 1198 1198 4614 4614 1205 1205 4615 4615 1197 1197 4616 4616 1206 1206 4617 4617 1203 1203 4618 4618 1205 1205 4619 4619 1207 1207 4620 4620 1206 1206 4621 4621 1205 1205 4622 4622 1205 1205 4623 4623 1198 1198 4624 4624 1207 1207 4625 4625 1206 1206 4626 4626 1207 1207 4627 4627 1208 1208 4628 4628 1187 1187 4629 4629 1209 1209 4630 4630 1204 1204 4631 4631 1184 1184 4632 4632 1209 1209 4633 4633 1187 1187 4634 4634 1210 1210 4635 4635 1208 1208 4636 4636 1207 1207 4637 4637 1208 1208 4638 4638 1210 1210 4639 4639 1211 1211 4640 4640 1204 1204 4641 4641 1212 1212 4642 4642 1198 1198 4643 4643 1209 1209 4644 4644 1212 1212 4645 4645 1204 1204 4646 4646 1184 1184 4647 4647 1213 1213 4648 4648 1209 1209 4649 4649 1179 1179 4650 4650 1213 1213 4651 4651 1184 1184 4652 4652 1209 1209 4653 4653 1214 1214 4654 4654 1212 1212 4655 4655 1198 1198 4656 4656 1212 1212 4657 4657 1214 1214 4658 4658 1214 1214 4659 4659 1209 1209 4660 4660 1213 1213 4661 4661 1198 1198 4662 4662 1215 1215 4663 4663 1207 1207 4664 4664 1215 1215 4665 4665 1210 1210 4666 4666 1207 1207 4667 4667 1215 1215 4668 4668 1198 1198 4669 4669 1214 1214 4670 4670 1215 1215 4671 4671 1214 1214 4672 4672 1216 1216 4673 4673 1210 1210 4674 4674 1215 1215 4675 4675 1216 1216 4676 4676 1210 1210 4677 4677 1217 1217 4678 4678 1211 1211 4679 4679 1218 1218 4680 4680 1211 1211 4681 4681 1217 1217 4682 4682 1213 1213 4683 4683 1179 1179 4684 4684 1219 1219 4685 4685 1179 1179 4686 4686 1182 1182 4687 4687 1219 1219 4688 4688 1220 1220 4689 4689 1214 1214 4690 4690 1213 1213 4691 4691 1214 1214 4692 4692 1220 1220 4693 4693 1216 1216 4694 4694 1221 1221 4695 4695 1210 1210 4696 4696 1216 1216 4697 4697 1210 1210 4698 4698 1221 1221 4699 4699 1217 1217 4700 4700 1213 1213 4701 4701 1219 1219 4702 4702 1222 1222 4703 4703 1220 1220 4704 4704 1213 1213 4705 4705 1222 1222 4706 4706 1223 1223 4707 4707 1221 1221 4708 4708 1216 1216 4709 4709 1220 1220 4710 4710 1223 1223 4711 4711 1216 1216 4712 4712 1224 1224 4713 4713 1218 1218 4714 4714 1217 1217 4715 4715 1217 1217 4716 4716 1221 1221 4717 4717 1225 1225 4718 4718 1217 1217 4719 4719 1225 1225 4720 4720 1224 1224 4721 4721 1218 1218 4722 4722 1224 1224 4723 4723 1226 1226 4724 4724 1227 1227 4725 4725 1218 1218 4726 4726 1226 1226 4727 4727 1227 1227 4728 4728 1226 1226 4729 4729 1228 1228 4730 4730 1226 1226 4731 4731 1224 1224 4732 4732 1229 1229 4733 4733 1224 1224 4734 4734 1225 1225 4735 4735 1229 1229 4736 4736 1226 1226 4737 4737 1230 1230 4738 4738 1228 1228 4739 4739 1230 1230 4740 4740 1226 1226 4741 4741 1229 1229 4742 4742 1228 1228 4743 4743 1230 1230 4744 4744 1231 1231 4745 4745 1232 1232 4746 4746 1229 1229 4747 4747 1225 1225 4748 4748 1232 1232 4749 4749 1230 1230 4750 4750 1229 1229 4751 4751 1221 1221 4752 4752 1233 1233 4753 4753 1225 1225 4754 4754 1233 1233 4755 4755 1232 1232 4756 4756 1225 1225 4757 4757 1230 1230 4758 4758 1234 1234 4759 4759 1231 1231 4760 4760 1231 1231 4761 4761 1234 1234 4762 4762 1235 1235 4763 4763 1234 1234 4764 4764 860 860 4765 4765 1235 1235 4766 4766 1234 1234 4767 4767 857 857 4768 4768 860 860 4769 4769 1230 1230 4770 4770 857 857 4771 4771 1234 1234 4772 4772 1230 1230 4773 4773 1232 1232 4774 4774 857 857 4775 4775 1232 1232 4776 4776 856 856 4777 4777 857 857 4778 4778 1232 1232 4779 4779 1233 1233 4780 4780 856 856 4781 4781 1236 1236 4782 4782 1233 1233 4783 4783 1221 1221 4784 4784 1233 1233 4785 4785 1236 1236 4786 4786 856 856 4787 4787 1236 1236 4788 4788 1221 1221 4789 4789 1223 1223 4790 4790 856 856 4791 4791 1236 1236 4792 4792 865 865 4793 4793 865 865 4794 4794 1236 1236 4795 4795 1223 1223 4796 4796 865 865 4797 4797 1223 1223 4798 4798 1237 1237 4799 4799 864 864 4800 4800 865 865 4801 4801 1237 1237 4802 4802 1220 1220 4803 4803 1237 1237 4804 4804 1223 1223 4805 4805 864 864 4806 4806 1237 1237 4807 4807 1238 1238 4808 4808 864 864 4809 4809 1238 1238 4810 4810 912 912 4811 4811 1237 1237 4812 4812 1220 1220 4813 4813 1239 1239 4814 4814 1237 1237 4815 4815 1239 1239 4816 4816 1238 1238 4817 4817 1220 1220 4818 4818 1222 1222 4819 4819 1239 1239 4820 4820 912 912 4821 4821 1238 1238 4822 4822 1240 1240 4823 4823 1238 1238 4824 4824 1239 1239 4825 4825 1241 1241 4826 4826 1238 1238 4827 4827 1241 1241 4828 4828 1240 1240 4829 4829 1239 1239 4830 4830 1222 1222 4831 4831 1242 1242 4832 4832 1239 1239 4833 4833 1242 1242 4834 4834 1241 1241 4835 4835 912 912 4836 4836 1240 1240 4837 4837 1243 1243 4838 4838 910 910 4839 4839 912 912 4840 4840 1243 1243 4841 4841 1222 1222 4842 4842 1244 1244 4843 4843 1242 1242 4844 4844 1222 1222 4845 4845 1219 1219 4846 4846 1244 1244 4847 4847 1219 1219 4848 4848 1245 1245 4849 4849 1244 1244 4850 4850 1219 1219 4851 4851 1182 1182 4852 4852 1245 1245 4853 4853 1244 1244 4854 4854 1245 1245 4855 4855 1246 1246 4856 4856 1182 1182 4857 4857 1246 1246 4858 4858 1245 1245 4859 4859 1242 1242 4860 4860 1244 1244 4861 4861 1246 1246 4862 4862 1182 1182 4863 4863 1155 1155 4864 4864 1246 1246 4865 4865 1242 1242 4866 4866 1246 1246 4867 4867 1247 1247 4868 4868 1155 1155 4869 4869 1247 1247 4870 4870 1246 1246 4871 4871 1241 1241 4872 4872 1242 1242 4873 4873 1247 1247 4874 4874 1155 1155 4875 4875 1153 1153 4876 4876 1247 1247 4877 4877 1153 1153 4878 4878 1248 1248 4879 4879 1247 1247 4880 4880 1241 1241 4881 4881 1247 1247 4882 4882 1248 1248 4883 4883 1153 1153 4884 4884 1152 1152 4885 4885 1248 1248 4886 4886 1241 1241 4887 4887 1248 1248 4888 4888 1249 1249 4889 4889 1152 1152 4890 4890 1249 1249 4891 4891 1248 1248 4892 4892 1240 1240 4893 4893 1241 1241 4894 4894 1249 1249 4895 4895 1152 1152 4896 4896 1117 1117 4897 4897 1249 1249 4898 4898 1240 1240 4899 4899 1249 1249 4900 4900 1250 1250 4901 4901 1117 1117 4902 4902 1250 1250 4903 4903 1249 1249 4904 4904 1117 1117 4905 4905 1114 1114 4906 4906 1250 1250 4907 4907 1243 1243 4908 4908 1240 1240 4909 4909 1250 1250 4910 4910 1114 1114 4911 4911 1251 1251 4912 4912 1250 1250 4913 4913 1243 1243 4914 4914 1250 1250 4915 4915 1251 1251 4916 4916 1114 1114 4917 4917 1077 1077 4918 4918 1251 1251 4919 4919 1252 1252 4920 4920 1243 1243 4921 4921 1251 1251 4922 4922 910 910 4923 4923 1243 1243 4924 4924 1252 1252 4925 4925 911 911 4926 4926 910 910 4927 4927 1252 1252 4928 4928 1077 1077 4929 4929 1253 1253 4930 4930 1251 1251 4931 4931 1252 1252 4932 4932 1251 1251 4933 4933 1253 1253 4934 4934 1077 1077 4935 4935 1050 1050 4936 4936 1253 1253 4937 4937 911 911 4938 4938 1252 1252 4939 4939 1254 1254 4940 4940 1254 1254 4941 4941 1252 1252 4942 4942 1253 1253 4943 4943 944 944 4944 4944 911 911 4945 4945 1254 1254 4946 4946 1050 1050 4947 4947 1255 1255 4948 4948 1253 1253 4949 4949 1254 1254 4950 4950 1253 1253 4951 4951 1255 1255 4952 4952 1050 1050 4953 4953 1047 1047 4954 4954 1255 1255 4955 4955 944 944 4956 4956 1254 1254 4957 4957 1256 1256 4958 4958 1256 1256 4959 4959 1254 1254 4960 4960 1255 1255 4961 4961 947 947 4962 4962 944 944 4963 4963 1256 1256 4964 4964 1047 1047 4965 4965 1257 1257 4966 4966 1255 1255 4967 4967 1256 1256 4968 4968 1255 1255 4969 4969 1257 1257 4970 4970 1047 1047 4971 4971 1014 1014 4972 4972 1257 1257 4973 4973 947 947 4974 4974 1256 1256 4975 4975 1258 1258 4976 4976 1258 1258 4977 4977 1256 1256 4978 4978 1257 1257 4979 4979 974 974 4980 4980 947 947 4981 4981 1258 1258 4982 4982 1014 1014 4983 4983 1259 1259 4984 4984 1257 1257 4985 4985 1258 1258 4986 4986 1257 1257 4987 4987 1259 1259 4988 4988 1014 1014 4989 4989 1011 1011 4990 4990 1259 1259 4991 4991 974 974 4992 4992 1258 1258 4993 4993 1260 1260 4994 4994 1259 1259 4995 4995 1260 1260 4996 4996 1258 1258 4997 4997 1011 1011 4998 4998 974 974 4999 4999 1260 1260 5000 5000 1011 1011 5001 5001 1260 1260 5002 5002 1259 1259 5003 5003 1263 1261 5004 5004 1262 1262 5005 5005 1261 1263 5006 5006 1264 1264 5007 5007 1263 1261 5008 5008 1261 1263 5009 5009 1267 1265 5010 5010 1266 1266 5011 5011 1265 1267 5012 5012 1266 1266 5013 5013 1268 1268 5014 5014 1265 1267 5015 5015 1266 1266 5016 5016 1269 1269 5017 5017 1268 1268 5018 5018 1269 1269 5019 5019 1270 1270 5020 5020 1268 1268 5021 5021 1269 1269 5022 5022 1271 1271 5023 5023 1270 1270 5024 5024 1271 1271 5025 5025 1272 1272 5026 5026 1270 1270 5027 5027 1271 1271 5028 5028 1273 1273 5029 5029 1272 1272 5030 5030 1273 1273 5031 5031 1274 1274 5032 5032 1272 1272 5033 5033 1273 1273 5034 5034 1275 1275 5035 5035 1274 1274 5036 5036 1275 1275 5037 5037 1276 1276 5038 5038 1274 1274 5039 5039 1275 1275 5040 5040 1277 1277 5041 5041 1276 1276 5042 5042 1277 1277 5043 5043 1278 1278 5044 5044 1276 1276 5045 5045 1277 1277 5046 5046 1279 1279 5047 5047 1278 1278 5048 5048 1279 1279 5049 5049 1280 1280 5050 5050 1278 1278 5051 5051 1279 1279 5052 5052 1281 1281 5053 5053 1280 1280 5054 5054 1281 1281 5055 5055 1282 1282 5056 5056 1280 1280 5057 5057 1281 1281 5058 5058 1283 1283 5059 5059 1282 1282 5060 5060 1283 1283 5061 5061 1284 1284 5062 5062 1282 1282 5063 5063 1283 1283 5064 5064 1285 1285 5065 5065 1284 1284 5066 5066 1285 1285 5067 5067 1286 1286 5068 5068 1284 1284 5069 5069 1285 1285 5070 5070 1287 1287 5071 5071 1286 1286 5072 5072 1287 1287 5073 5073 1288 1288 5074 5074 1286 1286 5075 5075 1287 1287 5076 5076 1289 1289 5077 5077 1288 1288 5078 5078 1289 1289 5079 5079 1290 1290 5080 5080 1288 1288 5081 5081 1289 1289 5082 5082 1291 1291 5083 5083 1290 1290 5084 5084 1291 1291 5085 5085 1292 1292 5086 5086 1290 1290 5087 5087 1291 1291 5088 5088 1293 1293 5089 5089 1292 1292 5090 5090 1293 1293 5091 5091 1294 1294 5092 5092 1292 1292 5093 5093 1293 1293 5094 5094 1295 1295 5095 5095 1294 1294 5096 5096 1295 1295 5097 5097 1296 1296 5098 5098 1294 1294 5099 5099 1295 1295 5100 5100 1297 1297 5101 5101 1296 1296 5102 5102 1297 1297 5103 5103 1298 1298 5104 5104 1296 1296 5105 5105 1297 1297 5106 5106 1299 1299 5107 5107 1298 1298 5108 5108 1299 1299 5109 5109 1300 1300 5110 5110 1298 1298 5111 5111 1299 1299 5112 5112 1301 1301 5113 5113 1300 1300 5114 5114 1301 1301 5115 5115 1302 1302 5116 5116 1300 1300 5117 5117 1301 1301 5118 5118 1303 1303 5119 5119 1302 1302 5120 5120 1303 1303 5121 5121 1304 1304 5122 5122 1302 1302 5123 5123 1303 1303 5124 5124 1305 1305 5125 5125 1304 1304 5126 5126 1305 1305 5127 5127 1306 1306 5128 5128 1304 1304 5129 5129 1305 1305 5130 5130 1307 1307 5131 5131 1306 1306 5132 5132 1307 1307 5133 5133 1308 1308 5134 5134 1306 1306 5135 5135 1307 1307 5136 5136 1309 1309 5137 5137 1308 1308 5138 5138 1309 1309 5139 5139 1310 1310 5140 5140 1308 1308 5141 5141 1309 1309 5142 5142 1311 1311 5143 5143 1310 1310 5144 5144 1311 1311 5145 5145 1312 1312 5146 5146 1310 1310 5147 5147 1311 1311 5148 5148 1313 1313 5149 5149 1312 1312 5150 5150 1313 1313 5151 5151 1314 1314 5152 5152 1312 1312 5153 5153 1313 1313 5154 5154 1315 1315 5155 5155 1314 1314 5156 5156 1315 1315 5157 5157 1316 1316 5158 5158 1314 1314 5159 5159 1315 1315 5160 5160 1317 1317 5161 5161 1316 1316 5162 5162 1317 1317 5163 5163 1318 1318 5164 5164 1316 1316 5165 5165 1317 1317 5166 5166 1319 1319 5167 5167 1318 1318 5168 5168 1319 1319 5169 5169 1320 1320 5170 5170 1318 1318 5171 5171 1319 1319 5172 5172 1321 1321 5173 5173 1320 1320 5174 5174 1321 1321 5175 5175 1322 1322 5176 5176 1320 1320 5177 5177 1321 1321 5178 5178 1323 1323 5179 5179 1322 1322 5180 5180 1323 1323 5181 5181 1324 1324 5182 5182 1322 1322 5183 5183 1323 1323 5184 5184 1325 1325 5185 5185 1324 1324 5186 5186 1325 1325 5187 5187 1326 1326 5188 5188 1324 1324 5189 5189 1325 1325 5190 5190 1327 1327 5191 5191 1326 1326 5192 5192 1327 1327 5193 5193 1328 1328 5194 5194 1326 1326 5195 5195 1327 1327 5196 5196 1329 1329 5197 5197 1328 1328 5198 5198 1329 1329 5199 5199 1330 1330 5200 5200 1328 1328 5201 5201 1329 1329 5202 5202 1331 1331 5203 5203 1330 1330 5204 5204 1331 1331 5205 5205 1332 1332 5206 5206 1330 1330 5207 5207 1331 1331 5208 5208 1333 1333 5209 5209 1332 1332 5210 5210 1333 1333 5211 5211 1334 1334 5212 5212 1332 1332 5213 5213 1333 1333 5214 5214 1335 1335 5215 5215 1334 1334 5216 5216 1335 1335 5217 5217 1336 1336 5218 5218 1334 1334 5219 5219 1335 1335 5220 5220 1337 1337 5221 5221 1336 1336 5222 5222 1337 1337 5223 5223 1338 1338 5224 5224 1336 1336 5225 5225 1337 1337 5226 5226 1339 1339 5227 5227 1338 1338 5228 5228 1339 1339 5229 5229 1340 1340 5230 5230 1338 1338 5231 5231 1339 1339 5232 5232 1341 1341 5233 5233 1340 1340 5234 5234 1341 1341 5235 5235 1342 1342 5236 5236 1340 1340 5237 5237 1341 1341 5238 5238 1343 1343 5239 5239 1342 1342 5240 5240 1343 1343 5241 5241 1344 1344 5242 5242 1342 1342 5243 5243 1343 1343 5244 5244 1345 1345 5245 5245 1344 1344 5246 5246 1345 1345 5247 5247 1346 1346 5248 5248 1344 1344 5249 5249 1345 1345 5250 5250 1347 1347 5251 5251 1346 1346 5252 5252 1347 1347 5253 5253 1348 1348 5254 5254 1346 1346 5255 5255 1347 1347 5256 5256 1349 1349 5257 5257 1348 1348 5258 5258 1349 1349 5259 5259 1350 1350 5260 5260 1348 1348 5261 5261 1349 1349 5262 5262 1351 1351 5263 5263 1350 1350 5264 5264 1351 1351 5265 5265 1352 1352 5266 5266 1350 1350 5267 5267 1351 1351 5268 5268 1353 1353 5269 5269 1352 1352 5270 5270 1353 1353 5271 5271 1354 1354 5272 5272 1352 1352 5273 5273 1353 1353 5274 5274 1355 1355 5275 5275 1354 1354 5276 5276 1355 1355 5277 5277 1356 1356 5278 5278 1354 1354 5279 5279 1355 1355 5280 5280 1357 1357 5281 5281 1356 1356 5282 5282 1357 1357 5283 5283 1358 1358 5284 5284 1356 1356 5285 5285 1357 1357 5286 5286 1359 1359 5287 5287 1358 1358 5288 5288 1359 1359 5289 5289 1360 1360 5290 5290 1358 1358 5291 5291 1359 1359 5292 5292 1361 1361 5293 5293 1360 1360 5294 5294 1361 1361 5295 5295 1362 1362 5296 5296 1360 1360 5297 5297 1361 1361 5298 5298 1363 1363 5299 5299 1362 1362 5300 5300 1363 1363 5301 5301 1364 1364 5302 5302 1362 1362 5303 5303 1363 1363 5304 5304 1365 1365 5305 5305 1364 1364 5306 5306 1365 1365 5307 5307 1366 1366 5308 5308 1364 1364 5309 5309 1365 1365 5310 5310 1367 1367 5311 5311 1366 1366 5312 5312 1367 1367 5313 5313 1368 1368 5314 5314 1366 1366 5315 5315 1371 1369 5316 5316 1370 1370 5317 5317 1369 1371 5318 5318 1372 1372 5319 5319 1371 1369 5320 5320 1369 1371 5321 5321 1372 1372 5322 5322 1369 1371 5323 5323 1373 1373 5324 5324 1374 1374 5325 5325 1372 1372 5326 5326 1373 1373 5327 5327 1374 1374 5328 5328 1373 1373 5329 5329 1375 1375 5330 5330 1376 1376 5331 5331 1374 1374 5332 5332 1375 1375 5333 5333 1376 1376 5334 5334 1375 1375 5335 5335 1377 1377 5336 5336 1378 1378 5337 5337 1376 1376 5338 5338 1377 1377 5339 5339 1378 1378 5340 5340 1377 1377 5341 5341 1379 1379 5342 5342 1380 1380 5343 5343 1378 1378 5344 5344 1379 1379 5345 5345 1380 1380 5346 5346 1379 1379 5347 5347 1381 1381 5348 5348 1382 1382 5349 5349 1380 1380 5350 5350 1381 1381 5351 5351 1382 1382 5352 5352 1381 1381 5353 5353 1383 1383 5354 5354 1384 1384 5355 5355 1382 1382 5356 5356 1383 1383 5357 5357 1384 1384 5358 5358 1383 1383 5359 5359 1385 1385 5360 5360 1386 1386 5361 5361 1384 1384 5362 5362 1385 1385 5363 5363 1386 1386 5364 5364 1385 1385 5365 5365 1387 1387 5366 5366 1388 1388 5367 5367 1386 1386 5368 5368 1387 1387 5369 5369 1388 1388 5370 5370 1387 1387 5371 5371 1389 1389 5372 5372 1390 1390 5373 5373 1388 1388 5374 5374 1389 1389 5375 5375 1390 1390 5376 5376 1389 1389 5377 5377 1391 1391 5378 5378 1392 1392 5379 5379 1390 1390 5380 5380 1391 1391 5381 5381 1392 1392 5382 5382 1391 1391 5383 5383 1393 1393 5384 5384 1394 1394 5385 5385 1392 1392 5386 5386 1393 1393 5387 5387 1394 1394 5388 5388 1393 1393 5389 5389 1395 1395 5390 5390 1396 1396 5391 5391 1394 1394 5392 5392 1395 1395 5393 5393 1396 1396 5394 5394 1395 1395 5395 5395 1397 1397 5396 5396 1398 1398 5397 5397 1396 1396 5398 5398 1397 1397 5399 5399 1398 1398 5400 5400 1397 1397 5401 5401 1399 1399 5402 5402 1400 1400 5403 5403 1398 1398 5404 5404 1399 1399 5405 5405 1400 1400 5406 5406 1399 1399 5407 5407 1401 1401 5408 5408 1402 1402 5409 5409 1400 1400 5410 5410 1401 1401 5411 5411 1402 1402 5412 5412 1401 1401 5413 5413 1403 1403 5414 5414 1404 1404 5415 5415 1402 1402 5416 5416 1403 1403 5417 5417 1404 1404 5418 5418 1403 1403 5419 5419 1405 1405 5420 5420 1406 1406 5421 5421 1404 1404 5422 5422 1405 1405 5423 5423 1406 1406 5424 5424 1405 1405 5425 5425 1407 1407 5426 5426 1408 1408 5427 5427 1406 1406 5428 5428 1407 1407 5429 5429 1408 1408 5430 5430 1407 1407 5431 5431 1409 1409 5432 5432 1410 1410 5433 5433 1408 1408 5434 5434 1409 1409 5435 5435 1410 1410 5436 5436 1409 1409 5437 5437 1411 1411 5438 5438 1412 1412 5439 5439 1410 1410 5440 5440 1411 1411 5441 5441 1412 1412 5442 5442 1411 1411 5443 5443 1413 1413 5444 5444 1414 1414 5445 5445 1412 1412 5446 5446 1413 1413 5447 5447 1414 1414 5448 5448 1413 1413 5449 5449 1415 1415 5450 5450 1416 1416 5451 5451 1414 1414 5452 5452 1415 1415 5453 5453 1416 1416 5454 5454 1415 1415 5455 5455 1417 1417 5456 5456 1418 1418 5457 5457 1416 1416 5458 5458 1417 1417 5459 5459 1418 1418 5460 5460 1417 1417 5461 5461 1419 1419 5462 5462 1420 1420 5463 5463 1418 1418 5464 5464 1419 1419 5465 5465 1420 1420 5466 5466 1419 1419 5467 5467 1421 1421 5468 5468 1422 1422 5469 5469 1420 1420 5470 5470 1421 1421 5471 5471 1422 1422 5472 5472 1421 1421 5473 5473 1423 1423 5474 5474 1424 1424 5475 5475 1422 1422 5476 5476 1423 1423 5477 5477 1424 1424 5478 5478 1423 1423 5479 5479 1425 1425 5480 5480 1426 1426 5481 5481 1424 1424 5482 5482 1425 1425 5483 5483 1426 1426 5484 5484 1425 1425 5485 5485 1427 1427 5486 5486 1428 1428 5487 5487 1426 1426 5488 5488 1427 1427 5489 5489 1428 1428 5490 5490 1427 1427 5491 5491 1429 1429 5492 5492 1430 1430 5493 5493 1428 1428 5494 5494 1429 1429 5495 5495 1430 1430 5496 5496 1429 1429 5497 5497 1431 1431 5498 5498 1432 1432 5499 5499 1430 1430 5500 5500 1431 1431 5501 5501 1432 1432 5502 5502 1431 1431 5503 5503 1433 1433 5504 5504 1434 1434 5505 5505 1432 1432 5506 5506 1433 1433 5507 5507 1434 1434 5508 5508 1433 1433 5509 5509 1435 1435 5510 5510 1436 1436 5511 5511 1434 1434 5512 5512 1435 1435 5513 5513 1436 1436 5514 5514 1435 1435 5515 5515 1437 1437 5516 5516 1438 1438 5517 5517 1436 1436 5518 5518 1437 1437 5519 5519 1438 1438 5520 5520 1437 1437 5521 5521 1439 1439 5522 5522 1440 1440 5523 5523 1438 1438 5524 5524 1439 1439 5525 5525 1440 1440 5526 5526 1439 1439 5527 5527 1441 1441 5528 5528 1442 1442 5529 5529 1440 1440 5530 5530 1441 1441 5531 5531 1442 1442 5532 5532 1441 1441 5533 5533 1443 1443 5534 5534 1444 1444 5535 5535 1442 1442 5536 5536 1443 1443 5537 5537 1444 1444 5538 5538 1443 1443 5539 5539 1445 1445 5540 5540 1446 1446 5541 5541 1444 1444 5542 5542 1445 1445 5543 5543 1449 1447 5544 5544 1448 1448 5545 5545 1447 1449 5546 5546 1450 1450 5547 5547 1449 1447 5548 5548 1447 1449 5549 5549 1450 1450 5550 5550 1447 1449 5551 5551 1451 1451 5552 5552 1452 1452 5553 5553 1450 1450 5554 5554 1451 1451 5555 5555 1452 1452 5556 5556 1451 1451 5557 5557 1453 1453 5558 5558 1454 1454 5559 5559 1452 1452 5560 5560 1453 1453 5561 5561 1454 1454 5562 5562 1453 1453 5563 5563 1455 1455 5564 5564 1456 1456 5565 5565 1454 1454 5566 5566 1455 1455 5567 5567 1456 1456 5568 5568 1455 1455 5569 5569 1457 1457 5570 5570 1458 1458 5571 5571 1456 1456 5572 5572 1457 1457 5573 5573 1458 1458 5574 5574 1457 1457 5575 5575 1459 1459 5576 5576 1460 1460 5577 5577 1458 1458 5578 5578 1459 1459 5579 5579 1460 1460 5580 5580 1459 1459 5581 5581 1461 1461 5582 5582 1462 1462 5583 5583 1460 1460 5584 5584 1461 1461 5585 5585 1462 1462 5586 5586 1461 1461 5587 5587 1463 1463 5588 5588 1464 1464 5589 5589 1462 1462 5590 5590 1463 1463 5591 5591 1464 1464 5592 5592 1463 1463 5593 5593 1465 1465 5594 5594 1466 1466 5595 5595 1464 1464 5596 5596 1465 1465 5597 5597 1466 1466 5598 5598 1465 1465 5599 5599 1467 1467 5600 5600 1468 1468 5601 5601 1466 1466 5602 5602 1467 1467 5603 5603 1468 1468 5604 5604 1467 1467 5605 5605 1469 1469 5606 5606 1470 1470 5607 5607 1468 1468 5608 5608 1469 1469 5609 5609 1470 1470 5610 5610 1469 1469 5611 5611 1471 1471 5612 5612 1472 1472 5613 5613 1470 1470 5614 5614 1471 1471 5615 5615 1472 1472 5616 5616 1471 1471 5617 5617 1473 1473 5618 5618 1474 1474 5619 5619 1472 1472 5620 5620 1473 1473 5621 5621 1474 1474 5622 5622 1473 1473 5623 5623 1475 1475 5624 5624 1476 1476 5625 5625 1474 1474 5626 5626 1475 1475 5627 5627 1476 1476 5628 5628 1475 1475 5629 5629 1477 1477 5630 5630 1478 1478 5631 5631 1476 1476 5632 5632 1477 1477 5633 5633 1478 1478 5634 5634 1477 1477 5635 5635 1479 1479 5636 5636 1480 1480 5637 5637 1478 1478 5638 5638 1479 1479 5639 5639 1480 1480 5640 5640 1479 1479 5641 5641 1481 1481 5642 5642 1482 1482 5643 5643 1480 1480 5644 5644 1481 1481 5645 5645 1482 1482 5646 5646 1481 1481 5647 5647 1483 1483 5648 5648 1484 1484 5649 5649 1482 1482 5650 5650 1483 1483 5651 5651 1484 1484 5652 5652 1483 1483 5653 5653 1485 1485 5654 5654 1486 1486 5655 5655 1484 1484 5656 5656 1485 1485 5657 5657 1486 1486 5658 5658 1485 1485 5659 5659 1487 1487 5660 5660 1488 1488 5661 5661 1486 1486 5662 5662 1487 1487 5663 5663 1488 1488 5664 5664 1487 1487 5665 5665 1489 1489 5666 5666 1490 1490 5667 5667 1488 1488 5668 5668 1489 1489 5669 5669 1490 1490 5670 5670 1489 1489 5671 5671 1491 1491 5672 5672 1492 1492 5673 5673 1490 1490 5674 5674 1491 1491 5675 5675 1492 1492 5676 5676 1491 1491 5677 5677 1493 1493 5678 5678 1494 1494 5679 5679 1492 1492 5680 5680 1493 1493 5681 5681 1494 1494 5682 5682 1493 1493 5683 5683 1495 1495 5684 5684 1496 1496 5685 5685 1494 1494 5686 5686 1495 1495 5687 5687 1496 1496 5688 5688 1495 1495 5689 5689 1497 1497 5690 5690 1498 1498 5691 5691 1496 1496 5692 5692 1497 1497 5693 5693 1498 1498 5694 5694 1497 1497 5695 5695 1499 1499 5696 5696 1500 1500 5697 5697 1498 1498 5698 5698 1499 1499 5699 5699 1500 1500 5700 5700 1499 1499 5701 5701 1501 1501 5702 5702 1502 1502 5703 5703 1500 1500 5704 5704 1501 1501 5705 5705 1502 1502 5706 5706 1501 1501 5707 5707 1503 1503 5708 5708 1504 1504 5709 5709 1502 1502 5710 5710 1503 1503 5711 5711 1504 1504 5712 5712 1503 1503 5713 5713 1505 1505 5714 5714 1506 1506 5715 5715 1504 1504 5716 5716 1505 1505 5717 5717 1506 1506 5718 5718 1505 1505 5719 5719 1507 1507 5720 5720 1508 1508 5721 5721 1506 1506 5722 5722 1507 1507 5723 5723 1508 1508 5724 5724 1507 1507 5725 5725 1509 1509 5726 5726 1510 1510 5727 5727 1508 1508 5728 5728 1509 1509 5729 5729 1510 1510 5730 5730 1509 1509 5731 5731 1511 1511 5732 5732 1512 1512 5733 5733 1510 1510 5734 5734 1511 1511 5735 5735 1512 1512 5736 5736 1511 1511 5737 5737 1513 1513 5738 5738 1514 1514 5739 5739 1512 1512 5740 5740 1513 1513 5741 5741 1514 1514 5742 5742 1513 1513 5743 5743 1515 1515 5744 5744 1516 1516 5745 5745 1514 1514 5746 5746 1515 1515 5747 5747 1516 1516 5748 5748 1515 1515 5749 5749 1517 1517 5750 5750 1518 1518 5751 5751 1516 1516 5752 5752 1517 1517 5753 5753 1518 1518 5754 5754 1517 1517 5755 5755 1519 1519 5756 5756 1520 1520 5757 5757 1518 1518 5758 5758 1519 1519 5759 5759 1520 1520 5760 5760 1519 1519 5761 5761 1521 1521 5762 5762 1522 1522 5763 5763 1520 1520 5764 5764 1521 1521 5765 5765 1522 1522 5766 5766 1521 1521 5767 5767 1523 1523 5768 5768 1524 1524 5769 5769 1522 1522 5770 5770 1523 1523 5771 5771 1524 1524 5772 5772 1523 1523 5773 5773 1525 1525 5774 5774 1526 1526 5775 5775 1524 1524 5776 5776 1525 1525 5777 5777 1529 1527 5778 5778 1528 1528 5779 5779 1527 1529 5780 5780 1529 1527 5781 5781 1530 1530 5782 5782 1528 1528 5783 5783 1528 1528 5784 5784 1531 1531 5785 5785 1527 1529 5786 5786 1527 1529 5787 5787 1531 1531 5788 5788 1532 1532 5789 5789 1531 1531 5790 5790 1533 1533 5791 5791 1532 1532 5792 5792 1531 1531 5793 5793 1534 1534 5794 5794 1533 1533 5795 5795 1532 1532 5796 5796 1533 1533 5797 5797 1535 1535 5798 5798 1533 1533 5799 5799 1536 1536 5800 5800 1535 1535 5801 5801 1533 1533 5802 5802 1534 1534 5803 5803 1536 1536 5804 5804 1534 1534 5805 5805 1537 1537 5806 5806 1536 1536 5807 5807 1538 1538 5808 5808 1537 1537 5809 5809 1534 1534 5810 5810 1539 1539 5811 5811 1538 1538 5812 5812 1534 1534 5813 5813 1540 1540 5814 5814 1539 1539 5815 5815 1534 1534 5816 5816 1541 1541 5817 5817 1538 1538 5818 5818 1539 1539 5819 5819 1542 1542 5820 5820 1541 1541 5821 5821 1539 1539 5822 5822 1539 1539 5823 5823 1540 1540 5824 5824 1542 1542 5825 5825 1541 1541 5826 5826 1542 1542 5827 5827 1543 1543 5828 5828 1531 1531 5829 5829 1544 1544 5830 5830 1534 1534 5831 5831 1544 1544 5832 5832 1540 1540 5833 5833 1534 1534 5834 5834 1531 1531 5835 5835 1528 1528 5836 5836 1545 1545 5837 5837 1544 1544 5838 5838 1531 1531 5839 5839 1545 1545 5840 5840 1528 1528 5841 5841 1546 1546 5842 5842 1545 1545 5843 5843 1530 1530 5844 5844 1546 1546 5845 5845 1528 1528 5846 5846 1544 1544 5847 5847 1545 1545 5848 5848 1547 1547 5849 5849 1546 1546 5850 5850 1547 1547 5851 5851 1545 1545 5852 5852 1546 1546 5853 5853 1530 1530 5854 5854 1548 1548 5855 5855 1548 1548 5856 5856 1547 1547 5857 5857 1546 1546 5858 5858 1530 1530 5859 5859 1549 1549 5860 5860 1548 1548 5861 5861 1548 1548 5862 5862 1549 1549 5863 5863 1550 1550 5864 5864 1551 1551 5865 5865 1544 1544 5866 5866 1547 1547 5867 5867 1544 1544 5868 5868 1551 1551 5869 5869 1540 1540 5870 5870 1548 1548 5871 5871 1552 1552 5872 5872 1547 1547 5873 5873 1552 1552 5874 5874 1551 1551 5875 5875 1547 1547 5876 5876 1553 1553 5877 5877 1548 1548 5878 5878 1550 1550 5879 5879 1553 1553 5880 5880 1552 1552 5881 5881 1548 1548 5882 5882 1553 1553 5883 5883 1550 1550 5884 5884 1554 1554 5885 5885 1555 1555 5886 5886 1554 1554 5887 5887 1550 1550 5888 5888 1554 1554 5889 5889 1555 1555 5890 5890 1556 1556 5891 5891 1556 1556 5892 5892 1557 1557 5893 5893 1554 1554 5894 5894 1557 1557 5895 5895 1556 1556 5896 5896 1558 1558 5897 5897 1555 1555 5898 5898 1559 1559 5899 5899 1556 1556 5900 5900 1556 1556 5901 5901 1559 1559 5902 5902 1558 1558 5903 5903 1559 1559 5904 5904 1560 1560 5905 5905 1558 1558 5906 5906 1558 1558 5907 5907 1560 1560 5908 5908 1561 1561 5909 5909 1562 1562 5910 5910 1553 1553 5911 5911 1554 1554 5912 5912 1557 1557 5913 5913 1562 1562 5914 5914 1554 1554 5915 5915 1552 1552 5916 5916 1553 1553 5917 5917 1563 1563 5918 5918 1553 1553 5919 5919 1562 1562 5920 5920 1563 1563 5921 5921 1552 1552 5922 5922 1564 1564 5923 5923 1551 1551 5924 5924 1564 1564 5925 5925 1552 1552 5926 5926 1563 1563 5927 5927 1565 1565 5928 5928 1564 1564 5929 5929 1563 1563 5930 5930 1563 1563 5931 5931 1562 1562 5932 5932 1566 1566 5933 5933 1562 1562 5934 5934 1557 1557 5935 5935 1566 1566 5936 5936 1565 1565 5937 5937 1563 1563 5938 5938 1566 1566 5939 5939 1564 1564 5940 5940 1567 1567 5941 5941 1551 1551 5942 5942 1551 1551 5943 5943 1567 1567 5944 5944 1540 1540 5945 5945 1564 1564 5946 5946 1568 1568 5947 5947 1567 1567 5948 5948 1540 1540 5949 5949 1567 1567 5950 5950 1568 1568 5951 5951 1568 1568 5952 5952 1564 1564 5953 5953 1565 1565 5954 5954 1569 1569 5955 5955 1568 1568 5956 5956 1565 1565 5957 5957 1570 1570 5958 5958 1540 1540 5959 5959 1568 1568 5960 5960 1570 1570 5961 5961 1568 1568 5962 5962 1569 1569 5963 5963 1540 1540 5964 5964 1570 1570 5965 5965 1542 1542 5966 5966 1570 1570 5967 5967 1571 1571 5968 5968 1542 1542 5969 5969 1571 1571 5970 5970 1570 1570 5971 5971 1569 1569 5972 5972 1571 1571 5973 5973 1543 1543 5974 5974 1542 1542 5975 5975 1571 1571 5976 5976 1572 1572 5977 5977 1543 1543 5978 5978 1571 1571 5979 5979 1569 1569 5980 5980 1573 1573 5981 5981 1572 1572 5982 5982 1571 1571 5983 5983 1573 1573 5984 5984 1572 1572 5985 5985 1574 1574 5986 5986 1543 1543 5987 5987 1575 1575 5988 5988 1543 1543 5989 5989 1574 1574 5990 5990 1572 1572 5991 5991 1576 1576 5992 5992 1574 1574 5993 5993 1572 1572 5994 5994 1573 1573 5995 5995 1576 1576 5996 5996 1577 1577 5997 5997 1575 1575 5998 5998 1574 1574 5999 5999 1574 1574 6000 6000 1576 1576 6001 6001 1577 1577 6002 6002 1575 1575 6003 6003 1577 1577 6004 6004 1578 1578 6005 6005 1579 1579 6006 6006 1575 1575 6007 6007 1578 1578 6008 6008 1579 1579 6009 6009 1578 1578 6010 6010 1580 1580 6011 6011 1578 1578 6012 6012 1581 1581 6013 6013 1580 1580 6014 6014 1580 1580 6015 6015 1581 1581 6016 6016 1582 1582 6017 6017 1578 1578 6018 6018 1577 1577 6019 6019 1583 1583 6020 6020 1581 1581 6021 6021 1578 1578 6022 6022 1583 1583 6023 6023 1577 1577 6024 6024 1584 1584 6025 6025 1583 1583 6026 6026 1576 1576 6027 6027 1584 1584 6028 6028 1577 1577 6029 6029 1585 1585 6030 6030 1583 1583 6031 6031 1584 1584 6032 6032 1585 1585 6033 6033 1581 1581 6034 6034 1583 1583 6035 6035 1581 1581 6036 6036 1585 1585 6037 6037 1586 1586 6038 6038 1585 1585 6039 6039 1587 1587 6040 6040 1586 1586 6041 6041 1581 1581 6042 6042 1588 1588 6043 6043 1582 1582 6044 6044 1581 1581 6045 6045 1586 1586 6046 6046 1588 1588 6047 6047 1582 1582 6048 6048 1588 1588 6049 6049 1589 1589 6050 6050 1588 1588 6051 6051 1590 1590 6052 6052 1589 1589 6053 6053 1588 1588 6054 6054 1586 1586 6055 6055 1590 1590 6056 6056 1586 1586 6057 6057 1591 1591 6058 6058 1590 1590 6059 6059 1592 1592 6060 6060 1591 1591 6061 6061 1586 1586 6062 6062 1593 1593 6063 6063 1585 1585 6064 6064 1584 1584 6065 6065 1576 1576 6066 6066 1593 1593 6067 6067 1584 1584 6068 6068 1585 1585 6069 6069 1593 1593 6070 6070 1587 1587 6071 6071 1594 1594 6072 6072 1592 1592 6073 6073 1586 1586 6074 6074 1587 1587 6075 6075 1594 1594 6076 6076 1586 1586 6077 6077 1595 1595 6078 6078 1592 1592 6079 6079 1594 1594 6080 6080 1596 1596 6081 6081 1595 1595 6082 6082 1594 1594 6083 6083 1594 1594 6084 6084 1587 1587 6085 6085 1596 1596 6086 6086 1595 1595 6087 6087 1596 1596 6088 6088 1597 1597 6089 6089 1576 1576 6090 6090 1598 1598 6091 6091 1593 1593 6092 6092 1573 1573 6093 6093 1598 1598 6094 6094 1576 1576 6095 6095 1599 1599 6096 6096 1597 1597 6097 6097 1596 1596 6098 6098 1597 1597 6099 6099 1599 1599 6100 6100 1600 1600 6101 6101 1593 1593 6102 6102 1601 1601 6103 6103 1587 1587 6104 6104 1598 1598 6105 6105 1601 1601 6106 6106 1593 1593 6107 6107 1573 1573 6108 6108 1602 1602 6109 6109 1598 1598 6110 6110 1569 1569 6111 6111 1602 1602 6112 6112 1573 1573 6113 6113 1598 1598 6114 6114 1603 1603 6115 6115 1601 1601 6116 6116 1587 1587 6117 6117 1601 1601 6118 6118 1603 1603 6119 6119 1603 1603 6120 6120 1598 1598 6121 6121 1602 1602 6122 6122 1587 1587 6123 6123 1604 1604 6124 6124 1596 1596 6125 6125 1604 1604 6126 6126 1599 1599 6127 6127 1596 1596 6128 6128 1604 1604 6129 6129 1587 1587 6130 6130 1603 1603 6131 6131 1604 1604 6132 6132 1603 1603 6133 6133 1605 1605 6134 6134 1599 1599 6135 6135 1604 1604 6136 6136 1605 1605 6137 6137 1599 1599 6138 6138 1606 1606 6139 6139 1600 1600 6140 6140 1607 1607 6141 6141 1600 1600 6142 6142 1606 1606 6143 6143 1608 1608 6144 6144 1603 1603 6145 6145 1602 1602 6146 6146 1603 1603 6147 6147 1608 1608 6148 6148 1605 1605 6149 6149 1609 1609 6150 6150 1599 1599 6151 6151 1605 1605 6152 6152 1599 1599 6153 6153 1609 1609 6154 6154 1606 1606 6155 6155 1608 1608 6156 6156 1610 1610 6157 6157 1605 1605 6158 6158 1610 1610 6159 6159 1609 1609 6160 6160 1605 1605 6161 6161 1602 1602 6162 6162 1569 1569 6163 6163 1611 1611 6164 6164 1608 1608 6165 6165 1602 1602 6166 6166 1612 1612 6167 6167 1602 1602 6168 6168 1611 1611 6169 6169 1612 1612 6170 6170 1569 1569 6171 6171 1613 1613 6172 6172 1611 1611 6173 6173 1569 1569 6174 6174 1565 1565 6175 6175 1613 1613 6176 6176 1614 1614 6177 6177 1607 1607 6178 6178 1606 1606 6179 6179 1606 1606 6180 6180 1609 1609 6181 6181 1615 1615 6182 6182 1606 1606 6183 6183 1615 1615 6184 6184 1614 1614 6185 6185 1607 1607 6186 6186 1614 1614 6187 6187 1616 1616 6188 6188 1617 1617 6189 6189 1607 1607 6190 6190 1616 1616 6191 6191 1617 1617 6192 6192 1616 1616 6193 6193 1618 1618 6194 6194 1616 1616 6195 6195 1614 1614 6196 6196 1619 1619 6197 6197 1614 1614 6198 6198 1615 1615 6199 6199 1619 1619 6200 6200 1616 1616 6201 6201 1620 1620 6202 6202 1618 1618 6203 6203 1620 1620 6204 6204 1616 1616 6205 6205 1619 1619 6206 6206 1618 1618 6207 6207 1620 1620 6208 6208 1621 1621 6209 6209 1622 1622 6210 6210 1619 1619 6211 6211 1615 1615 6212 6212 1622 1622 6213 6213 1620 1620 6214 6214 1619 1619 6215 6215 1620 1620 6216 6216 1622 1622 6217 6217 1623 1623 6218 6218 1622 1622 6219 6219 1624 1624 6220 6220 1623 1623 6221 6221 1620 1620 6222 6222 1625 1625 6223 6223 1621 1621 6224 6224 1620 1620 6225 6225 1623 1623 6226 6226 1625 1625 6227 6227 1621 1621 6228 6228 1625 1625 6229 6229 1626 1626 6230 6230 1625 1625 6231 6231 1627 1627 6232 6232 1626 1626 6233 6233 1625 1625 6234 6234 1623 1623 6235 6235 1627 1627 6236 6236 1623 1623 6237 6237 1628 1628 6238 6238 1627 1627 6239 6239 1629 1629 6240 6240 1628 1628 6241 6241 1623 1623 6242 6242 1630 1630 6243 6243 1622 1622 6244 6244 1615 1615 6245 6245 1622 1622 6246 6246 1630 1630 6247 6247 1624 1624 6248 6248 1609 1609 6249 6249 1630 1630 6250 6250 1615 1615 6251 6251 1631 1631 6252 6252 1629 1629 6253 6253 1623 1623 6254 6254 1624 1624 6255 6255 1631 1631 6256 6256 1623 1623 6257 6257 1632 1632 6258 6258 1629 1629 6259 6259 1631 1631 6260 6260 1633 1633 6261 6261 1630 1630 6262 6262 1609 1609 6263 6263 1630 1630 6264 6264 1633 1633 6265 6265 1624 1624 6266 6266 1633 1633 6267 6267 1609 1609 6268 6268 1610 1610 6269 6269 1634 1634 6270 6270 1632 1632 6271 6271 1631 1631 6272 6272 1631 1631 6273 6273 1624 1624 6274 6274 1634 1634 6275 6275 1632 1632 6276 6276 1634 1634 6277 6277 1635 1635 6278 6278 1636 1636 6279 6279 1633 1633 6280 6280 1610 1610 6281 6281 1624 1624 6282 6282 1633 1633 6283 6283 1636 1636 6284 6284 1624 1624 6285 6285 1637 1637 6286 6286 1634 1634 6287 6287 1637 1637 6288 6288 1624 1624 6289 6289 1636 1636 6290 6290 1638 1638 6291 6291 1635 1635 6292 6292 1634 1634 6293 6293 1637 1637 6294 6294 1638 1638 6295 6295 1634 1634 6296 6296 1639 1639 6297 6297 1636 1636 6298 6298 1610 1610 6299 6299 1636 1636 6300 6300 1639 1639 6301 6301 1640 1640 6302 6302 1608 1608 6303 6303 1639 1639 6304 6304 1610 1610 6305 6305 1641 1641 6306 6306 1637 1637 6307 6307 1636 1636 6308 6308 1638 1638 6309 6309 1637 1637 6310 6310 1641 1641 6311 6311 1641 1641 6312 6312 1636 1636 6313 6313 1640 1640 6314 6314 1638 1638 6315 6315 1642 1642 6316 6316 1635 1635 6317 6317 1642 1642 6318 6318 1643 1643 6319 6319 1635 1635 6320 6320 1644 1644 6321 6321 1643 1643 6322 6322 1642 1642 6323 6323 1639 1639 6324 6324 1608 1608 6325 6325 1645 1645 6326 6326 1608 1608 6327 6327 1612 1612 6328 6328 1645 1645 6329 6329 1646 1646 6330 6330 1638 1638 6331 6331 1641 1641 6332 6332 1638 1638 6333 6333 1646 1646 6334 6334 1642 1642 6335 6335 1640 1640 6336 6336 1647 1647 6337 6337 1641 1641 6338 6338 1647 1647 6339 6339 1646 1646 6340 6340 1641 1641 6341 6341 1639 1639 6342 6342 1645 1645 6343 6343 1648 1648 6344 6344 1640 1640 6345 6345 1639 1639 6346 6346 1648 1648 6347 6347 1649 1649 6348 6348 1644 1644 6349 6349 1642 1642 6350 6350 1642 1642 6351 6351 1646 1646 6352 6352 1650 1650 6353 6353 1642 1642 6354 6354 1650 1650 6355 6355 1649 1649 6356 6356 1644 1644 6357 6357 1649 1649 6358 6358 1651 1651 6359 6359 1652 1652 6360 6360 1644 1644 6361 6361 1651 1651 6362 6362 1652 1652 6363 6363 1651 1651 6364 6364 1653 1653 6365 6365 1651 1651 6366 6366 1649 1649 6367 6367 1654 1654 6368 6368 1649 1649 6369 6369 1650 1650 6370 6370 1654 1654 6371 6371 1651 1651 6372 6372 1655 1655 6373 6373 1653 1653 6374 6374 1655 1655 6375 6375 1651 1651 6376 6376 1654 1654 6377 6377 1653 1653 6378 6378 1655 1655 6379 6379 1656 1656 6380 6380 1646 1646 6381 6381 1657 1657 6382 6382 1650 1650 6383 6383 1646 1646 6384 6384 1647 1647 6385 6385 1657 1657 6386 6386 1658 1658 6387 6387 1654 1654 6388 6388 1650 1650 6389 6389 1658 1658 6390 6390 1655 1655 6391 6391 1654 1654 6392 6392 1657 1657 6393 6393 1658 1658 6394 6394 1650 1650 6395 6395 1655 1655 6396 6396 1658 1658 6397 6397 1659 1659 6398 6398 1658 1658 6399 6399 1657 1657 6400 6400 1660 1660 6401 6401 1658 1658 6402 6402 1660 1660 6403 6403 1659 1659 6404 6404 1655 1655 6405 6405 1661 1661 6406 6406 1656 1656 6407 6407 1655 1655 6408 6408 1659 1659 6409 6409 1661 1661 6410 6410 1656 1656 6411 6411 1661 1661 6412 6412 1662 1662 6413 6413 1661 1661 6414 6414 1663 1663 6415 6415 1662 1662 6416 6416 1661 1661 6417 6417 1659 1659 6418 6418 1663 1663 6419 6419 1659 1659 6420 6420 1664 1664 6421 6421 1663 1663 6422 6422 1665 1665 6423 6423 1664 1664 6424 6424 1659 1659 6425 6425 1666 1666 6426 6426 1665 1665 6427 6427 1659 1659 6428 6428 1660 1660 6429 6429 1666 1666 6430 6430 1659 1659 6431 6431 1667 1667 6432 6432 1665 1665 6433 6433 1666 1666 6434 6434 1668 1668 6435 6435 1667 1667 6436 6436 1666 1666 6437 6437 1666 1666 6438 6438 1660 1660 6439 6439 1668 1668 6440 6440 1667 1667 6441 6441 1668 1668 6442 6442 1669 1669 6443 6443 1657 1657 6444 6444 1670 1670 6445 6445 1660 1660 6446 6446 1647 1647 6447 6447 1670 1670 6448 6448 1657 1657 6449 6449 1647 1647 6450 6450 1671 1671 6451 6451 1670 1670 6452 6452 1660 1660 6453 6453 1670 1670 6454 6454 1671 1671 6455 6455 1671 1671 6456 6456 1647 1647 6457 6457 1640 1640 6458 6458 1672 1672 6459 6459 1671 1671 6460 6460 1640 1640 6461 6461 1673 1673 6462 6462 1660 1660 6463 6463 1671 1671 6464 6464 1660 1660 6465 6465 1673 1673 6466 6466 1668 1668 6467 6467 1673 1673 6468 6468 1671 1671 6469 6469 1672 1672 6470 6470 1673 1673 6471 6471 1674 1674 6472 6472 1668 1668 6473 6473 1674 1674 6474 6474 1669 1669 6475 6475 1668 1668 6476 6476 1674 1674 6477 6477 1673 1673 6478 6478 1672 1672 6479 6479 1672 1672 6480 6480 1640 1640 6481 6481 1675 1675 6482 6482 1640 1640 6483 6483 1648 1648 6484 6484 1675 1675 6485 6485 1674 1674 6486 6486 1676 1676 6487 6487 1669 1669 6488 6488 1672 1672 6489 6489 1677 1677 6490 6490 1674 1674 6491 6491 1677 1677 6492 6492 1676 1676 6493 6493 1674 1674 6494 6494 1676 1676 6495 6495 1678 1678 6496 6496 1669 1669 6497 6497 1679 1679 6498 6498 1669 1669 6499 6499 1678 1678 6500 6500 1676 1676 6501 6501 1680 1680 6502 6502 1678 1678 6503 6503 1676 1676 6504 6504 1677 1677 6505 6505 1680 1680 6506 6506 1681 1681 6507 6507 1679 1679 6508 6508 1678 1678 6509 6509 1678 1678 6510 6510 1680 1680 6511 6511 1681 1681 6512 6512 1679 1679 6513 6513 1681 1681 6514 6514 1682 1682 6515 6515 1683 1683 6516 6516 1679 1679 6517 6517 1682 1682 6518 6518 1683 1683 6519 6519 1682 1682 6520 6520 1684 1684 6521 6521 1682 1682 6522 6522 1685 1685 6523 6523 1684 1684 6524 6524 1684 1684 6525 6525 1685 1685 6526 6526 1686 1686 6527 6527 1682 1682 6528 6528 1681 1681 6529 6529 1687 1687 6530 6530 1685 1685 6531 6531 1682 1682 6532 6532 1687 1687 6533 6533 1681 1681 6534 6534 1688 1688 6535 6535 1687 1687 6536 6536 1680 1680 6537 6537 1688 1688 6538 6538 1681 1681 6539 6539 1689 1689 6540 6540 1687 1687 6541 6541 1688 1688 6542 6542 1689 1689 6543 6543 1685 1685 6544 6544 1687 1687 6545 6545 1685 1685 6546 6546 1689 1689 6547 6547 1690 1690 6548 6548 1689 1689 6549 6549 1691 1691 6550 6550 1690 1690 6551 6551 1685 1685 6552 6552 1692 1692 6553 6553 1686 1686 6554 6554 1685 1685 6555 6555 1690 1690 6556 6556 1692 1692 6557 6557 1686 1686 6558 6558 1692 1692 6559 6559 1693 1693 6560 6560 1692 1692 6561 6561 1694 1694 6562 6562 1693 1693 6563 6563 1692 1692 6564 6564 1690 1690 6565 6565 1694 1694 6566 6566 1690 1690 6567 6567 1695 1695 6568 6568 1694 1694 6569 6569 1696 1696 6570 6570 1695 1695 6571 6571 1690 1690 6572 6572 1697 1697 6573 6573 1689 1689 6574 6574 1688 1688 6575 6575 1680 1680 6576 6576 1697 1697 6577 6577 1688 1688 6578 6578 1689 1689 6579 6579 1697 1697 6580 6580 1691 1691 6581 6581 1698 1698 6582 6582 1696 1696 6583 6583 1690 1690 6584 6584 1691 1691 6585 6585 1698 1698 6586 6586 1690 1690 6587 6587 1699 1699 6588 6588 1696 1696 6589 6589 1698 1698 6590 6590 1700 1700 6591 6591 1699 1699 6592 6592 1698 1698 6593 6593 1698 1698 6594 6594 1691 1691 6595 6595 1700 1700 6596 6596 1699 1699 6597 6597 1700 1700 6598 6598 1701 1701 6599 6599 1680 1680 6600 6600 1702 1702 6601 6601 1697 1697 6602 6602 1677 1677 6603 6603 1702 1702 6604 6604 1680 1680 6605 6605 1703 1703 6606 6606 1701 1701 6607 6607 1700 1700 6608 6608 1701 1701 6609 6609 1703 1703 6610 6610 1704 1704 6611 6611 1697 1697 6612 6612 1705 1705 6613 6613 1691 1691 6614 6614 1702 1702 6615 6615 1705 1705 6616 6616 1697 1697 6617 6617 1677 1677 6618 6618 1706 1706 6619 6619 1702 1702 6620 6620 1672 1672 6621 6621 1706 1706 6622 6622 1677 1677 6623 6623 1702 1702 6624 6624 1707 1707 6625 6625 1705 1705 6626 6626 1691 1691 6627 6627 1705 1705 6628 6628 1707 1707 6629 6629 1707 1707 6630 6630 1702 1702 6631 6631 1706 1706 6632 6632 1691 1691 6633 6633 1708 1708 6634 6634 1700 1700 6635 6635 1708 1708 6636 6636 1703 1703 6637 6637 1700 1700 6638 6638 1708 1708 6639 6639 1691 1691 6640 6640 1707 1707 6641 6641 1708 1708 6642 6642 1707 1707 6643 6643 1709 1709 6644 6644 1703 1703 6645 6645 1708 1708 6646 6646 1709 1709 6647 6647 1703 1703 6648 6648 1710 1710 6649 6649 1704 1704 6650 6650 1711 1711 6651 6651 1704 1704 6652 6652 1710 1710 6653 6653 1706 1706 6654 6654 1672 1672 6655 6655 1712 1712 6656 6656 1672 1672 6657 6657 1675 1675 6658 6658 1712 1712 6659 6659 1713 1713 6660 6660 1707 1707 6661 6661 1706 1706 6662 6662 1707 1707 6663 6663 1713 1713 6664 6664 1709 1709 6665 6665 1714 1714 6666 6666 1703 1703 6667 6667 1709 1709 6668 6668 1703 1703 6669 6669 1714 1714 6670 6670 1710 1710 6671 6671 1706 1706 6672 6672 1712 1712 6673 6673 1715 1715 6674 6674 1713 1713 6675 6675 1706 1706 6676 6676 1715 1715 6677 6677 1716 1716 6678 6678 1714 1714 6679 6679 1709 1709 6680 6680 1713 1713 6681 6681 1716 1716 6682 6682 1709 1709 6683 6683 1717 1717 6684 6684 1711 1711 6685 6685 1710 1710 6686 6686 1710 1710 6687 6687 1714 1714 6688 6688 1718 1718 6689 6689 1710 1710 6690 6690 1718 1718 6691 6691 1717 1717 6692 6692 1711 1711 6693 6693 1717 1717 6694 6694 1719 1719 6695 6695 1720 1720 6696 6696 1711 1711 6697 6697 1719 1719 6698 6698 1720 1720 6699 6699 1719 1719 6700 6700 1721 1721 6701 6701 1719 1719 6702 6702 1717 1717 6703 6703 1722 1722 6704 6704 1717 1717 6705 6705 1718 1718 6706 6706 1722 1722 6707 6707 1719 1719 6708 6708 1723 1723 6709 6709 1721 1721 6710 6710 1723 1723 6711 6711 1719 1719 6712 6712 1722 1722 6713 6713 1721 1721 6714 6714 1723 1723 6715 6715 1724 1724 6716 6716 1725 1725 6717 6717 1722 1722 6718 6718 1718 1718 6719 6719 1725 1725 6720 6720 1723 1723 6721 6721 1722 1722 6722 6722 1723 1723 6723 6723 1725 1725 6724 6724 1726 1726 6725 6725 1725 1725 6726 6726 1727 1727 6727 6727 1726 1726 6728 6728 1723 1723 6729 6729 1728 1728 6730 6730 1724 1724 6731 6731 1723 1723 6732 6732 1726 1726 6733 6733 1728 1728 6734 6734 1724 1724 6735 6735 1728 1728 6736 6736 1729 1729 6737 6737 1728 1728 6738 6738 1730 1730 6739 6739 1729 1729 6740 6740 1728 1728 6741 6741 1726 1726 6742 6742 1730 1730 6743 6743 1726 1726 6744 6744 1731 1731 6745 6745 1730 1730 6746 6746 1732 1732 6747 6747 1731 1731 6748 6748 1726 1726 6749 6749 1733 1733 6750 6750 1725 1725 6751 6751 1718 1718 6752 6752 1725 1725 6753 6753 1733 1733 6754 6754 1727 1727 6755 6755 1714 1714 6756 6756 1733 1733 6757 6757 1718 1718 6758 6758 1734 1734 6759 6759 1732 1732 6760 6760 1726 1726 6761 6761 1727 1727 6762 6762 1734 1734 6763 6763 1726 1726 6764 6764 1735 1735 6765 6765 1732 1732 6766 6766 1734 1734 6767 6767 1736 1736 6768 6768 1733 1733 6769 6769 1714 1714 6770 6770 1733 1733 6771 6771 1736 1736 6772 6772 1727 1727 6773 6773 1736 1736 6774 6774 1714 1714 6775 6775 1716 1716 6776 6776 1737 1737 6777 6777 1735 1735 6778 6778 1734 1734 6779 6779 1734 1734 6780 6780 1727 1727 6781 6781 1737 1737 6782 6782 1735 1735 6783 6783 1737 1737 6784 6784 1738 1738 6785 6785 1739 1739 6786 6786 1736 1736 6787 6787 1716 1716 6788 6788 1727 1727 6789 6789 1736 1736 6790 6790 1739 1739 6791 6791 1727 1727 6792 6792 1740 1740 6793 6793 1737 1737 6794 6794 1740 1740 6795 6795 1727 1727 6796 6796 1739 1739 6797 6797 1741 1741 6798 6798 1738 1738 6799 6799 1737 1737 6800 6800 1740 1740 6801 6801 1741 1741 6802 6802 1737 1737 6803 6803 1742 1742 6804 6804 1739 1739 6805 6805 1716 1716 6806 6806 1739 1739 6807 6807 1742 1742 6808 6808 1743 1743 6809 6809 1713 1713 6810 6810 1742 1742 6811 6811 1716 1716 6812 6812 1744 1744 6813 6813 1740 1740 6814 6814 1739 1739 6815 6815 1741 1741 6816 6816 1740 1740 6817 6817 1744 1744 6818 6818 1744 1744 6819 6819 1739 1739 6820 6820 1743 1743 6821 6821 1741 1741 6822 6822 1745 1745 6823 6823 1738 1738 6824 6824 1745 1745 6825 6825 1746 1746 6826 6826 1738 1738 6827 6827 1747 1747 6828 6828 1746 1746 6829 6829 1745 1745 6830 6830 1742 1742 6831 6831 1713 1713 6832 6832 1748 1748 6833 6833 1713 1713 6834 6834 1715 1715 6835 6835 1748 1748 6836 6836 1749 1749 6837 6837 1741 1741 6838 6838 1744 1744 6839 6839 1741 1741 6840 6840 1749 1749 6841 6841 1745 1745 6842 6842 1743 1743 6843 6843 1750 1750 6844 6844 1744 1744 6845 6845 1750 1750 6846 6846 1749 1749 6847 6847 1744 1744 6848 6848 1742 1742 6849 6849 1748 1748 6850 6850 1751 1751 6851 6851 1743 1743 6852 6852 1742 1742 6853 6853 1751 1751 6854 6854 1752 1752 6855 6855 1747 1747 6856 6856 1745 1745 6857 6857 1745 1745 6858 6858 1749 1749 6859 6859 1753 1753 6860 6860 1745 1745 6861 6861 1753 1753 6862 6862 1752 1752 6863 6863 1747 1747 6864 6864 1752 1752 6865 6865 1754 1754 6866 6866 1755 1755 6867 6867 1747 1747 6868 6868 1754 1754 6869 6869 1755 1755 6870 6870 1754 1754 6871 6871 1756 1756 6872 6872 1754 1754 6873 6873 1752 1752 6874 6874 1757 1757 6875 6875 1752 1752 6876 6876 1753 1753 6877 6877 1757 1757 6878 6878 1754 1754 6879 6879 1758 1758 6880 6880 1756 1756 6881 6881 1758 1758 6882 6882 1754 1754 6883 6883 1757 1757 6884 6884 1756 1756 6885 6885 1758 1758 6886 6886 1759 1759 6887 6887 1749 1749 6888 6888 1760 1760 6889 6889 1753 1753 6890 6890 1749 1749 6891 6891 1750 1750 6892 6892 1760 1760 6893 6893 1761 1761 6894 6894 1757 1757 6895 6895 1753 1753 6896 6896 1761 1761 6897 6897 1758 1758 6898 6898 1757 1757 6899 6899 1760 1760 6900 6900 1761 1761 6901 6901 1753 1753 6902 6902 1758 1758 6903 6903 1761 1761 6904 6904 1762 1762 6905 6905 1761 1761 6906 6906 1760 1760 6907 6907 1763 1763 6908 6908 1761 1761 6909 6909 1763 1763 6910 6910 1762 1762 6911 6911 1758 1758 6912 6912 1764 1764 6913 6913 1759 1759 6914 6914 1758 1758 6915 6915 1762 1762 6916 6916 1764 1764 6917 6917 1759 1759 6918 6918 1764 1764 6919 6919 1765 1765 6920 6920 1764 1764 6921 6921 1766 1766 6922 6922 1765 1765 6923 6923 1764 1764 6924 6924 1762 1762 6925 6925 1766 1766 6926 6926 1762 1762 6927 6927 1767 1767 6928 6928 1766 1766 6929 6929 1768 1768 6930 6930 1767 1767 6931 6931 1762 1762 6932 6932 1769 1769 6933 6933 1768 1768 6934 6934 1762 1762 6935 6935 1763 1763 6936 6936 1769 1769 6937 6937 1762 1762 6938 6938 1770 1770 6939 6939 1768 1768 6940 6940 1769 1769 6941 6941 1771 1771 6942 6942 1770 1770 6943 6943 1769 1769 6944 6944 1769 1769 6945 6945 1763 1763 6946 6946 1771 1771 6947 6947 1770 1770 6948 6948 1771 1771 6949 6949 1772 1772 6950 6950 1760 1760 6951 6951 1773 1773 6952 6952 1763 1763 6953 6953 1750 1750 6954 6954 1773 1773 6955 6955 1760 1760 6956 6956 1750 1750 6957 6957 1774 1774 6958 6958 1773 1773 6959 6959 1763 1763 6960 6960 1773 1773 6961 6961 1774 1774 6962 6962 1774 1774 6963 6963 1750 1750 6964 6964 1743 1743 6965 6965 1775 1775 6966 6966 1774 1774 6967 6967 1743 1743 6968 6968 1776 1776 6969 6969 1763 1763 6970 6970 1774 1774 6971 6971 1763 1763 6972 6972 1776 1776 6973 6973 1771 1771 6974 6974 1776 1776 6975 6975 1774 1774 6976 6976 1775 1775 6977 6977 1776 1776 6978 6978 1777 1777 6979 6979 1771 1771 6980 6980 1777 1777 6981 6981 1772 1772 6982 6982 1771 1771 6983 6983 1777 1777 6984 6984 1776 1776 6985 6985 1775 1775 6986 6986 1775 1775 6987 6987 1743 1743 6988 6988 1778 1778 6989 6989 1743 1743 6990 6990 1751 1751 6991 6991 1778 1778 6992 6992 1777 1777 6993 6993 1779 1779 6994 6994 1772 1772 6995 6995 1777 1777 6996 6996 1775 1775 6997 6997 1780 1780 6998 6998 1779 1779 6999 6999 1777 1777 7000 7000 1780 1780 7001 7001 1779 1779 7002 7002 1781 1781 7003 7003 1772 1772 7004 7004 1782 1782 7005 7005 1772 1772 7006 7006 1781 1781 7007 7007 1779 1779 7008 7008 1783 1783 7009 7009 1781 1781 7010 7010 1779 1779 7011 7011 1780 1780 7012 7012 1783 1783 7013 7013 1784 1784 7014 7014 1782 1782 7015 7015 1781 1781 7016 7016 1781 1781 7017 7017 1783 1783 7018 7018 1784 1784 7019 7019 1782 1782 7020 7020 1784 1784 7021 7021 1785 1785 7022 7022 1786 1786 7023 7023 1782 1782 7024 7024 1785 1785 7025 7025 1786 1786 7026 7026 1785 1785 7027 7027 1787 1787 7028 7028 1785 1785 7029 7029 1788 1788 7030 7030 1787 1787 7031 7031 1787 1787 7032 7032 1788 1788 7033 7033 1789 1789 7034 7034 1785 1785 7035 7035 1784 1784 7036 7036 1790 1790 7037 7037 1788 1788 7038 7038 1785 1785 7039 7039 1790 1790 7040 7040 1784 1784 7041 7041 1791 1791 7042 7042 1790 1790 7043 7043 1783 1783 7044 7044 1791 1791 7045 7045 1784 1784 7046 7046 1792 1792 7047 7047 1790 1790 7048 7048 1791 1791 7049 7049 1792 1792 7050 7050 1788 1788 7051 7051 1790 1790 7052 7052 1788 1788 7053 7053 1792 1792 7054 7054 1793 1793 7055 7055 1792 1792 7056 7056 1794 1794 7057 7057 1793 1793 7058 7058 1788 1788 7059 7059 1795 1795 7060 7060 1789 1789 7061 7061 1788 1788 7062 7062 1793 1793 7063 7063 1795 1795 7064 7064 1789 1789 7065 7065 1795 1795 7066 7066 1796 1796 7067 7067 1795 1795 7068 7068 1797 1797 7069 7069 1796 1796 7070 7070 1795 1795 7071 7071 1793 1793 7072 7072 1797 1797 7073 7073 1793 1793 7074 7074 1798 1798 7075 7075 1797 1797 7076 7076 1799 1799 7077 7077 1798 1798 7078 7078 1793 1793 7079 7079 1800 1800 7080 7080 1792 1792 7081 7081 1791 1791 7082 7082 1783 1783 7083 7083 1800 1800 7084 7084 1791 1791 7085 7085 1792 1792 7086 7086 1800 1800 7087 7087 1794 1794 7088 7088 1801 1801 7089 7089 1799 1799 7090 7090 1793 1793 7091 7091 1794 1794 7092 7092 1801 1801 7093 7093 1793 1793 7094 7094 1802 1802 7095 7095 1799 1799 7096 7096 1801 1801 7097 7097 1803 1803 7098 7098 1802 1802 7099 7099 1801 1801 7100 7100 1801 1801 7101 7101 1794 1794 7102 7102 1803 1803 7103 7103 1802 1802 7104 7104 1803 1803 7105 7105 1804 1804 7106 7106 1783 1783 7107 7107 1805 1805 7108 7108 1800 1800 7109 7109 1780 1780 7110 7110 1805 1805 7111 7111 1783 1783 7112 7112 1806 1806 7113 7113 1804 1804 7114 7114 1803 1803 7115 7115 1804 1804 7116 7116 1806 1806 7117 7117 1807 1807 7118 7118 1800 1800 7119 7119 1808 1808 7120 7120 1794 1794 7121 7121 1805 1805 7122 7122 1808 1808 7123 7123 1800 1800 7124 7124 1780 1780 7125 7125 1809 1809 7126 7126 1805 1805 7127 7127 1809 1809 7128 7128 1780 1780 7129 7129 1775 1775 7130 7130 1805 1805 7131 7131 1810 1810 7132 7132 1808 1808 7133 7133 1794 1794 7134 7134 1808 1808 7135 7135 1810 1810 7136 7136 1810 1810 7137 7137 1805 1805 7138 7138 1809 1809 7139 7139 1794 1794 7140 7140 1811 1811 7141 7141 1803 1803 7142 7142 1811 1811 7143 7143 1806 1806 7144 7144 1803 1803 7145 7145 1811 1811 7146 7146 1794 1794 7147 7147 1810 1810 7148 7148 1811 1811 7149 7149 1810 1810 7150 7150 1812 1812 7151 7151 1806 1806 7152 7152 1811 1811 7153 7153 1812 1812 7154 7154 1806 1806 7155 7155 1813 1813 7156 7156 1807 1807 7157 7157 1814 1814 7158 7158 1807 1807 7159 7159 1813 1813 7160 7160 1809 1809 7161 7161 1775 1775 7162 7162 1815 1815 7163 7163 1775 1775 7164 7164 1778 1778 7165 7165 1815 1815 7166 7166 1816 1816 7167 7167 1810 1810 7168 7168 1809 1809 7169 7169 1810 1810 7170 7170 1816 1816 7171 7171 1812 1812 7172 7172 1817 1817 7173 7173 1806 1806 7174 7174 1812 1812 7175 7175 1806 1806 7176 7176 1817 1817 7177 7177 1813 1813 7178 7178 1809 1809 7179 7179 1815 1815 7180 7180 1818 1818 7181 7181 1816 1816 7182 7182 1809 1809 7183 7183 1818 1818 7184 7184 1819 1819 7185 7185 1817 1817 7186 7186 1812 1812 7187 7187 1816 1816 7188 7188 1819 1819 7189 7189 1812 1812 7190 7190 1820 1820 7191 7191 1814 1814 7192 7192 1813 1813 7193 7193 1813 1813 7194 7194 1817 1817 7195 7195 1821 1821 7196 7196 1813 1813 7197 7197 1821 1821 7198 7198 1820 1820 7199 7199 1814 1814 7200 7200 1820 1820 7201 7201 1822 1822 7202 7202 1823 1823 7203 7203 1814 1814 7204 7204 1822 1822 7205 7205 1823 1823 7206 7206 1822 1822 7207 7207 1824 1824 7208 7208 1822 1822 7209 7209 1820 1820 7210 7210 1825 1825 7211 7211 1820 1820 7212 7212 1821 1821 7213 7213 1825 1825 7214 7214 1822 1822 7215 7215 1826 1826 7216 7216 1824 1824 7217 7217 1826 1826 7218 7218 1822 1822 7219 7219 1825 1825 7220 7220 1824 1824 7221 7221 1826 1826 7222 7222 1827 1827 7223 7223 1828 1828 7224 7224 1825 1825 7225 7225 1821 1821 7226 7226 1828 1828 7227 7227 1826 1826 7228 7228 1825 1825 7229 7229 1826 1826 7230 7230 1828 1828 7231 7231 1829 1829 7232 7232 1828 1828 7233 7233 1830 1830 7234 7234 1829 1829 7235 7235 1826 1826 7236 7236 1831 1831 7237 7237 1827 1827 7238 7238 1826 1826 7239 7239 1829 1829 7240 7240 1831 1831 7241 7241 1827 1827 7242 7242 1831 1831 7243 7243 1832 1832 7244 7244 1831 1831 7245 7245 1833 1833 7246 7246 1832 1832 7247 7247 1831 1831 7248 7248 1829 1829 7249 7249 1833 1833 7250 7250 1829 1829 7251 7251 1834 1834 7252 7252 1833 1833 7253 7253 1835 1835 7254 7254 1834 1834 7255 7255 1829 1829 7256 7256 1836 1836 7257 7257 1828 1828 7258 7258 1821 1821 7259 7259 1828 1828 7260 7260 1836 1836 7261 7261 1830 1830 7262 7262 1817 1817 7263 7263 1836 1836 7264 7264 1821 1821 7265 7265 1837 1837 7266 7266 1835 1835 7267 7267 1829 1829 7268 7268 1830 1830 7269 7269 1837 1837 7270 7270 1829 1829 7271 7271 1838 1838 7272 7272 1835 1835 7273 7273 1837 1837 7274 7274 1839 1839 7275 7275 1836 1836 7276 7276 1817 1817 7277 7277 1836 1836 7278 7278 1839 1839 7279 7279 1830 1830 7280 7280 1830 1830 7281 7281 1839 1839 7282 7282 1840 1840 7283 7283 1839 1839 7284 7284 1817 1817 7285 7285 1819 1819 7286 7286 1840 1840 7287 7287 1839 1839 7288 7288 1819 1819 7289 7289 1841 1841 7290 7290 1838 1838 7291 7291 1837 1837 7292 7292 1837 1837 7293 7293 1830 1830 7294 7294 1841 1841 7295 7295 1838 1838 7296 7296 1841 1841 7297 7297 1842 1842 7298 7298 1830 1830 7299 7299 1843 1843 7300 7300 1841 1841 7301 7301 1843 1843 7302 7302 1830 1830 7303 7303 1840 1840 7304 7304 1844 1844 7305 7305 1842 1842 7306 7306 1841 1841 7307 7307 1843 1843 7308 7308 1844 1844 7309 7309 1841 1841 7310 7310 1840 1840 7311 7311 1819 1819 7312 7312 1845 1845 7313 7313 1816 1816 7314 7314 1845 1845 7315 7315 1819 1819 7316 7316 1844 1844 7317 7317 1846 1846 7318 7318 1842 1842 7319 7319 1846 1846 7320 7320 1847 1847 7321 7321 1842 1842 7322 7322 1848 1848 7323 7323 1847 1847 7324 7324 1846 1846 7325 7325 1844 1844 7326 7326 1843 1843 7327 7327 1849 1849 7328 7328 1849 1849 7329 7329 1843 1843 7330 7330 1840 1840 7331 7331 1849 1849 7332 7332 1840 1840 7333 7333 1850 1850 7334 7334 1851 1851 7335 7335 1844 1844 7336 7336 1849 1849 7337 7337 1844 1844 7338 7338 1851 1851 7339 7339 1846 1846 7340 7340 1852 1852 7341 7341 1840 1840 7342 7342 1845 1845 7343 7343 1840 1840 7344 7344 1852 1852 7345 7345 1850 1850 7346 7346 1845 1845 7347 7347 1816 1816 7348 7348 1853 1853 7349 7349 1816 1816 7350 7350 1818 1818 7351 7351 1853 1853 7352 7352 1852 1852 7353 7353 1845 1845 7354 7354 1854 1854 7355 7355 1845 1845 7356 7356 1853 1853 7357 7357 1854 1854 7358 7358 1855 1855 7359 7359 1851 1851 7360 7360 1849 1849 7361 7361 1850 1850 7362 7362 1855 1855 7363 7363 1849 1849 7364 7364 1852 1852 7365 7365 1854 1854 7366 7366 1856 1856 7367 7367 1850 1850 7368 7368 1852 1852 7369 7369 1856 1856 7370 7370 1857 1857 7371 7371 1848 1848 7372 7372 1846 1846 7373 7373 1846 1846 7374 7374 1851 1851 7375 7375 1858 1858 7376 7376 1846 1846 7377 7377 1858 1858 7378 7378 1857 1857 7379 7379 1848 1848 7380 7380 1857 1857 7381 7381 1859 1859 7382 7382 1860 1860 7383 7383 1848 1848 7384 7384 1859 1859 7385 7385 1860 1860 7386 7386 1859 1859 7387 7387 1861 1861 7388 7388 1859 1859 7389 7389 1857 1857 7390 7390 1862 1862 7391 7391 1857 1857 7392 7392 1858 1858 7393 7393 1862 1862 7394 7394 1859 1859 7395 7395 1863 1863 7396 7396 1861 1861 7397 7397 1863 1863 7398 7398 1859 1859 7399 7399 1862 1862 7400 7400 1861 1861 7401 7401 1863 1863 7402 7402 1864 1864 7403 7403 1851 1851 7404 7404 1865 1865 7405 7405 1858 1858 7406 7406 1851 1851 7407 7407 1855 1855 7408 7408 1865 1865 7409 7409 1866 1866 7410 7410 1862 1862 7411 7411 1858 1858 7412 7412 1866 1866 7413 7413 1863 1863 7414 7414 1862 1862 7415 7415 1865 1865 7416 7416 1866 1866 7417 7417 1858 1858 7418 7418 1863 1863 7419 7419 1866 1866 7420 7420 1867 1867 7421 7421 1866 1866 7422 7422 1865 1865 7423 7423 1868 1868 7424 7424 1866 1866 7425 7425 1868 1868 7426 7426 1867 1867 7427 7427 1863 1863 7428 7428 1869 1869 7429 7429 1864 1864 7430 7430 1863 1863 7431 7431 1867 1867 7432 7432 1869 1869 7433 7433 1864 1864 7434 7434 1869 1869 7435 7435 1870 1870 7436 7436 1869 1869 7437 7437 1871 1871 7438 7438 1870 1870 7439 7439 1869 1869 7440 7440 1867 1867 7441 7441 1871 1871 7442 7442 1867 1867 7443 7443 1872 1872 7444 7444 1871 1871 7445 7445 1873 1873 7446 7446 1872 1872 7447 7447 1867 1867 7448 7448 1874 1874 7449 7449 1873 1873 7450 7450 1867 1867 7451 7451 1868 1868 7452 7452 1874 1874 7453 7453 1867 1867 7454 7454 1875 1875 7455 7455 1873 1873 7456 7456 1874 1874 7457 7457 1876 1876 7458 7458 1875 1875 7459 7459 1874 1874 7460 7460 1874 1874 7461 7461 1868 1868 7462 7462 1876 1876 7463 7463 1875 1875 7464 7464 1876 1876 7465 7465 1877 1877 7466 7466 1865 1865 7467 7467 1878 1878 7468 7468 1868 1868 7469 7469 1855 1855 7470 7470 1878 1878 7471 7471 1865 1865 7472 7472 1855 1855 7473 7473 1879 1879 7474 7474 1878 1878 7475 7475 1868 1868 7476 7476 1878 1878 7477 7477 1879 1879 7478 7478 1879 1879 7479 7479 1855 1855 7480 7480 1850 1850 7481 7481 1880 1880 7482 7482 1879 1879 7483 7483 1850 1850 7484 7484 1881 1881 7485 7485 1868 1868 7486 7486 1879 1879 7487 7487 1868 1868 7488 7488 1881 1881 7489 7489 1876 1876 7490 7490 1881 1881 7491 7491 1879 1879 7492 7492 1880 1880 7493 7493 1881 1881 7494 7494 1882 1882 7495 7495 1876 1876 7496 7496 1882 1882 7497 7497 1877 1877 7498 7498 1876 1876 7499 7499 1882 1882 7500 7500 1881 1881 7501 7501 1880 1880 7502 7502 1880 1880 7503 7503 1850 1850 7504 7504 1883 1883 7505 7505 1850 1850 7506 7506 1856 1856 7507 7507 1883 1883 7508 7508 1882 1882 7509 7509 1884 1884 7510 7510 1877 1877 7511 7511 1880 1880 7512 7512 1885 1885 7513 7513 1882 1882 7514 7514 1885 1885 7515 7515 1884 1884 7516 7516 1882 1882 7517 7517 1884 1884 7518 7518 1886 1886 7519 7519 1877 1877 7520 7520 1887 1887 7521 7521 1877 1877 7522 7522 1886 1886 7523 7523 1884 1884 7524 7524 1888 1888 7525 7525 1886 1886 7526 7526 1884 1884 7527 7527 1885 1885 7528 7528 1888 1888 7529 7529 1889 1889 7530 7530 1887 1887 7531 7531 1886 1886 7532 7532 1886 1886 7533 7533 1888 1888 7534 7534 1889 1889 7535 7535 1887 1887 7536 7536 1889 1889 7537 7537 1890 1890 7538 7538 1891 1891 7539 7539 1887 1887 7540 7540 1890 1890 7541 7541 1891 1891 7542 7542 1890 1890 7543 7543 1892 1892 7544 7544 1890 1890 7545 7545 1893 1893 7546 7546 1892 1892 7547 7547 1892 1892 7548 7548 1893 1893 7549 7549 1894 1894 7550 7550 1890 1890 7551 7551 1889 1889 7552 7552 1895 1895 7553 7553 1893 1893 7554 7554 1890 1890 7555 7555 1895 1895 7556 7556 1889 1889 7557 7557 1896 1896 7558 7558 1895 1895 7559 7559 1888 1888 7560 7560 1896 1896 7561 7561 1889 1889 7562 7562 1897 1897 7563 7563 1895 1895 7564 7564 1896 1896 7565 7565 1897 1897 7566 7566 1893 1893 7567 7567 1895 1895 7568 7568 1893 1893 7569 7569 1897 1897 7570 7570 1898 1898 7571 7571 1897 1897 7572 7572 1899 1899 7573 7573 1898 1898 7574 7574 1893 1893 7575 7575 1900 1900 7576 7576 1894 1894 7577 7577 1893 1893 7578 7578 1898 1898 7579 7579 1900 1900 7580 7580 1894 1894 7581 7581 1900 1900 7582 7582 1901 1901 7583 7583 1900 1900 7584 7584 1902 1902 7585 7585 1901 1901 7586 7586 1900 1900 7587 7587 1898 1898 7588 7588 1902 1902 7589 7589 1898 1898 7590 7590 1903 1903 7591 7591 1902 1902 7592 7592 1904 1904 7593 7593 1903 1903 7594 7594 1898 1898 7595 7595 1905 1905 7596 7596 1897 1897 7597 7597 1896 1896 7598 7598 1888 1888 7599 7599 1905 1905 7600 7600 1896 1896 7601 7601 1897 1897 7602 7602 1905 1905 7603 7603 1899 1899 7604 7604 1906 1906 7605 7605 1904 1904 7606 7606 1898 1898 7607 7607 1899 1899 7608 7608 1906 1906 7609 7609 1898 1898 7610 7610 1907 1907 7611 7611 1904 1904 7612 7612 1906 1906 7613 7613 1908 1908 7614 7614 1907 1907 7615 7615 1906 1906 7616 7616 1906 1906 7617 7617 1899 1899 7618 7618 1908 1908 7619 7619 1907 1907 7620 7620 1908 1908 7621 7621 1909 1909 7622 7622 1888 1888 7623 7623 1910 1910 7624 7624 1905 1905 7625 7625 1885 1885 7626 7626 1910 1910 7627 7627 1888 1888 7628 7628 1911 1911 7629 7629 1909 1909 7630 7630 1908 1908 7631 7631 1909 1909 7632 7632 1911 1911 7633 7633 1912 1912 7634 7634 1905 1905 7635 7635 1913 1913 7636 7636 1899 1899 7637 7637 1910 1910 7638 7638 1913 1913 7639 7639 1905 1905 7640 7640 1885 1885 7641 7641 1914 1914 7642 7642 1910 1910 7643 7643 1880 1880 7644 7644 1914 1914 7645 7645 1885 1885 7646 7646 1910 1910 7647 7647 1915 1915 7648 7648 1913 1913 7649 7649 1899 1899 7650 7650 1913 1913 7651 7651 1915 1915 7652 7652 1915 1915 7653 7653 1910 1910 7654 7654 1914 1914 7655 7655 1899 1899 7656 7656 1916 1916 7657 7657 1908 1908 7658 7658 1916 1916 7659 7659 1911 1911 7660 7660 1908 1908 7661 7661 1916 1916 7662 7662 1899 1899 7663 7663 1915 1915 7664 7664 1916 1916 7665 7665 1915 1915 7666 7666 1917 1917 7667 7667 1911 1911 7668 7668 1916 1916 7669 7669 1917 1917 7670 7670 1911 1911 7671 7671 1918 1918 7672 7672 1912 1912 7673 7673 1919 1919 7674 7674 1912 1912 7675 7675 1918 1918 7676 7676 1914 1914 7677 7677 1880 1880 7678 7678 1920 1920 7679 7679 1880 1880 7680 7680 1883 1883 7681 7681 1920 1920 7682 7682 1921 1921 7683 7683 1915 1915 7684 7684 1914 1914 7685 7685 1915 1915 7686 7686 1921 1921 7687 7687 1917 1917 7688 7688 1922 1922 7689 7689 1911 1911 7690 7690 1917 1917 7691 7691 1911 1911 7692 7692 1922 1922 7693 7693 1918 1918 7694 7694 1914 1914 7695 7695 1920 1920 7696 7696 1923 1923 7697 7697 1921 1921 7698 7698 1914 1914 7699 7699 1923 1923 7700 7700 1924 1924 7701 7701 1922 1922 7702 7702 1917 1917 7703 7703 1921 1921 7704 7704 1924 1924 7705 7705 1917 1917 7706 7706 1925 1925 7707 7707 1919 1919 7708 7708 1918 1918 7709 7709 1918 1918 7710 7710 1922 1922 7711 7711 1926 1926 7712 7712 1918 1918 7713 7713 1926 1926 7714 7714 1925 1925 7715 7715 1919 1919 7716 7716 1925 1925 7717 7717 1927 1927 7718 7718 1928 1928 7719 7719 1919 1919 7720 7720 1927 1927 7721 7721 1928 1928 7722 7722 1927 1927 7723 7723 1929 1929 7724 7724 1927 1927 7725 7725 1925 1925 7726 7726 1930 1930 7727 7727 1925 1925 7728 7728 1926 1926 7729 7729 1930 1930 7730 7730 1927 1927 7731 7731 1931 1931 7732 7732 1929 1929 7733 7733 1931 1931 7734 7734 1927 1927 7735 7735 1930 1930 7736 7736 1929 1929 7737 7737 1931 1931 7738 7738 1932 1932 7739 7739 1933 1933 7740 7740 1930 1930 7741 7741 1926 1926 7742 7742 1933 1933 7743 7743 1931 1931 7744 7744 1930 1930 7745 7745 1922 1922 7746 7746 1934 1934 7747 7747 1926 1926 7748 7748 1934 1934 7749 7749 1933 1933 7750 7750 1926 1926 7751 7751 1931 1931 7752 7752 1935 1935 7753 7753 1932 1932 7754 7754 1932 1932 7755 7755 1935 1935 7756 7756 1936 1936 7757 7757 1935 1935 7758 7758 1561 1561 7759 7759 1936 1936 7760 7760 1935 1935 7761 7761 1558 1558 7762 7762 1561 1561 7763 7763 1931 1931 7764 7764 1558 1558 7765 7765 1935 1935 7766 7766 1931 1931 7767 7767 1933 1933 7768 7768 1558 1558 7769 7769 1933 1933 7770 7770 1557 1557 7771 7771 1558 1558 7772 7772 1933 1933 7773 7773 1934 1934 7774 7774 1557 1557 7775 7775 1937 1937 7776 7776 1934 1934 7777 7777 1922 1922 7778 7778 1934 1934 7779 7779 1937 1937 7780 7780 1557 1557 7781 7781 1937 1937 7782 7782 1922 1922 7783 7783 1924 1924 7784 7784 1557 1557 7785 7785 1937 1937 7786 7786 1566 1566 7787 7787 1566 1566 7788 7788 1937 1937 7789 7789 1924 1924 7790 7790 1566 1566 7791 7791 1924 1924 7792 7792 1938 1938 7793 7793 1565 1565 7794 7794 1566 1566 7795 7795 1938 1938 7796 7796 1921 1921 7797 7797 1938 1938 7798 7798 1924 1924 7799 7799 1565 1565 7800 7800 1938 1938 7801 7801 1939 1939 7802 7802 1565 1565 7803 7803 1939 1939 7804 7804 1613 1613 7805 7805 1938 1938 7806 7806 1921 1921 7807 7807 1940 1940 7808 7808 1938 1938 7809 7809 1940 1940 7810 7810 1939 1939 7811 7811 1939 1939 7812 7812 1940 1940 7813 7813 1941 1941 7814 7814 1921 1921 7815 7815 1923 1923 7816 7816 1940 1940 7817 7817 1613 1613 7818 7818 1939 1939 7819 7819 1942 1942 7820 7820 1939 1939 7821 7821 1941 1941 7822 7822 1942 1942 7823 7823 1940 1940 7824 7824 1923 1923 7825 7825 1943 1943 7826 7826 1940 1940 7827 7827 1943 1943 7828 7828 1941 1941 7829 7829 1613 1613 7830 7830 1942 1942 7831 7831 1944 1944 7832 7832 1611 1611 7833 7833 1613 1613 7834 7834 1944 1944 7835 7835 1923 1923 7836 7836 1945 1945 7837 7837 1943 1943 7838 7838 1923 1923 7839 7839 1920 1920 7840 7840 1945 1945 7841 7841 1943 1943 7842 7842 1945 1945 7843 7843 1946 1946 7844 7844 1941 1941 7845 7845 1943 1943 7846 7846 1946 1946 7847 7847 1920 1920 7848 7848 1947 1947 7849 7849 1945 1945 7850 7850 1945 1945 7851 7851 1947 1947 7852 7852 1946 1946 7853 7853 1920 1920 7854 7854 1883 1883 7855 7855 1947 1947 7856 7856 1883 1883 7857 7857 1946 1946 7858 7858 1947 1947 7859 7859 1883 1883 7860 7860 1856 1856 7861 7861 1946 1946 7862 7862 1856 1856 7863 7863 1948 1948 7864 7864 1946 1946 7865 7865 1941 1941 7866 7866 1946 1946 7867 7867 1948 1948 7868 7868 1856 1856 7869 7869 1854 1854 7870 7870 1948 1948 7871 7871 1854 1854 7872 7872 1949 1949 7873 7873 1948 1948 7874 7874 1941 1941 7875 7875 1948 1948 7876 7876 1949 1949 7877 7877 1854 1854 7878 7878 1853 1853 7879 7879 1949 1949 7880 7880 1941 1941 7881 7881 1949 1949 7882 7882 1950 1950 7883 7883 1853 1853 7884 7884 1950 1950 7885 7885 1949 1949 7886 7886 1942 1942 7887 7887 1941 1941 7888 7888 1950 1950 7889 7889 1853 1853 7890 7890 1818 1818 7891 7891 1950 1950 7892 7892 1944 1944 7893 7893 1942 1942 7894 7894 1950 1950 7895 7895 1818 1818 7896 7896 1951 1951 7897 7897 1950 1950 7898 7898 1944 1944 7899 7899 1950 1950 7900 7900 1951 1951 7901 7901 1818 1818 7902 7902 1815 1815 7903 7903 1951 1951 7904 7904 1952 1952 7905 7905 1944 1944 7906 7906 1951 1951 7907 7907 1611 1611 7908 7908 1944 1944 7909 7909 1952 1952 7910 7910 1612 1612 7911 7911 1611 1611 7912 7912 1952 1952 7913 7913 1815 1815 7914 7914 1953 1953 7915 7915 1951 1951 7916 7916 1952 1952 7917 7917 1951 1951 7918 7918 1953 1953 7919 7919 1815 1815 7920 7920 1778 1778 7921 7921 1953 1953 7922 7922 1778 1778 7923 7923 1954 1954 7924 7924 1953 1953 7925 7925 1952 1952 7926 7926 1953 1953 7927 7927 1954 1954 7928 7928 1778 1778 7929 7929 1751 1751 7930 7930 1954 1954 7931 7931 1612 1612 7932 7932 1952 1952 7933 7933 1955 1955 7934 7934 1955 1955 7935 7935 1952 1952 7936 7936 1954 1954 7937 7937 1645 1645 7938 7938 1612 1612 7939 7939 1955 1955 7940 7940 1751 1751 7941 7941 1956 1956 7942 7942 1954 1954 7943 7943 1955 1955 7944 7944 1954 1954 7945 7945 1956 1956 7946 7946 1751 1751 7947 7947 1748 1748 7948 7948 1956 1956 7949 7949 1645 1645 7950 7950 1955 1955 7951 7951 1957 1957 7952 7952 1957 1957 7953 7953 1955 1955 7954 7954 1956 1956 7955 7955 1648 1648 7956 7956 1645 1645 7957 7957 1957 1957 7958 7958 1748 1748 7959 7959 1958 1958 7960 7960 1956 1956 7961 7961 1957 1957 7962 7962 1956 1956 7963 7963 1958 1958 7964 7964 1748 1748 7965 7965 1715 1715 7966 7966 1958 1958 7967 7967 1648 1648 7968 7968 1957 1957 7969 7969 1959 1959 7970 7970 1959 1959 7971 7971 1957 1957 7972 7972 1958 1958 7973 7973 1675 1675 7974 7974 1648 1648 7975 7975 1959 1959 7976 7976 1675 1675 7977 7977 1959 1959 7978 7978 1960 1960 7979 7979 1960 1960 7980 7980 1959 1959 7981 7981 1958 1958 7982 7982 1712 1712 7983 7983 1675 1675 7984 7984 1960 1960 7985 7985 1715 1715 7986 7986 1712 1712 7987 7987 1961 1961 7988 7988 1715 1715 7989 7989 1961 1961 7990 7990 1958 1958 7991 7991 1958 1958 7992 7992 1961 1961 7993 7993 1960 1960 7994 7994 1712 1712 7995 7995 1960 1960 7996 7996 1961 1961 7997 7997</p>
        </triangles>
      </mesh>
    </geometry>
  </library_geometries>
  <library_visual_scenes>
    <visual_scene id="Scene" name="Scene">
      <node id="Wheel_Rubber_Sleeve_03" name="Wheel Rubber Sleeve_03" type="NODE">
        <matrix sid="transform">7.54979e-8 -1.50996e-7 1 0 0 -1 -1.50996e-7 0 1 1.13999e-14 -7.54979e-8 0 0 0 0 1</matrix>
        <instance_geometry url="#Wheel_Rubber_Sleeve_03-mesh" name="Wheel Rubber Sleeve_03">
          <bind_material>
            <technique_common>
              <instance_material symbol="Lun-material" target="#Lun-material">
                <bind_vertex_input semantic="UV0" input_semantic="TEXCOORD" input_set="0"/>
              </instance_material>
              <instance_material symbol="SOMRTHING-material" target="#SOMRTHING-material">
                <bind_vertex_input semantic="UV0" input_semantic="TEXCOORD" input_set="0"/>
              </instance_material>
            </technique_common>
          </bind_material>
        </instance_geometry>
      </node>
    </visual_scene>
  </library_visual_scenes>
  <scene>
    <instance_visual_scene url="#Scene"/>
  </scene>
</COLLADA>